[2024-12-16 16:38:09] local.ERROR: Pusher error: cURL error 7: Failed to connect to localhost port 8080 after 0 ms: Couldn't connect to server (see https://curl.haxx.se/libcurl/c/libcurl-errors.html) for http://localhost:8080/apps/891607/events?auth_key=g5rnza9jzyjl2t0khkea&auth_timestamp=1734367088&auth_version=1.0&body_md5=82e3133fc14b581f299a41625eeb575b&auth_signature=529b3079bc693db8ac25d5dc89a1e07b8bb5968904c09ddaccf077f2d0e29e61. {"exception":"[object] (Illuminate\\Broadcasting\\BroadcastException(code: 0): Pusher error: cURL error 7: Failed to connect to localhost port 8080 after 0 ms: Couldn't connect to server (see https://curl.haxx.se/libcurl/c/libcurl-errors.html) for http://localhost:8080/apps/891607/events?auth_key=g5rnza9jzyjl2t0khkea&auth_timestamp=1734367088&auth_version=1.0&body_md5=82e3133fc14b581f299a41625eeb575b&auth_signature=529b3079bc693db8ac25d5dc89a1e07b8bb5968904c09ddaccf077f2d0e29e61. at /home/cainan/Documents/wirechat-app/vendor/laravel/framework/src/Illuminate/Broadcasting/Broadcasters/PusherBroadcaster.php:164)
[stacktrace]
#0 /home/cainan/Documents/wirechat-app/vendor/laravel/framework/src/Illuminate/Broadcasting/BroadcastEvent.php(92): Illuminate\\Broadcasting\\Broadcasters\\PusherBroadcaster->broadcast()
#1 /home/cainan/Documents/wirechat-app/vendor/laravel/framework/src/Illuminate/Container/BoundMethod.php(36): Illuminate\\Broadcasting\\BroadcastEvent->handle()
#2 /home/cainan/Documents/wirechat-app/vendor/laravel/framework/src/Illuminate/Container/Util.php(43): Illuminate\\Container\\BoundMethod::Illuminate\\Container\\{closure}()
#3 /home/cainan/Documents/wirechat-app/vendor/laravel/framework/src/Illuminate/Container/BoundMethod.php(95): Illuminate\\Container\\Util::unwrapIfClosure()
#4 /home/cainan/Documents/wirechat-app/vendor/laravel/framework/src/Illuminate/Container/BoundMethod.php(35): Illuminate\\Container\\BoundMethod::callBoundMethod()
#5 /home/cainan/Documents/wirechat-app/vendor/laravel/framework/src/Illuminate/Container/Container.php(694): Illuminate\\Container\\BoundMethod::call()
#6 /home/cainan/Documents/wirechat-app/vendor/laravel/framework/src/Illuminate/Bus/Dispatcher.php(126): Illuminate\\Container\\Container->call()
#7 /home/cainan/Documents/wirechat-app/vendor/laravel/framework/src/Illuminate/Pipeline/Pipeline.php(144): Illuminate\\Bus\\Dispatcher->Illuminate\\Bus\\{closure}()
#8 /home/cainan/Documents/wirechat-app/vendor/laravel/framework/src/Illuminate/Pipeline/Pipeline.php(119): Illuminate\\Pipeline\\Pipeline->Illuminate\\Pipeline\\{closure}()
#9 /home/cainan/Documents/wirechat-app/vendor/laravel/framework/src/Illuminate/Bus/Dispatcher.php(130): Illuminate\\Pipeline\\Pipeline->then()
#10 /home/cainan/Documents/wirechat-app/vendor/laravel/framework/src/Illuminate/Queue/CallQueuedHandler.php(124): Illuminate\\Bus\\Dispatcher->dispatchNow()
#11 /home/cainan/Documents/wirechat-app/vendor/laravel/framework/src/Illuminate/Pipeline/Pipeline.php(144): Illuminate\\Queue\\CallQueuedHandler->Illuminate\\Queue\\{closure}()
#12 /home/cainan/Documents/wirechat-app/vendor/laravel/framework/src/Illuminate/Pipeline/Pipeline.php(119): Illuminate\\Pipeline\\Pipeline->Illuminate\\Pipeline\\{closure}()
#13 /home/cainan/Documents/wirechat-app/vendor/laravel/framework/src/Illuminate/Queue/CallQueuedHandler.php(123): Illuminate\\Pipeline\\Pipeline->then()
#14 /home/cainan/Documents/wirechat-app/vendor/laravel/framework/src/Illuminate/Queue/CallQueuedHandler.php(71): Illuminate\\Queue\\CallQueuedHandler->dispatchThroughMiddleware()
#15 /home/cainan/Documents/wirechat-app/vendor/laravel/framework/src/Illuminate/Queue/Jobs/Job.php(102): Illuminate\\Queue\\CallQueuedHandler->call()
#16 /home/cainan/Documents/wirechat-app/vendor/laravel/framework/src/Illuminate/Queue/Worker.php(441): Illuminate\\Queue\\Jobs\\Job->fire()
#17 /home/cainan/Documents/wirechat-app/vendor/laravel/framework/src/Illuminate/Queue/Worker.php(391): Illuminate\\Queue\\Worker->process()
#18 /home/cainan/Documents/wirechat-app/vendor/laravel/framework/src/Illuminate/Queue/Worker.php(178): Illuminate\\Queue\\Worker->runJob()
#19 /home/cainan/Documents/wirechat-app/vendor/laravel/framework/src/Illuminate/Queue/Console/WorkCommand.php(148): Illuminate\\Queue\\Worker->daemon()
#20 /home/cainan/Documents/wirechat-app/vendor/laravel/framework/src/Illuminate/Queue/Console/WorkCommand.php(131): Illuminate\\Queue\\Console\\WorkCommand->runWorker()
#21 /home/cainan/Documents/wirechat-app/vendor/laravel/framework/src/Illuminate/Container/BoundMethod.php(36): Illuminate\\Queue\\Console\\WorkCommand->handle()
#22 /home/cainan/Documents/wirechat-app/vendor/laravel/framework/src/Illuminate/Container/Util.php(43): Illuminate\\Container\\BoundMethod::Illuminate\\Container\\{closure}()
#23 /home/cainan/Documents/wirechat-app/vendor/laravel/framework/src/Illuminate/Container/BoundMethod.php(95): Illuminate\\Container\\Util::unwrapIfClosure()
#24 /home/cainan/Documents/wirechat-app/vendor/laravel/framework/src/Illuminate/Container/BoundMethod.php(35): Illuminate\\Container\\BoundMethod::callBoundMethod()
#25 /home/cainan/Documents/wirechat-app/vendor/laravel/framework/src/Illuminate/Container/Container.php(694): Illuminate\\Container\\BoundMethod::call()
#26 /home/cainan/Documents/wirechat-app/vendor/laravel/framework/src/Illuminate/Console/Command.php(213): Illuminate\\Container\\Container->call()
#27 /home/cainan/Documents/wirechat-app/vendor/symfony/console/Command/Command.php(279): Illuminate\\Console\\Command->execute()
#28 /home/cainan/Documents/wirechat-app/vendor/laravel/framework/src/Illuminate/Console/Command.php(182): Symfony\\Component\\Console\\Command\\Command->run()
#29 /home/cainan/Documents/wirechat-app/vendor/symfony/console/Application.php(1094): Illuminate\\Console\\Command->run()
#30 /home/cainan/Documents/wirechat-app/vendor/symfony/console/Application.php(342): Symfony\\Component\\Console\\Application->doRunCommand()
#31 /home/cainan/Documents/wirechat-app/vendor/symfony/console/Application.php(193): Symfony\\Component\\Console\\Application->doRun()
#32 /home/cainan/Documents/wirechat-app/vendor/laravel/framework/src/Illuminate/Foundation/Console/Kernel.php(198): Symfony\\Component\\Console\\Application->run()
#33 /home/cainan/Documents/wirechat-app/vendor/laravel/framework/src/Illuminate/Foundation/Application.php(1205): Illuminate\\Foundation\\Console\\Kernel->handle()
#34 /home/cainan/Documents/wirechat-app/artisan(13): Illuminate\\Foundation\\Application->handleCommand()
#35 {main}
"} 
[2024-12-16 16:38:14] local.ERROR: Pusher error: cURL error 7: Failed to connect to localhost port 8080 after 0 ms: Couldn't connect to server (see https://curl.haxx.se/libcurl/c/libcurl-errors.html) for http://localhost:8080/apps/891607/events?auth_key=g5rnza9jzyjl2t0khkea&auth_timestamp=1734367092&auth_version=1.0&body_md5=09c6ce4c1f3bf094534994c6776cc449&auth_signature=663982e6afdbeb4eca18eacbb6738b92fd08cb70a199257ee5efc398f86bd91b. {"exception":"[object] (Illuminate\\Broadcasting\\BroadcastException(code: 0): Pusher error: cURL error 7: Failed to connect to localhost port 8080 after 0 ms: Couldn't connect to server (see https://curl.haxx.se/libcurl/c/libcurl-errors.html) for http://localhost:8080/apps/891607/events?auth_key=g5rnza9jzyjl2t0khkea&auth_timestamp=1734367092&auth_version=1.0&body_md5=09c6ce4c1f3bf094534994c6776cc449&auth_signature=663982e6afdbeb4eca18eacbb6738b92fd08cb70a199257ee5efc398f86bd91b. at /home/cainan/Documents/wirechat-app/vendor/laravel/framework/src/Illuminate/Broadcasting/Broadcasters/PusherBroadcaster.php:164)
[stacktrace]
#0 /home/cainan/Documents/wirechat-app/vendor/laravel/framework/src/Illuminate/Broadcasting/BroadcastEvent.php(92): Illuminate\\Broadcasting\\Broadcasters\\PusherBroadcaster->broadcast()
#1 /home/cainan/Documents/wirechat-app/vendor/laravel/framework/src/Illuminate/Container/BoundMethod.php(36): Illuminate\\Broadcasting\\BroadcastEvent->handle()
#2 /home/cainan/Documents/wirechat-app/vendor/laravel/framework/src/Illuminate/Container/Util.php(43): Illuminate\\Container\\BoundMethod::Illuminate\\Container\\{closure}()
#3 /home/cainan/Documents/wirechat-app/vendor/laravel/framework/src/Illuminate/Container/BoundMethod.php(95): Illuminate\\Container\\Util::unwrapIfClosure()
#4 /home/cainan/Documents/wirechat-app/vendor/laravel/framework/src/Illuminate/Container/BoundMethod.php(35): Illuminate\\Container\\BoundMethod::callBoundMethod()
#5 /home/cainan/Documents/wirechat-app/vendor/laravel/framework/src/Illuminate/Container/Container.php(694): Illuminate\\Container\\BoundMethod::call()
#6 /home/cainan/Documents/wirechat-app/vendor/laravel/framework/src/Illuminate/Bus/Dispatcher.php(126): Illuminate\\Container\\Container->call()
#7 /home/cainan/Documents/wirechat-app/vendor/laravel/framework/src/Illuminate/Pipeline/Pipeline.php(144): Illuminate\\Bus\\Dispatcher->Illuminate\\Bus\\{closure}()
#8 /home/cainan/Documents/wirechat-app/vendor/laravel/framework/src/Illuminate/Pipeline/Pipeline.php(119): Illuminate\\Pipeline\\Pipeline->Illuminate\\Pipeline\\{closure}()
#9 /home/cainan/Documents/wirechat-app/vendor/laravel/framework/src/Illuminate/Bus/Dispatcher.php(130): Illuminate\\Pipeline\\Pipeline->then()
#10 /home/cainan/Documents/wirechat-app/vendor/laravel/framework/src/Illuminate/Broadcasting/BroadcastManager.php(182): Illuminate\\Bus\\Dispatcher->dispatchNow()
#11 /home/cainan/Documents/wirechat-app/vendor/laravel/framework/src/Illuminate/Events/Dispatcher.php(358): Illuminate\\Broadcasting\\BroadcastManager->queue()
#12 /home/cainan/Documents/wirechat-app/vendor/laravel/framework/src/Illuminate/Events/Dispatcher.php(281): Illuminate\\Events\\Dispatcher->broadcastEvent()
#13 /home/cainan/Documents/wirechat-app/vendor/laravel/framework/src/Illuminate/Events/Dispatcher.php(267): Illuminate\\Events\\Dispatcher->invokeListeners()
#14 /home/cainan/Documents/wirechat-app/vendor/laravel/framework/src/Illuminate/Broadcasting/PendingBroadcast.php(72): Illuminate\\Events\\Dispatcher->dispatch()
#15 /home/cainan/Documents/wirechat-app/vendor/laravel/framework/src/Illuminate/Foundation/helpers.php(223): Illuminate\\Broadcasting\\PendingBroadcast->__destruct()
#16 /home/cainan/Documents/wirechat-app/vendor/namu/wirechat/src/Jobs/NotifyParticipants.php(97): broadcast()
#17 /home/cainan/Documents/wirechat-app/vendor/laravel/framework/src/Illuminate/Database/Concerns/BuildsQueries.php(60): Namu\\WireChat\\Jobs\\NotifyParticipants->Namu\\WireChat\\Jobs\\{closure}()
#18 /home/cainan/Documents/wirechat-app/vendor/namu/wirechat/src/Jobs/NotifyParticipants.php(95): Illuminate\\Database\\Eloquent\\Builder->chunk()
#19 /home/cainan/Documents/wirechat-app/vendor/laravel/framework/src/Illuminate/Container/BoundMethod.php(36): Namu\\WireChat\\Jobs\\NotifyParticipants->handle()
#20 /home/cainan/Documents/wirechat-app/vendor/laravel/framework/src/Illuminate/Container/Util.php(43): Illuminate\\Container\\BoundMethod::Illuminate\\Container\\{closure}()
#21 /home/cainan/Documents/wirechat-app/vendor/laravel/framework/src/Illuminate/Container/BoundMethod.php(95): Illuminate\\Container\\Util::unwrapIfClosure()
#22 /home/cainan/Documents/wirechat-app/vendor/laravel/framework/src/Illuminate/Container/BoundMethod.php(35): Illuminate\\Container\\BoundMethod::callBoundMethod()
#23 /home/cainan/Documents/wirechat-app/vendor/laravel/framework/src/Illuminate/Container/Container.php(694): Illuminate\\Container\\BoundMethod::call()
#24 /home/cainan/Documents/wirechat-app/vendor/laravel/framework/src/Illuminate/Bus/Dispatcher.php(126): Illuminate\\Container\\Container->call()
#25 /home/cainan/Documents/wirechat-app/vendor/laravel/framework/src/Illuminate/Pipeline/Pipeline.php(144): Illuminate\\Bus\\Dispatcher->Illuminate\\Bus\\{closure}()
#26 /home/cainan/Documents/wirechat-app/vendor/laravel/framework/src/Illuminate/Pipeline/Pipeline.php(119): Illuminate\\Pipeline\\Pipeline->Illuminate\\Pipeline\\{closure}()
#27 /home/cainan/Documents/wirechat-app/vendor/laravel/framework/src/Illuminate/Bus/Dispatcher.php(130): Illuminate\\Pipeline\\Pipeline->then()
#28 /home/cainan/Documents/wirechat-app/vendor/laravel/framework/src/Illuminate/Queue/CallQueuedHandler.php(124): Illuminate\\Bus\\Dispatcher->dispatchNow()
#29 /home/cainan/Documents/wirechat-app/vendor/laravel/framework/src/Illuminate/Pipeline/Pipeline.php(144): Illuminate\\Queue\\CallQueuedHandler->Illuminate\\Queue\\{closure}()
#30 /home/cainan/Documents/wirechat-app/vendor/laravel/framework/src/Illuminate/Pipeline/Pipeline.php(119): Illuminate\\Pipeline\\Pipeline->Illuminate\\Pipeline\\{closure}()
#31 /home/cainan/Documents/wirechat-app/vendor/laravel/framework/src/Illuminate/Queue/CallQueuedHandler.php(123): Illuminate\\Pipeline\\Pipeline->then()
#32 /home/cainan/Documents/wirechat-app/vendor/laravel/framework/src/Illuminate/Queue/CallQueuedHandler.php(71): Illuminate\\Queue\\CallQueuedHandler->dispatchThroughMiddleware()
#33 /home/cainan/Documents/wirechat-app/vendor/laravel/framework/src/Illuminate/Queue/Jobs/Job.php(102): Illuminate\\Queue\\CallQueuedHandler->call()
#34 /home/cainan/Documents/wirechat-app/vendor/laravel/framework/src/Illuminate/Queue/Worker.php(441): Illuminate\\Queue\\Jobs\\Job->fire()
#35 /home/cainan/Documents/wirechat-app/vendor/laravel/framework/src/Illuminate/Queue/Worker.php(391): Illuminate\\Queue\\Worker->process()
#36 /home/cainan/Documents/wirechat-app/vendor/laravel/framework/src/Illuminate/Queue/Worker.php(178): Illuminate\\Queue\\Worker->runJob()
#37 /home/cainan/Documents/wirechat-app/vendor/laravel/framework/src/Illuminate/Queue/Console/WorkCommand.php(148): Illuminate\\Queue\\Worker->daemon()
#38 /home/cainan/Documents/wirechat-app/vendor/laravel/framework/src/Illuminate/Queue/Console/WorkCommand.php(131): Illuminate\\Queue\\Console\\WorkCommand->runWorker()
#39 /home/cainan/Documents/wirechat-app/vendor/laravel/framework/src/Illuminate/Container/BoundMethod.php(36): Illuminate\\Queue\\Console\\WorkCommand->handle()
#40 /home/cainan/Documents/wirechat-app/vendor/laravel/framework/src/Illuminate/Container/Util.php(43): Illuminate\\Container\\BoundMethod::Illuminate\\Container\\{closure}()
#41 /home/cainan/Documents/wirechat-app/vendor/laravel/framework/src/Illuminate/Container/BoundMethod.php(95): Illuminate\\Container\\Util::unwrapIfClosure()
#42 /home/cainan/Documents/wirechat-app/vendor/laravel/framework/src/Illuminate/Container/BoundMethod.php(35): Illuminate\\Container\\BoundMethod::callBoundMethod()
#43 /home/cainan/Documents/wirechat-app/vendor/laravel/framework/src/Illuminate/Container/Container.php(694): Illuminate\\Container\\BoundMethod::call()
#44 /home/cainan/Documents/wirechat-app/vendor/laravel/framework/src/Illuminate/Console/Command.php(213): Illuminate\\Container\\Container->call()
#45 /home/cainan/Documents/wirechat-app/vendor/symfony/console/Command/Command.php(279): Illuminate\\Console\\Command->execute()
#46 /home/cainan/Documents/wirechat-app/vendor/laravel/framework/src/Illuminate/Console/Command.php(182): Symfony\\Component\\Console\\Command\\Command->run()
#47 /home/cainan/Documents/wirechat-app/vendor/symfony/console/Application.php(1094): Illuminate\\Console\\Command->run()
#48 /home/cainan/Documents/wirechat-app/vendor/symfony/console/Application.php(342): Symfony\\Component\\Console\\Application->doRunCommand()
#49 /home/cainan/Documents/wirechat-app/vendor/symfony/console/Application.php(193): Symfony\\Component\\Console\\Application->doRun()
#50 /home/cainan/Documents/wirechat-app/vendor/laravel/framework/src/Illuminate/Foundation/Console/Kernel.php(198): Symfony\\Component\\Console\\Application->run()
#51 /home/cainan/Documents/wirechat-app/vendor/laravel/framework/src/Illuminate/Foundation/Application.php(1205): Illuminate\\Foundation\\Console\\Kernel->handle()
#52 /home/cainan/Documents/wirechat-app/artisan(13): Illuminate\\Foundation\\Application->handleCommand()
#53 {main}
"} 
[2024-12-16 16:38:22] local.ERROR: Pusher error: cURL error 7: Failed to connect to localhost port 8080 after 0 ms: Couldn't connect to server (see https://curl.haxx.se/libcurl/c/libcurl-errors.html) for http://localhost:8080/apps/891607/events?auth_key=g5rnza9jzyjl2t0khkea&auth_timestamp=1734367100&auth_version=1.0&body_md5=573520f17ed827054267eeaa0495251b&auth_signature=ce2019ab63de90e89e39f6472b6b183e037134dff36feaa4e16b5c5ca80c2558. {"exception":"[object] (Illuminate\\Broadcasting\\BroadcastException(code: 0): Pusher error: cURL error 7: Failed to connect to localhost port 8080 after 0 ms: Couldn't connect to server (see https://curl.haxx.se/libcurl/c/libcurl-errors.html) for http://localhost:8080/apps/891607/events?auth_key=g5rnza9jzyjl2t0khkea&auth_timestamp=1734367100&auth_version=1.0&body_md5=573520f17ed827054267eeaa0495251b&auth_signature=ce2019ab63de90e89e39f6472b6b183e037134dff36feaa4e16b5c5ca80c2558. at /home/cainan/Documents/wirechat-app/vendor/laravel/framework/src/Illuminate/Broadcasting/Broadcasters/PusherBroadcaster.php:164)
[stacktrace]
#0 /home/cainan/Documents/wirechat-app/vendor/laravel/framework/src/Illuminate/Broadcasting/BroadcastEvent.php(92): Illuminate\\Broadcasting\\Broadcasters\\PusherBroadcaster->broadcast()
#1 /home/cainan/Documents/wirechat-app/vendor/laravel/framework/src/Illuminate/Container/BoundMethod.php(36): Illuminate\\Broadcasting\\BroadcastEvent->handle()
#2 /home/cainan/Documents/wirechat-app/vendor/laravel/framework/src/Illuminate/Container/Util.php(43): Illuminate\\Container\\BoundMethod::Illuminate\\Container\\{closure}()
#3 /home/cainan/Documents/wirechat-app/vendor/laravel/framework/src/Illuminate/Container/BoundMethod.php(95): Illuminate\\Container\\Util::unwrapIfClosure()
#4 /home/cainan/Documents/wirechat-app/vendor/laravel/framework/src/Illuminate/Container/BoundMethod.php(35): Illuminate\\Container\\BoundMethod::callBoundMethod()
#5 /home/cainan/Documents/wirechat-app/vendor/laravel/framework/src/Illuminate/Container/Container.php(694): Illuminate\\Container\\BoundMethod::call()
#6 /home/cainan/Documents/wirechat-app/vendor/laravel/framework/src/Illuminate/Bus/Dispatcher.php(126): Illuminate\\Container\\Container->call()
#7 /home/cainan/Documents/wirechat-app/vendor/laravel/framework/src/Illuminate/Pipeline/Pipeline.php(144): Illuminate\\Bus\\Dispatcher->Illuminate\\Bus\\{closure}()
#8 /home/cainan/Documents/wirechat-app/vendor/laravel/framework/src/Illuminate/Pipeline/Pipeline.php(119): Illuminate\\Pipeline\\Pipeline->Illuminate\\Pipeline\\{closure}()
#9 /home/cainan/Documents/wirechat-app/vendor/laravel/framework/src/Illuminate/Bus/Dispatcher.php(130): Illuminate\\Pipeline\\Pipeline->then()
#10 /home/cainan/Documents/wirechat-app/vendor/laravel/framework/src/Illuminate/Queue/CallQueuedHandler.php(124): Illuminate\\Bus\\Dispatcher->dispatchNow()
#11 /home/cainan/Documents/wirechat-app/vendor/laravel/framework/src/Illuminate/Pipeline/Pipeline.php(144): Illuminate\\Queue\\CallQueuedHandler->Illuminate\\Queue\\{closure}()
#12 /home/cainan/Documents/wirechat-app/vendor/laravel/framework/src/Illuminate/Pipeline/Pipeline.php(119): Illuminate\\Pipeline\\Pipeline->Illuminate\\Pipeline\\{closure}()
#13 /home/cainan/Documents/wirechat-app/vendor/laravel/framework/src/Illuminate/Queue/CallQueuedHandler.php(123): Illuminate\\Pipeline\\Pipeline->then()
#14 /home/cainan/Documents/wirechat-app/vendor/laravel/framework/src/Illuminate/Queue/CallQueuedHandler.php(71): Illuminate\\Queue\\CallQueuedHandler->dispatchThroughMiddleware()
#15 /home/cainan/Documents/wirechat-app/vendor/laravel/framework/src/Illuminate/Queue/Jobs/Job.php(102): Illuminate\\Queue\\CallQueuedHandler->call()
#16 /home/cainan/Documents/wirechat-app/vendor/laravel/framework/src/Illuminate/Queue/Worker.php(441): Illuminate\\Queue\\Jobs\\Job->fire()
#17 /home/cainan/Documents/wirechat-app/vendor/laravel/framework/src/Illuminate/Queue/Worker.php(391): Illuminate\\Queue\\Worker->process()
#18 /home/cainan/Documents/wirechat-app/vendor/laravel/framework/src/Illuminate/Queue/Worker.php(178): Illuminate\\Queue\\Worker->runJob()
#19 /home/cainan/Documents/wirechat-app/vendor/laravel/framework/src/Illuminate/Queue/Console/WorkCommand.php(148): Illuminate\\Queue\\Worker->daemon()
#20 /home/cainan/Documents/wirechat-app/vendor/laravel/framework/src/Illuminate/Queue/Console/WorkCommand.php(131): Illuminate\\Queue\\Console\\WorkCommand->runWorker()
#21 /home/cainan/Documents/wirechat-app/vendor/laravel/framework/src/Illuminate/Container/BoundMethod.php(36): Illuminate\\Queue\\Console\\WorkCommand->handle()
#22 /home/cainan/Documents/wirechat-app/vendor/laravel/framework/src/Illuminate/Container/Util.php(43): Illuminate\\Container\\BoundMethod::Illuminate\\Container\\{closure}()
#23 /home/cainan/Documents/wirechat-app/vendor/laravel/framework/src/Illuminate/Container/BoundMethod.php(95): Illuminate\\Container\\Util::unwrapIfClosure()
#24 /home/cainan/Documents/wirechat-app/vendor/laravel/framework/src/Illuminate/Container/BoundMethod.php(35): Illuminate\\Container\\BoundMethod::callBoundMethod()
#25 /home/cainan/Documents/wirechat-app/vendor/laravel/framework/src/Illuminate/Container/Container.php(694): Illuminate\\Container\\BoundMethod::call()
#26 /home/cainan/Documents/wirechat-app/vendor/laravel/framework/src/Illuminate/Console/Command.php(213): Illuminate\\Container\\Container->call()
#27 /home/cainan/Documents/wirechat-app/vendor/symfony/console/Command/Command.php(279): Illuminate\\Console\\Command->execute()
#28 /home/cainan/Documents/wirechat-app/vendor/laravel/framework/src/Illuminate/Console/Command.php(182): Symfony\\Component\\Console\\Command\\Command->run()
#29 /home/cainan/Documents/wirechat-app/vendor/symfony/console/Application.php(1094): Illuminate\\Console\\Command->run()
#30 /home/cainan/Documents/wirechat-app/vendor/symfony/console/Application.php(342): Symfony\\Component\\Console\\Application->doRunCommand()
#31 /home/cainan/Documents/wirechat-app/vendor/symfony/console/Application.php(193): Symfony\\Component\\Console\\Application->doRun()
#32 /home/cainan/Documents/wirechat-app/vendor/laravel/framework/src/Illuminate/Foundation/Console/Kernel.php(198): Symfony\\Component\\Console\\Application->run()
#33 /home/cainan/Documents/wirechat-app/vendor/laravel/framework/src/Illuminate/Foundation/Application.php(1205): Illuminate\\Foundation\\Console\\Kernel->handle()
#34 /home/cainan/Documents/wirechat-app/artisan(13): Illuminate\\Foundation\\Application->handleCommand()
#35 {main}
"} 
[2024-12-16 16:38:27] local.ERROR: Pusher error: cURL error 7: Failed to connect to localhost port 8080 after 0 ms: Couldn't connect to server (see https://curl.haxx.se/libcurl/c/libcurl-errors.html) for http://localhost:8080/apps/891607/events?auth_key=g5rnza9jzyjl2t0khkea&auth_timestamp=1734367105&auth_version=1.0&body_md5=7dcc26f8bf1fa540f2e66860aec377c7&auth_signature=e68d0cbf365dc7ce4956f6d590f35c3b76c3487723402c18ca3ef3e708232943. {"exception":"[object] (Illuminate\\Broadcasting\\BroadcastException(code: 0): Pusher error: cURL error 7: Failed to connect to localhost port 8080 after 0 ms: Couldn't connect to server (see https://curl.haxx.se/libcurl/c/libcurl-errors.html) for http://localhost:8080/apps/891607/events?auth_key=g5rnza9jzyjl2t0khkea&auth_timestamp=1734367105&auth_version=1.0&body_md5=7dcc26f8bf1fa540f2e66860aec377c7&auth_signature=e68d0cbf365dc7ce4956f6d590f35c3b76c3487723402c18ca3ef3e708232943. at /home/cainan/Documents/wirechat-app/vendor/laravel/framework/src/Illuminate/Broadcasting/Broadcasters/PusherBroadcaster.php:164)
[stacktrace]
#0 /home/cainan/Documents/wirechat-app/vendor/laravel/framework/src/Illuminate/Broadcasting/BroadcastEvent.php(92): Illuminate\\Broadcasting\\Broadcasters\\PusherBroadcaster->broadcast()
#1 /home/cainan/Documents/wirechat-app/vendor/laravel/framework/src/Illuminate/Container/BoundMethod.php(36): Illuminate\\Broadcasting\\BroadcastEvent->handle()
#2 /home/cainan/Documents/wirechat-app/vendor/laravel/framework/src/Illuminate/Container/Util.php(43): Illuminate\\Container\\BoundMethod::Illuminate\\Container\\{closure}()
#3 /home/cainan/Documents/wirechat-app/vendor/laravel/framework/src/Illuminate/Container/BoundMethod.php(95): Illuminate\\Container\\Util::unwrapIfClosure()
#4 /home/cainan/Documents/wirechat-app/vendor/laravel/framework/src/Illuminate/Container/BoundMethod.php(35): Illuminate\\Container\\BoundMethod::callBoundMethod()
#5 /home/cainan/Documents/wirechat-app/vendor/laravel/framework/src/Illuminate/Container/Container.php(694): Illuminate\\Container\\BoundMethod::call()
#6 /home/cainan/Documents/wirechat-app/vendor/laravel/framework/src/Illuminate/Bus/Dispatcher.php(126): Illuminate\\Container\\Container->call()
#7 /home/cainan/Documents/wirechat-app/vendor/laravel/framework/src/Illuminate/Pipeline/Pipeline.php(144): Illuminate\\Bus\\Dispatcher->Illuminate\\Bus\\{closure}()
#8 /home/cainan/Documents/wirechat-app/vendor/laravel/framework/src/Illuminate/Pipeline/Pipeline.php(119): Illuminate\\Pipeline\\Pipeline->Illuminate\\Pipeline\\{closure}()
#9 /home/cainan/Documents/wirechat-app/vendor/laravel/framework/src/Illuminate/Bus/Dispatcher.php(130): Illuminate\\Pipeline\\Pipeline->then()
#10 /home/cainan/Documents/wirechat-app/vendor/laravel/framework/src/Illuminate/Broadcasting/BroadcastManager.php(182): Illuminate\\Bus\\Dispatcher->dispatchNow()
#11 /home/cainan/Documents/wirechat-app/vendor/laravel/framework/src/Illuminate/Events/Dispatcher.php(358): Illuminate\\Broadcasting\\BroadcastManager->queue()
#12 /home/cainan/Documents/wirechat-app/vendor/laravel/framework/src/Illuminate/Events/Dispatcher.php(281): Illuminate\\Events\\Dispatcher->broadcastEvent()
#13 /home/cainan/Documents/wirechat-app/vendor/laravel/framework/src/Illuminate/Events/Dispatcher.php(267): Illuminate\\Events\\Dispatcher->invokeListeners()
#14 /home/cainan/Documents/wirechat-app/vendor/laravel/framework/src/Illuminate/Broadcasting/PendingBroadcast.php(72): Illuminate\\Events\\Dispatcher->dispatch()
#15 /home/cainan/Documents/wirechat-app/vendor/laravel/framework/src/Illuminate/Foundation/helpers.php(223): Illuminate\\Broadcasting\\PendingBroadcast->__destruct()
#16 /home/cainan/Documents/wirechat-app/vendor/namu/wirechat/src/Jobs/NotifyParticipants.php(97): broadcast()
#17 /home/cainan/Documents/wirechat-app/vendor/laravel/framework/src/Illuminate/Database/Concerns/BuildsQueries.php(60): Namu\\WireChat\\Jobs\\NotifyParticipants->Namu\\WireChat\\Jobs\\{closure}()
#18 /home/cainan/Documents/wirechat-app/vendor/namu/wirechat/src/Jobs/NotifyParticipants.php(95): Illuminate\\Database\\Eloquent\\Builder->chunk()
#19 /home/cainan/Documents/wirechat-app/vendor/laravel/framework/src/Illuminate/Container/BoundMethod.php(36): Namu\\WireChat\\Jobs\\NotifyParticipants->handle()
#20 /home/cainan/Documents/wirechat-app/vendor/laravel/framework/src/Illuminate/Container/Util.php(43): Illuminate\\Container\\BoundMethod::Illuminate\\Container\\{closure}()
#21 /home/cainan/Documents/wirechat-app/vendor/laravel/framework/src/Illuminate/Container/BoundMethod.php(95): Illuminate\\Container\\Util::unwrapIfClosure()
#22 /home/cainan/Documents/wirechat-app/vendor/laravel/framework/src/Illuminate/Container/BoundMethod.php(35): Illuminate\\Container\\BoundMethod::callBoundMethod()
#23 /home/cainan/Documents/wirechat-app/vendor/laravel/framework/src/Illuminate/Container/Container.php(694): Illuminate\\Container\\BoundMethod::call()
#24 /home/cainan/Documents/wirechat-app/vendor/laravel/framework/src/Illuminate/Bus/Dispatcher.php(126): Illuminate\\Container\\Container->call()
#25 /home/cainan/Documents/wirechat-app/vendor/laravel/framework/src/Illuminate/Pipeline/Pipeline.php(144): Illuminate\\Bus\\Dispatcher->Illuminate\\Bus\\{closure}()
#26 /home/cainan/Documents/wirechat-app/vendor/laravel/framework/src/Illuminate/Pipeline/Pipeline.php(119): Illuminate\\Pipeline\\Pipeline->Illuminate\\Pipeline\\{closure}()
#27 /home/cainan/Documents/wirechat-app/vendor/laravel/framework/src/Illuminate/Bus/Dispatcher.php(130): Illuminate\\Pipeline\\Pipeline->then()
#28 /home/cainan/Documents/wirechat-app/vendor/laravel/framework/src/Illuminate/Queue/CallQueuedHandler.php(124): Illuminate\\Bus\\Dispatcher->dispatchNow()
#29 /home/cainan/Documents/wirechat-app/vendor/laravel/framework/src/Illuminate/Pipeline/Pipeline.php(144): Illuminate\\Queue\\CallQueuedHandler->Illuminate\\Queue\\{closure}()
#30 /home/cainan/Documents/wirechat-app/vendor/laravel/framework/src/Illuminate/Pipeline/Pipeline.php(119): Illuminate\\Pipeline\\Pipeline->Illuminate\\Pipeline\\{closure}()
#31 /home/cainan/Documents/wirechat-app/vendor/laravel/framework/src/Illuminate/Queue/CallQueuedHandler.php(123): Illuminate\\Pipeline\\Pipeline->then()
#32 /home/cainan/Documents/wirechat-app/vendor/laravel/framework/src/Illuminate/Queue/CallQueuedHandler.php(71): Illuminate\\Queue\\CallQueuedHandler->dispatchThroughMiddleware()
#33 /home/cainan/Documents/wirechat-app/vendor/laravel/framework/src/Illuminate/Queue/Jobs/Job.php(102): Illuminate\\Queue\\CallQueuedHandler->call()
#34 /home/cainan/Documents/wirechat-app/vendor/laravel/framework/src/Illuminate/Queue/Worker.php(441): Illuminate\\Queue\\Jobs\\Job->fire()
#35 /home/cainan/Documents/wirechat-app/vendor/laravel/framework/src/Illuminate/Queue/Worker.php(391): Illuminate\\Queue\\Worker->process()
#36 /home/cainan/Documents/wirechat-app/vendor/laravel/framework/src/Illuminate/Queue/Worker.php(178): Illuminate\\Queue\\Worker->runJob()
#37 /home/cainan/Documents/wirechat-app/vendor/laravel/framework/src/Illuminate/Queue/Console/WorkCommand.php(148): Illuminate\\Queue\\Worker->daemon()
#38 /home/cainan/Documents/wirechat-app/vendor/laravel/framework/src/Illuminate/Queue/Console/WorkCommand.php(131): Illuminate\\Queue\\Console\\WorkCommand->runWorker()
#39 /home/cainan/Documents/wirechat-app/vendor/laravel/framework/src/Illuminate/Container/BoundMethod.php(36): Illuminate\\Queue\\Console\\WorkCommand->handle()
#40 /home/cainan/Documents/wirechat-app/vendor/laravel/framework/src/Illuminate/Container/Util.php(43): Illuminate\\Container\\BoundMethod::Illuminate\\Container\\{closure}()
#41 /home/cainan/Documents/wirechat-app/vendor/laravel/framework/src/Illuminate/Container/BoundMethod.php(95): Illuminate\\Container\\Util::unwrapIfClosure()
#42 /home/cainan/Documents/wirechat-app/vendor/laravel/framework/src/Illuminate/Container/BoundMethod.php(35): Illuminate\\Container\\BoundMethod::callBoundMethod()
#43 /home/cainan/Documents/wirechat-app/vendor/laravel/framework/src/Illuminate/Container/Container.php(694): Illuminate\\Container\\BoundMethod::call()
#44 /home/cainan/Documents/wirechat-app/vendor/laravel/framework/src/Illuminate/Console/Command.php(213): Illuminate\\Container\\Container->call()
#45 /home/cainan/Documents/wirechat-app/vendor/symfony/console/Command/Command.php(279): Illuminate\\Console\\Command->execute()
#46 /home/cainan/Documents/wirechat-app/vendor/laravel/framework/src/Illuminate/Console/Command.php(182): Symfony\\Component\\Console\\Command\\Command->run()
#47 /home/cainan/Documents/wirechat-app/vendor/symfony/console/Application.php(1094): Illuminate\\Console\\Command->run()
#48 /home/cainan/Documents/wirechat-app/vendor/symfony/console/Application.php(342): Symfony\\Component\\Console\\Application->doRunCommand()
#49 /home/cainan/Documents/wirechat-app/vendor/symfony/console/Application.php(193): Symfony\\Component\\Console\\Application->doRun()
#50 /home/cainan/Documents/wirechat-app/vendor/laravel/framework/src/Illuminate/Foundation/Console/Kernel.php(198): Symfony\\Component\\Console\\Application->run()
#51 /home/cainan/Documents/wirechat-app/vendor/laravel/framework/src/Illuminate/Foundation/Application.php(1205): Illuminate\\Foundation\\Console\\Kernel->handle()
#52 /home/cainan/Documents/wirechat-app/artisan(13): Illuminate\\Foundation\\Application->handleCommand()
#53 {main}
"} 
[2024-12-16 16:43:19] local.ERROR: Pusher error: cURL error 7: Failed to connect to localhost port 8080 after 0 ms: Couldn't connect to server (see https://curl.haxx.se/libcurl/c/libcurl-errors.html) for http://localhost:8080/apps/891607/events?auth_key=g5rnza9jzyjl2t0khkea&auth_timestamp=1734367397&auth_version=1.0&body_md5=920f1ba62216bc45640762c1c66a30d5&auth_signature=d678d127528ee03e0147dcd3bf2382dca8799cdc358b47553f947a7cd3a86c93. {"exception":"[object] (Illuminate\\Broadcasting\\BroadcastException(code: 0): Pusher error: cURL error 7: Failed to connect to localhost port 8080 after 0 ms: Couldn't connect to server (see https://curl.haxx.se/libcurl/c/libcurl-errors.html) for http://localhost:8080/apps/891607/events?auth_key=g5rnza9jzyjl2t0khkea&auth_timestamp=1734367397&auth_version=1.0&body_md5=920f1ba62216bc45640762c1c66a30d5&auth_signature=d678d127528ee03e0147dcd3bf2382dca8799cdc358b47553f947a7cd3a86c93. at /home/cainan/Documents/wirechat-app/vendor/laravel/framework/src/Illuminate/Broadcasting/Broadcasters/PusherBroadcaster.php:164)
[stacktrace]
#0 /home/cainan/Documents/wirechat-app/vendor/laravel/framework/src/Illuminate/Broadcasting/BroadcastEvent.php(92): Illuminate\\Broadcasting\\Broadcasters\\PusherBroadcaster->broadcast()
#1 /home/cainan/Documents/wirechat-app/vendor/laravel/framework/src/Illuminate/Container/BoundMethod.php(36): Illuminate\\Broadcasting\\BroadcastEvent->handle()
#2 /home/cainan/Documents/wirechat-app/vendor/laravel/framework/src/Illuminate/Container/Util.php(43): Illuminate\\Container\\BoundMethod::Illuminate\\Container\\{closure}()
#3 /home/cainan/Documents/wirechat-app/vendor/laravel/framework/src/Illuminate/Container/BoundMethod.php(95): Illuminate\\Container\\Util::unwrapIfClosure()
#4 /home/cainan/Documents/wirechat-app/vendor/laravel/framework/src/Illuminate/Container/BoundMethod.php(35): Illuminate\\Container\\BoundMethod::callBoundMethod()
#5 /home/cainan/Documents/wirechat-app/vendor/laravel/framework/src/Illuminate/Container/Container.php(694): Illuminate\\Container\\BoundMethod::call()
#6 /home/cainan/Documents/wirechat-app/vendor/laravel/framework/src/Illuminate/Bus/Dispatcher.php(126): Illuminate\\Container\\Container->call()
#7 /home/cainan/Documents/wirechat-app/vendor/laravel/framework/src/Illuminate/Pipeline/Pipeline.php(144): Illuminate\\Bus\\Dispatcher->Illuminate\\Bus\\{closure}()
#8 /home/cainan/Documents/wirechat-app/vendor/laravel/framework/src/Illuminate/Pipeline/Pipeline.php(119): Illuminate\\Pipeline\\Pipeline->Illuminate\\Pipeline\\{closure}()
#9 /home/cainan/Documents/wirechat-app/vendor/laravel/framework/src/Illuminate/Bus/Dispatcher.php(130): Illuminate\\Pipeline\\Pipeline->then()
#10 /home/cainan/Documents/wirechat-app/vendor/laravel/framework/src/Illuminate/Queue/CallQueuedHandler.php(124): Illuminate\\Bus\\Dispatcher->dispatchNow()
#11 /home/cainan/Documents/wirechat-app/vendor/laravel/framework/src/Illuminate/Pipeline/Pipeline.php(144): Illuminate\\Queue\\CallQueuedHandler->Illuminate\\Queue\\{closure}()
#12 /home/cainan/Documents/wirechat-app/vendor/laravel/framework/src/Illuminate/Pipeline/Pipeline.php(119): Illuminate\\Pipeline\\Pipeline->Illuminate\\Pipeline\\{closure}()
#13 /home/cainan/Documents/wirechat-app/vendor/laravel/framework/src/Illuminate/Queue/CallQueuedHandler.php(123): Illuminate\\Pipeline\\Pipeline->then()
#14 /home/cainan/Documents/wirechat-app/vendor/laravel/framework/src/Illuminate/Queue/CallQueuedHandler.php(71): Illuminate\\Queue\\CallQueuedHandler->dispatchThroughMiddleware()
#15 /home/cainan/Documents/wirechat-app/vendor/laravel/framework/src/Illuminate/Queue/Jobs/Job.php(102): Illuminate\\Queue\\CallQueuedHandler->call()
#16 /home/cainan/Documents/wirechat-app/vendor/laravel/framework/src/Illuminate/Queue/Worker.php(441): Illuminate\\Queue\\Jobs\\Job->fire()
#17 /home/cainan/Documents/wirechat-app/vendor/laravel/framework/src/Illuminate/Queue/Worker.php(391): Illuminate\\Queue\\Worker->process()
#18 /home/cainan/Documents/wirechat-app/vendor/laravel/framework/src/Illuminate/Queue/Worker.php(178): Illuminate\\Queue\\Worker->runJob()
#19 /home/cainan/Documents/wirechat-app/vendor/laravel/framework/src/Illuminate/Queue/Console/WorkCommand.php(148): Illuminate\\Queue\\Worker->daemon()
#20 /home/cainan/Documents/wirechat-app/vendor/laravel/framework/src/Illuminate/Queue/Console/WorkCommand.php(131): Illuminate\\Queue\\Console\\WorkCommand->runWorker()
#21 /home/cainan/Documents/wirechat-app/vendor/laravel/framework/src/Illuminate/Container/BoundMethod.php(36): Illuminate\\Queue\\Console\\WorkCommand->handle()
#22 /home/cainan/Documents/wirechat-app/vendor/laravel/framework/src/Illuminate/Container/Util.php(43): Illuminate\\Container\\BoundMethod::Illuminate\\Container\\{closure}()
#23 /home/cainan/Documents/wirechat-app/vendor/laravel/framework/src/Illuminate/Container/BoundMethod.php(95): Illuminate\\Container\\Util::unwrapIfClosure()
#24 /home/cainan/Documents/wirechat-app/vendor/laravel/framework/src/Illuminate/Container/BoundMethod.php(35): Illuminate\\Container\\BoundMethod::callBoundMethod()
#25 /home/cainan/Documents/wirechat-app/vendor/laravel/framework/src/Illuminate/Container/Container.php(694): Illuminate\\Container\\BoundMethod::call()
#26 /home/cainan/Documents/wirechat-app/vendor/laravel/framework/src/Illuminate/Console/Command.php(213): Illuminate\\Container\\Container->call()
#27 /home/cainan/Documents/wirechat-app/vendor/symfony/console/Command/Command.php(279): Illuminate\\Console\\Command->execute()
#28 /home/cainan/Documents/wirechat-app/vendor/laravel/framework/src/Illuminate/Console/Command.php(182): Symfony\\Component\\Console\\Command\\Command->run()
#29 /home/cainan/Documents/wirechat-app/vendor/symfony/console/Application.php(1094): Illuminate\\Console\\Command->run()
#30 /home/cainan/Documents/wirechat-app/vendor/symfony/console/Application.php(342): Symfony\\Component\\Console\\Application->doRunCommand()
#31 /home/cainan/Documents/wirechat-app/vendor/symfony/console/Application.php(193): Symfony\\Component\\Console\\Application->doRun()
#32 /home/cainan/Documents/wirechat-app/vendor/laravel/framework/src/Illuminate/Foundation/Console/Kernel.php(198): Symfony\\Component\\Console\\Application->run()
#33 /home/cainan/Documents/wirechat-app/vendor/laravel/framework/src/Illuminate/Foundation/Application.php(1205): Illuminate\\Foundation\\Console\\Kernel->handle()
#34 /home/cainan/Documents/wirechat-app/artisan(13): Illuminate\\Foundation\\Application->handleCommand()
#35 {main}
"} 
[2024-12-16 16:43:23] local.ERROR: Pusher error: cURL error 7: Failed to connect to localhost port 8080 after 0 ms: Couldn't connect to server (see https://curl.haxx.se/libcurl/c/libcurl-errors.html) for http://localhost:8080/apps/891607/events?auth_key=g5rnza9jzyjl2t0khkea&auth_timestamp=1734367401&auth_version=1.0&body_md5=9913d874bbad0d77114375c6eb148e33&auth_signature=9cc1036cdd8c081f7a46e90da6631505b3e0135f0ef8b21ccc70342bf8e5cc87. {"exception":"[object] (Illuminate\\Broadcasting\\BroadcastException(code: 0): Pusher error: cURL error 7: Failed to connect to localhost port 8080 after 0 ms: Couldn't connect to server (see https://curl.haxx.se/libcurl/c/libcurl-errors.html) for http://localhost:8080/apps/891607/events?auth_key=g5rnza9jzyjl2t0khkea&auth_timestamp=1734367401&auth_version=1.0&body_md5=9913d874bbad0d77114375c6eb148e33&auth_signature=9cc1036cdd8c081f7a46e90da6631505b3e0135f0ef8b21ccc70342bf8e5cc87. at /home/cainan/Documents/wirechat-app/vendor/laravel/framework/src/Illuminate/Broadcasting/Broadcasters/PusherBroadcaster.php:164)
[stacktrace]
#0 /home/cainan/Documents/wirechat-app/vendor/laravel/framework/src/Illuminate/Broadcasting/BroadcastEvent.php(92): Illuminate\\Broadcasting\\Broadcasters\\PusherBroadcaster->broadcast()
#1 /home/cainan/Documents/wirechat-app/vendor/laravel/framework/src/Illuminate/Container/BoundMethod.php(36): Illuminate\\Broadcasting\\BroadcastEvent->handle()
#2 /home/cainan/Documents/wirechat-app/vendor/laravel/framework/src/Illuminate/Container/Util.php(43): Illuminate\\Container\\BoundMethod::Illuminate\\Container\\{closure}()
#3 /home/cainan/Documents/wirechat-app/vendor/laravel/framework/src/Illuminate/Container/BoundMethod.php(95): Illuminate\\Container\\Util::unwrapIfClosure()
#4 /home/cainan/Documents/wirechat-app/vendor/laravel/framework/src/Illuminate/Container/BoundMethod.php(35): Illuminate\\Container\\BoundMethod::callBoundMethod()
#5 /home/cainan/Documents/wirechat-app/vendor/laravel/framework/src/Illuminate/Container/Container.php(694): Illuminate\\Container\\BoundMethod::call()
#6 /home/cainan/Documents/wirechat-app/vendor/laravel/framework/src/Illuminate/Bus/Dispatcher.php(126): Illuminate\\Container\\Container->call()
#7 /home/cainan/Documents/wirechat-app/vendor/laravel/framework/src/Illuminate/Pipeline/Pipeline.php(144): Illuminate\\Bus\\Dispatcher->Illuminate\\Bus\\{closure}()
#8 /home/cainan/Documents/wirechat-app/vendor/laravel/framework/src/Illuminate/Pipeline/Pipeline.php(119): Illuminate\\Pipeline\\Pipeline->Illuminate\\Pipeline\\{closure}()
#9 /home/cainan/Documents/wirechat-app/vendor/laravel/framework/src/Illuminate/Bus/Dispatcher.php(130): Illuminate\\Pipeline\\Pipeline->then()
#10 /home/cainan/Documents/wirechat-app/vendor/laravel/framework/src/Illuminate/Broadcasting/BroadcastManager.php(182): Illuminate\\Bus\\Dispatcher->dispatchNow()
#11 /home/cainan/Documents/wirechat-app/vendor/laravel/framework/src/Illuminate/Events/Dispatcher.php(358): Illuminate\\Broadcasting\\BroadcastManager->queue()
#12 /home/cainan/Documents/wirechat-app/vendor/laravel/framework/src/Illuminate/Events/Dispatcher.php(281): Illuminate\\Events\\Dispatcher->broadcastEvent()
#13 /home/cainan/Documents/wirechat-app/vendor/laravel/framework/src/Illuminate/Events/Dispatcher.php(267): Illuminate\\Events\\Dispatcher->invokeListeners()
#14 /home/cainan/Documents/wirechat-app/vendor/laravel/framework/src/Illuminate/Broadcasting/PendingBroadcast.php(72): Illuminate\\Events\\Dispatcher->dispatch()
#15 /home/cainan/Documents/wirechat-app/vendor/laravel/framework/src/Illuminate/Foundation/helpers.php(223): Illuminate\\Broadcasting\\PendingBroadcast->__destruct()
#16 /home/cainan/Documents/wirechat-app/vendor/namu/wirechat/src/Jobs/NotifyParticipants.php(97): broadcast()
#17 /home/cainan/Documents/wirechat-app/vendor/laravel/framework/src/Illuminate/Database/Concerns/BuildsQueries.php(60): Namu\\WireChat\\Jobs\\NotifyParticipants->Namu\\WireChat\\Jobs\\{closure}()
#18 /home/cainan/Documents/wirechat-app/vendor/namu/wirechat/src/Jobs/NotifyParticipants.php(95): Illuminate\\Database\\Eloquent\\Builder->chunk()
#19 /home/cainan/Documents/wirechat-app/vendor/laravel/framework/src/Illuminate/Container/BoundMethod.php(36): Namu\\WireChat\\Jobs\\NotifyParticipants->handle()
#20 /home/cainan/Documents/wirechat-app/vendor/laravel/framework/src/Illuminate/Container/Util.php(43): Illuminate\\Container\\BoundMethod::Illuminate\\Container\\{closure}()
#21 /home/cainan/Documents/wirechat-app/vendor/laravel/framework/src/Illuminate/Container/BoundMethod.php(95): Illuminate\\Container\\Util::unwrapIfClosure()
#22 /home/cainan/Documents/wirechat-app/vendor/laravel/framework/src/Illuminate/Container/BoundMethod.php(35): Illuminate\\Container\\BoundMethod::callBoundMethod()
#23 /home/cainan/Documents/wirechat-app/vendor/laravel/framework/src/Illuminate/Container/Container.php(694): Illuminate\\Container\\BoundMethod::call()
#24 /home/cainan/Documents/wirechat-app/vendor/laravel/framework/src/Illuminate/Bus/Dispatcher.php(126): Illuminate\\Container\\Container->call()
#25 /home/cainan/Documents/wirechat-app/vendor/laravel/framework/src/Illuminate/Pipeline/Pipeline.php(144): Illuminate\\Bus\\Dispatcher->Illuminate\\Bus\\{closure}()
#26 /home/cainan/Documents/wirechat-app/vendor/laravel/framework/src/Illuminate/Pipeline/Pipeline.php(119): Illuminate\\Pipeline\\Pipeline->Illuminate\\Pipeline\\{closure}()
#27 /home/cainan/Documents/wirechat-app/vendor/laravel/framework/src/Illuminate/Bus/Dispatcher.php(130): Illuminate\\Pipeline\\Pipeline->then()
#28 /home/cainan/Documents/wirechat-app/vendor/laravel/framework/src/Illuminate/Queue/CallQueuedHandler.php(124): Illuminate\\Bus\\Dispatcher->dispatchNow()
#29 /home/cainan/Documents/wirechat-app/vendor/laravel/framework/src/Illuminate/Pipeline/Pipeline.php(144): Illuminate\\Queue\\CallQueuedHandler->Illuminate\\Queue\\{closure}()
#30 /home/cainan/Documents/wirechat-app/vendor/laravel/framework/src/Illuminate/Pipeline/Pipeline.php(119): Illuminate\\Pipeline\\Pipeline->Illuminate\\Pipeline\\{closure}()
#31 /home/cainan/Documents/wirechat-app/vendor/laravel/framework/src/Illuminate/Queue/CallQueuedHandler.php(123): Illuminate\\Pipeline\\Pipeline->then()
#32 /home/cainan/Documents/wirechat-app/vendor/laravel/framework/src/Illuminate/Queue/CallQueuedHandler.php(71): Illuminate\\Queue\\CallQueuedHandler->dispatchThroughMiddleware()
#33 /home/cainan/Documents/wirechat-app/vendor/laravel/framework/src/Illuminate/Queue/Jobs/Job.php(102): Illuminate\\Queue\\CallQueuedHandler->call()
#34 /home/cainan/Documents/wirechat-app/vendor/laravel/framework/src/Illuminate/Queue/Worker.php(441): Illuminate\\Queue\\Jobs\\Job->fire()
#35 /home/cainan/Documents/wirechat-app/vendor/laravel/framework/src/Illuminate/Queue/Worker.php(391): Illuminate\\Queue\\Worker->process()
#36 /home/cainan/Documents/wirechat-app/vendor/laravel/framework/src/Illuminate/Queue/Worker.php(178): Illuminate\\Queue\\Worker->runJob()
#37 /home/cainan/Documents/wirechat-app/vendor/laravel/framework/src/Illuminate/Queue/Console/WorkCommand.php(148): Illuminate\\Queue\\Worker->daemon()
#38 /home/cainan/Documents/wirechat-app/vendor/laravel/framework/src/Illuminate/Queue/Console/WorkCommand.php(131): Illuminate\\Queue\\Console\\WorkCommand->runWorker()
#39 /home/cainan/Documents/wirechat-app/vendor/laravel/framework/src/Illuminate/Container/BoundMethod.php(36): Illuminate\\Queue\\Console\\WorkCommand->handle()
#40 /home/cainan/Documents/wirechat-app/vendor/laravel/framework/src/Illuminate/Container/Util.php(43): Illuminate\\Container\\BoundMethod::Illuminate\\Container\\{closure}()
#41 /home/cainan/Documents/wirechat-app/vendor/laravel/framework/src/Illuminate/Container/BoundMethod.php(95): Illuminate\\Container\\Util::unwrapIfClosure()
#42 /home/cainan/Documents/wirechat-app/vendor/laravel/framework/src/Illuminate/Container/BoundMethod.php(35): Illuminate\\Container\\BoundMethod::callBoundMethod()
#43 /home/cainan/Documents/wirechat-app/vendor/laravel/framework/src/Illuminate/Container/Container.php(694): Illuminate\\Container\\BoundMethod::call()
#44 /home/cainan/Documents/wirechat-app/vendor/laravel/framework/src/Illuminate/Console/Command.php(213): Illuminate\\Container\\Container->call()
#45 /home/cainan/Documents/wirechat-app/vendor/symfony/console/Command/Command.php(279): Illuminate\\Console\\Command->execute()
#46 /home/cainan/Documents/wirechat-app/vendor/laravel/framework/src/Illuminate/Console/Command.php(182): Symfony\\Component\\Console\\Command\\Command->run()
#47 /home/cainan/Documents/wirechat-app/vendor/symfony/console/Application.php(1094): Illuminate\\Console\\Command->run()
#48 /home/cainan/Documents/wirechat-app/vendor/symfony/console/Application.php(342): Symfony\\Component\\Console\\Application->doRunCommand()
#49 /home/cainan/Documents/wirechat-app/vendor/symfony/console/Application.php(193): Symfony\\Component\\Console\\Application->doRun()
#50 /home/cainan/Documents/wirechat-app/vendor/laravel/framework/src/Illuminate/Foundation/Console/Kernel.php(198): Symfony\\Component\\Console\\Application->run()
#51 /home/cainan/Documents/wirechat-app/vendor/laravel/framework/src/Illuminate/Foundation/Application.php(1205): Illuminate\\Foundation\\Console\\Kernel->handle()
#52 /home/cainan/Documents/wirechat-app/artisan(13): Illuminate\\Foundation\\Application->handleCommand()
#53 {main}
"} 
[2024-12-16 18:08:04] local.ERROR: SQLSTATE[HY000]: General error: 2006 MySQL server has gone away {"exception":"[object] (PDOException(code: HY000): SQLSTATE[HY000]: General error: 2006 MySQL server has gone away at /home/cainan/Documents/wirechat-app/vendor/laravel/framework/src/Illuminate/Database/Concerns/ManagesTransactions.php:297)
[stacktrace]
#0 /home/cainan/Documents/wirechat-app/vendor/laravel/framework/src/Illuminate/Database/Concerns/ManagesTransactions.php(297): PDO->rollBack()
#1 /home/cainan/Documents/wirechat-app/vendor/laravel/framework/src/Illuminate/Database/Concerns/ManagesTransactions.php(269): Illuminate\\Database\\Connection->performRollBack()
#2 /home/cainan/Documents/wirechat-app/vendor/laravel/framework/src/Illuminate/Database/Concerns/ManagesTransactions.php(104): Illuminate\\Database\\Connection->rollBack()
#3 /home/cainan/Documents/wirechat-app/vendor/laravel/framework/src/Illuminate/Database/Concerns/ManagesTransactions.php(39): Illuminate\\Database\\Connection->handleTransactionException()
#4 /home/cainan/Documents/wirechat-app/vendor/laravel/framework/src/Illuminate/Queue/DatabaseQueue.php(225): Illuminate\\Database\\Connection->transaction()
#5 /home/cainan/Documents/wirechat-app/vendor/laravel/framework/src/Illuminate/Queue/Worker.php(351): Illuminate\\Queue\\DatabaseQueue->pop()
#6 /home/cainan/Documents/wirechat-app/vendor/laravel/framework/src/Illuminate/Queue/Worker.php(365): Illuminate\\Queue\\Worker->Illuminate\\Queue\\{closure}()
#7 /home/cainan/Documents/wirechat-app/vendor/laravel/framework/src/Illuminate/Queue/Worker.php(164): Illuminate\\Queue\\Worker->getNextJob()
#8 /home/cainan/Documents/wirechat-app/vendor/laravel/framework/src/Illuminate/Queue/Console/WorkCommand.php(148): Illuminate\\Queue\\Worker->daemon()
#9 /home/cainan/Documents/wirechat-app/vendor/laravel/framework/src/Illuminate/Queue/Console/WorkCommand.php(131): Illuminate\\Queue\\Console\\WorkCommand->runWorker()
#10 /home/cainan/Documents/wirechat-app/vendor/laravel/framework/src/Illuminate/Container/BoundMethod.php(36): Illuminate\\Queue\\Console\\WorkCommand->handle()
#11 /home/cainan/Documents/wirechat-app/vendor/laravel/framework/src/Illuminate/Container/Util.php(43): Illuminate\\Container\\BoundMethod::Illuminate\\Container\\{closure}()
#12 /home/cainan/Documents/wirechat-app/vendor/laravel/framework/src/Illuminate/Container/BoundMethod.php(95): Illuminate\\Container\\Util::unwrapIfClosure()
#13 /home/cainan/Documents/wirechat-app/vendor/laravel/framework/src/Illuminate/Container/BoundMethod.php(35): Illuminate\\Container\\BoundMethod::callBoundMethod()
#14 /home/cainan/Documents/wirechat-app/vendor/laravel/framework/src/Illuminate/Container/Container.php(694): Illuminate\\Container\\BoundMethod::call()
#15 /home/cainan/Documents/wirechat-app/vendor/laravel/framework/src/Illuminate/Console/Command.php(213): Illuminate\\Container\\Container->call()
#16 /home/cainan/Documents/wirechat-app/vendor/symfony/console/Command/Command.php(279): Illuminate\\Console\\Command->execute()
#17 /home/cainan/Documents/wirechat-app/vendor/laravel/framework/src/Illuminate/Console/Command.php(182): Symfony\\Component\\Console\\Command\\Command->run()
#18 /home/cainan/Documents/wirechat-app/vendor/symfony/console/Application.php(1094): Illuminate\\Console\\Command->run()
#19 /home/cainan/Documents/wirechat-app/vendor/symfony/console/Application.php(342): Symfony\\Component\\Console\\Application->doRunCommand()
#20 /home/cainan/Documents/wirechat-app/vendor/symfony/console/Application.php(193): Symfony\\Component\\Console\\Application->doRun()
#21 /home/cainan/Documents/wirechat-app/vendor/laravel/framework/src/Illuminate/Foundation/Console/Kernel.php(198): Symfony\\Component\\Console\\Application->run()
#22 /home/cainan/Documents/wirechat-app/vendor/laravel/framework/src/Illuminate/Foundation/Application.php(1205): Illuminate\\Foundation\\Console\\Kernel->handle()
#23 /home/cainan/Documents/wirechat-app/artisan(13): Illuminate\\Foundation\\Application->handleCommand()
#24 {main}
"} 
[2024-12-16 18:08:05] local.ERROR: Syntax error {"exception":"[object] (JsonException(code: 4): Syntax error at /home/cainan/Documents/wirechat-app/vendor/laravel/pail/src/ValueObjects/MessageLogged.php:30)
[stacktrace]
#0 /home/cainan/Documents/wirechat-app/vendor/laravel/pail/src/ValueObjects/MessageLogged.php(30): json_decode()
#1 /home/cainan/Documents/wirechat-app/vendor/laravel/pail/src/ProcessFactory.php(42): Laravel\\Pail\\ValueObjects\\MessageLogged::fromJson()
#2 [internal function]: Laravel\\Pail\\ProcessFactory->Laravel\\Pail\\{closure}()
#3 /home/cainan/Documents/wirechat-app/vendor/laravel/framework/src/Illuminate/Collections/Arr.php(609): array_map()
#4 /home/cainan/Documents/wirechat-app/vendor/laravel/framework/src/Illuminate/Collections/Collection.php(795): Illuminate\\Support\\Arr::map()
#5 /home/cainan/Documents/wirechat-app/vendor/laravel/pail/src/ProcessFactory.php(42): Illuminate\\Support\\Collection->map()
#6 /home/cainan/Documents/wirechat-app/vendor/symfony/process/Process.php(1312): Laravel\\Pail\\ProcessFactory->Laravel\\Pail\\{closure}()
#7 /home/cainan/Documents/wirechat-app/vendor/symfony/process/Process.php(1423): Symfony\\Component\\Process\\Process->Symfony\\Component\\Process\\{closure}()
#8 /home/cainan/Documents/wirechat-app/vendor/symfony/process/Process.php(453): Symfony\\Component\\Process\\Process->readPipes()
#9 /home/cainan/Documents/wirechat-app/vendor/symfony/process/Process.php(252): Symfony\\Component\\Process\\Process->wait()
#10 /home/cainan/Documents/wirechat-app/vendor/laravel/framework/src/Illuminate/Support/HigherOrderTapProxy.php(34): Symfony\\Component\\Process\\Process->run()
#11 /home/cainan/Documents/wirechat-app/vendor/laravel/framework/src/Illuminate/Process/PendingProcess.php(260): Illuminate\\Support\\HigherOrderTapProxy->__call()
#12 /home/cainan/Documents/wirechat-app/vendor/laravel/pail/src/ProcessFactory.php(24): Illuminate\\Process\\PendingProcess->run()
#13 /home/cainan/Documents/wirechat-app/vendor/laravel/pail/src/Console/Commands/PailCommand.php(86): Laravel\\Pail\\ProcessFactory->run()
#14 /home/cainan/Documents/wirechat-app/vendor/laravel/framework/src/Illuminate/Container/BoundMethod.php(36): Laravel\\Pail\\Console\\Commands\\PailCommand->handle()
#15 /home/cainan/Documents/wirechat-app/vendor/laravel/framework/src/Illuminate/Container/Util.php(43): Illuminate\\Container\\BoundMethod::Illuminate\\Container\\{closure}()
#16 /home/cainan/Documents/wirechat-app/vendor/laravel/framework/src/Illuminate/Container/BoundMethod.php(95): Illuminate\\Container\\Util::unwrapIfClosure()
#17 /home/cainan/Documents/wirechat-app/vendor/laravel/framework/src/Illuminate/Container/BoundMethod.php(35): Illuminate\\Container\\BoundMethod::callBoundMethod()
#18 /home/cainan/Documents/wirechat-app/vendor/laravel/framework/src/Illuminate/Container/Container.php(694): Illuminate\\Container\\BoundMethod::call()
#19 /home/cainan/Documents/wirechat-app/vendor/laravel/framework/src/Illuminate/Console/Command.php(213): Illuminate\\Container\\Container->call()
#20 /home/cainan/Documents/wirechat-app/vendor/symfony/console/Command/Command.php(279): Illuminate\\Console\\Command->execute()
#21 /home/cainan/Documents/wirechat-app/vendor/laravel/framework/src/Illuminate/Console/Command.php(182): Symfony\\Component\\Console\\Command\\Command->run()
#22 /home/cainan/Documents/wirechat-app/vendor/symfony/console/Application.php(1094): Illuminate\\Console\\Command->run()
#23 /home/cainan/Documents/wirechat-app/vendor/symfony/console/Application.php(342): Symfony\\Component\\Console\\Application->doRunCommand()
#24 /home/cainan/Documents/wirechat-app/vendor/symfony/console/Application.php(193): Symfony\\Component\\Console\\Application->doRun()
#25 /home/cainan/Documents/wirechat-app/vendor/laravel/framework/src/Illuminate/Foundation/Console/Kernel.php(198): Symfony\\Component\\Console\\Application->run()
#26 /home/cainan/Documents/wirechat-app/vendor/laravel/framework/src/Illuminate/Foundation/Application.php(1205): Illuminate\\Foundation\\Console\\Kernel->handle()
#27 /home/cainan/Documents/wirechat-app/artisan(13): Illuminate\\Foundation\\Application->handleCommand()
#28 {main}
"} 
[2024-12-16 18:08:53] local.ERROR: SQLSTATE[HY000] [2002] Network is unreachable (Connection: mysql, SQL: select * from `cache` where `key` in (illuminate:queue:restart)) {"exception":"[object] (Illuminate\\Database\\QueryException(code: 2002): SQLSTATE[HY000] [2002] Network is unreachable (Connection: mysql, SQL: select * from `cache` where `key` in (illuminate:queue:restart)) at /home/cainan/Documents/wirechat-app/vendor/laravel/framework/src/Illuminate/Database/Connection.php:825)
[stacktrace]
#0 /home/cainan/Documents/wirechat-app/vendor/laravel/framework/src/Illuminate/Database/Connection.php(979): Illuminate\\Database\\Connection->runQueryCallback()
#1 /home/cainan/Documents/wirechat-app/vendor/laravel/framework/src/Illuminate/Database/Connection.php(958): Illuminate\\Database\\Connection->tryAgainIfCausedByLostConnection()
#2 /home/cainan/Documents/wirechat-app/vendor/laravel/framework/src/Illuminate/Database/Connection.php(781): Illuminate\\Database\\Connection->handleQueryException()
#3 /home/cainan/Documents/wirechat-app/vendor/laravel/framework/src/Illuminate/Database/Connection.php(398): Illuminate\\Database\\Connection->run()
#4 /home/cainan/Documents/wirechat-app/vendor/laravel/framework/src/Illuminate/Database/Query/Builder.php(3133): Illuminate\\Database\\Connection->select()
#5 /home/cainan/Documents/wirechat-app/vendor/laravel/framework/src/Illuminate/Database/Query/Builder.php(3118): Illuminate\\Database\\Query\\Builder->runSelect()
#6 /home/cainan/Documents/wirechat-app/vendor/laravel/framework/src/Illuminate/Database/Query/Builder.php(3706): Illuminate\\Database\\Query\\Builder->Illuminate\\Database\\Query\\{closure}()
#7 /home/cainan/Documents/wirechat-app/vendor/laravel/framework/src/Illuminate/Database/Query/Builder.php(3117): Illuminate\\Database\\Query\\Builder->onceWithColumns()
#8 /home/cainan/Documents/wirechat-app/vendor/laravel/framework/src/Illuminate/Cache/DatabaseStore.php(129): Illuminate\\Database\\Query\\Builder->get()
#9 /home/cainan/Documents/wirechat-app/vendor/laravel/framework/src/Illuminate/Cache/DatabaseStore.php(104): Illuminate\\Cache\\DatabaseStore->many()
#10 /home/cainan/Documents/wirechat-app/vendor/laravel/framework/src/Illuminate/Cache/Repository.php(117): Illuminate\\Cache\\DatabaseStore->get()
#11 /home/cainan/Documents/wirechat-app/vendor/laravel/framework/src/Illuminate/Queue/Worker.php(713): Illuminate\\Cache\\Repository->get()
#12 /home/cainan/Documents/wirechat-app/vendor/laravel/framework/src/Illuminate/Queue/Worker.php(139): Illuminate\\Queue\\Worker->getTimestampOfLastQueueRestart()
#13 /home/cainan/Documents/wirechat-app/vendor/laravel/framework/src/Illuminate/Queue/Console/WorkCommand.php(148): Illuminate\\Queue\\Worker->daemon()
#14 /home/cainan/Documents/wirechat-app/vendor/laravel/framework/src/Illuminate/Queue/Console/WorkCommand.php(131): Illuminate\\Queue\\Console\\WorkCommand->runWorker()
#15 /home/cainan/Documents/wirechat-app/vendor/laravel/framework/src/Illuminate/Container/BoundMethod.php(36): Illuminate\\Queue\\Console\\WorkCommand->handle()
#16 /home/cainan/Documents/wirechat-app/vendor/laravel/framework/src/Illuminate/Container/Util.php(43): Illuminate\\Container\\BoundMethod::Illuminate\\Container\\{closure}()
#17 /home/cainan/Documents/wirechat-app/vendor/laravel/framework/src/Illuminate/Container/BoundMethod.php(95): Illuminate\\Container\\Util::unwrapIfClosure()
#18 /home/cainan/Documents/wirechat-app/vendor/laravel/framework/src/Illuminate/Container/BoundMethod.php(35): Illuminate\\Container\\BoundMethod::callBoundMethod()
#19 /home/cainan/Documents/wirechat-app/vendor/laravel/framework/src/Illuminate/Container/Container.php(694): Illuminate\\Container\\BoundMethod::call()
#20 /home/cainan/Documents/wirechat-app/vendor/laravel/framework/src/Illuminate/Console/Command.php(213): Illuminate\\Container\\Container->call()
#21 /home/cainan/Documents/wirechat-app/vendor/symfony/console/Command/Command.php(279): Illuminate\\Console\\Command->execute()
#22 /home/cainan/Documents/wirechat-app/vendor/laravel/framework/src/Illuminate/Console/Command.php(182): Symfony\\Component\\Console\\Command\\Command->run()
#23 /home/cainan/Documents/wirechat-app/vendor/symfony/console/Application.php(1094): Illuminate\\Console\\Command->run()
#24 /home/cainan/Documents/wirechat-app/vendor/symfony/console/Application.php(342): Symfony\\Component\\Console\\Application->doRunCommand()
#25 /home/cainan/Documents/wirechat-app/vendor/symfony/console/Application.php(193): Symfony\\Component\\Console\\Application->doRun()
#26 /home/cainan/Documents/wirechat-app/vendor/laravel/framework/src/Illuminate/Foundation/Console/Kernel.php(198): Symfony\\Component\\Console\\Application->run()
#27 /home/cainan/Documents/wirechat-app/vendor/laravel/framework/src/Illuminate/Foundation/Application.php(1205): Illuminate\\Foundation\\Console\\Kernel->handle()
#28 /home/cainan/Documents/wirechat-app/artisan(13): Illuminate\\Foundation\\Application->handleCommand()
#29 {main}

[previous exception] [object] (PDOException(code: 2002): SQLSTATE[HY000] [2002] Network is unreachable at /home/cainan/Documents/wirechat-app/vendor/laravel/framework/src/Illuminate/Database/Connectors/Connector.php:66)
[stacktrace]
#0 /home/cainan/Documents/wirechat-app/vendor/laravel/framework/src/Illuminate/Database/Connectors/Connector.php(66): PDO->__construct()
#1 /home/cainan/Documents/wirechat-app/vendor/laravel/framework/src/Illuminate/Database/Connectors/Connector.php(85): Illuminate\\Database\\Connectors\\Connector->createPdoConnection()
#2 /home/cainan/Documents/wirechat-app/vendor/laravel/framework/src/Illuminate/Database/Connectors/Connector.php(48): Illuminate\\Database\\Connectors\\Connector->tryAgainIfCausedByLostConnection()
#3 /home/cainan/Documents/wirechat-app/vendor/laravel/framework/src/Illuminate/Database/Connectors/MySqlConnector.php(24): Illuminate\\Database\\Connectors\\Connector->createConnection()
#4 /home/cainan/Documents/wirechat-app/vendor/laravel/framework/src/Illuminate/Database/Connectors/ConnectionFactory.php(185): Illuminate\\Database\\Connectors\\MySqlConnector->connect()
#5 [internal function]: Illuminate\\Database\\Connectors\\ConnectionFactory->Illuminate\\Database\\Connectors\\{closure}()
#6 /home/cainan/Documents/wirechat-app/vendor/laravel/framework/src/Illuminate/Database/Connection.php(1231): call_user_func()
#7 /home/cainan/Documents/wirechat-app/vendor/laravel/framework/src/Illuminate/Database/Connection.php(1267): Illuminate\\Database\\Connection->getPdo()
#8 /home/cainan/Documents/wirechat-app/vendor/laravel/framework/src/Illuminate/Database/Connection.php(512): Illuminate\\Database\\Connection->getReadPdo()
#9 /home/cainan/Documents/wirechat-app/vendor/laravel/framework/src/Illuminate/Database/Connection.php(407): Illuminate\\Database\\Connection->getPdoForSelect()
#10 /home/cainan/Documents/wirechat-app/vendor/laravel/framework/src/Illuminate/Database/Connection.php(812): Illuminate\\Database\\Connection->Illuminate\\Database\\{closure}()
#11 /home/cainan/Documents/wirechat-app/vendor/laravel/framework/src/Illuminate/Database/Connection.php(979): Illuminate\\Database\\Connection->runQueryCallback()
#12 /home/cainan/Documents/wirechat-app/vendor/laravel/framework/src/Illuminate/Database/Connection.php(958): Illuminate\\Database\\Connection->tryAgainIfCausedByLostConnection()
#13 /home/cainan/Documents/wirechat-app/vendor/laravel/framework/src/Illuminate/Database/Connection.php(781): Illuminate\\Database\\Connection->handleQueryException()
#14 /home/cainan/Documents/wirechat-app/vendor/laravel/framework/src/Illuminate/Database/Connection.php(398): Illuminate\\Database\\Connection->run()
#15 /home/cainan/Documents/wirechat-app/vendor/laravel/framework/src/Illuminate/Database/Query/Builder.php(3133): Illuminate\\Database\\Connection->select()
#16 /home/cainan/Documents/wirechat-app/vendor/laravel/framework/src/Illuminate/Database/Query/Builder.php(3118): Illuminate\\Database\\Query\\Builder->runSelect()
#17 /home/cainan/Documents/wirechat-app/vendor/laravel/framework/src/Illuminate/Database/Query/Builder.php(3706): Illuminate\\Database\\Query\\Builder->Illuminate\\Database\\Query\\{closure}()
#18 /home/cainan/Documents/wirechat-app/vendor/laravel/framework/src/Illuminate/Database/Query/Builder.php(3117): Illuminate\\Database\\Query\\Builder->onceWithColumns()
#19 /home/cainan/Documents/wirechat-app/vendor/laravel/framework/src/Illuminate/Cache/DatabaseStore.php(129): Illuminate\\Database\\Query\\Builder->get()
#20 /home/cainan/Documents/wirechat-app/vendor/laravel/framework/src/Illuminate/Cache/DatabaseStore.php(104): Illuminate\\Cache\\DatabaseStore->many()
#21 /home/cainan/Documents/wirechat-app/vendor/laravel/framework/src/Illuminate/Cache/Repository.php(117): Illuminate\\Cache\\DatabaseStore->get()
#22 /home/cainan/Documents/wirechat-app/vendor/laravel/framework/src/Illuminate/Queue/Worker.php(713): Illuminate\\Cache\\Repository->get()
#23 /home/cainan/Documents/wirechat-app/vendor/laravel/framework/src/Illuminate/Queue/Worker.php(139): Illuminate\\Queue\\Worker->getTimestampOfLastQueueRestart()
#24 /home/cainan/Documents/wirechat-app/vendor/laravel/framework/src/Illuminate/Queue/Console/WorkCommand.php(148): Illuminate\\Queue\\Worker->daemon()
#25 /home/cainan/Documents/wirechat-app/vendor/laravel/framework/src/Illuminate/Queue/Console/WorkCommand.php(131): Illuminate\\Queue\\Console\\WorkCommand->runWorker()
#26 /home/cainan/Documents/wirechat-app/vendor/laravel/framework/src/Illuminate/Container/BoundMethod.php(36): Illuminate\\Queue\\Console\\WorkCommand->handle()
#27 /home/cainan/Documents/wirechat-app/vendor/laravel/framework/src/Illuminate/Container/Util.php(43): Illuminate\\Container\\BoundMethod::Illuminate\\Container\\{closure}()
#28 /home/cainan/Documents/wirechat-app/vendor/laravel/framework/src/Illuminate/Container/BoundMethod.php(95): Illuminate\\Container\\Util::unwrapIfClosure()
#29 /home/cainan/Documents/wirechat-app/vendor/laravel/framework/src/Illuminate/Container/BoundMethod.php(35): Illuminate\\Container\\BoundMethod::callBoundMethod()
#30 /home/cainan/Documents/wirechat-app/vendor/laravel/framework/src/Illuminate/Container/Container.php(694): Illuminate\\Container\\BoundMethod::call()
#31 /home/cainan/Documents/wirechat-app/vendor/laravel/framework/src/Illuminate/Console/Command.php(213): Illuminate\\Container\\Container->call()
#32 /home/cainan/Documents/wirechat-app/vendor/symfony/console/Command/Command.php(279): Illuminate\\Console\\Command->execute()
#33 /home/cainan/Documents/wirechat-app/vendor/laravel/framework/src/Illuminate/Console/Command.php(182): Symfony\\Component\\Console\\Command\\Command->run()
#34 /home/cainan/Documents/wirechat-app/vendor/symfony/console/Application.php(1094): Illuminate\\Console\\Command->run()
#35 /home/cainan/Documents/wirechat-app/vendor/symfony/console/Application.php(342): Symfony\\Component\\Console\\Application->doRunCommand()
#36 /home/cainan/Documents/wirechat-app/vendor/symfony/console/Application.php(193): Symfony\\Component\\Console\\Application->doRun()
#37 /home/cainan/Documents/wirechat-app/vendor/laravel/framework/src/Illuminate/Foundation/Console/Kernel.php(198): Symfony\\Component\\Console\\Application->run()
#38 /home/cainan/Documents/wirechat-app/vendor/laravel/framework/src/Illuminate/Foundation/Application.php(1205): Illuminate\\Foundation\\Console\\Kernel->handle()
#39 /home/cainan/Documents/wirechat-app/artisan(13): Illuminate\\Foundation\\Application->handleCommand()
#40 {main}
"} 
[2024-12-16 21:24:22] local.ERROR: SQLSTATE[HY000] [2002] Network is unreachable (Connection: mysql, SQL: select * from `sessions` where `id` = NJUTnyST70GgcWBaMAYv3FKnxt7azHUtIfeiG3E9 limit 1) {"exception":"[object] (Illuminate\\Database\\QueryException(code: 2002): SQLSTATE[HY000] [2002] Network is unreachable (Connection: mysql, SQL: select * from `sessions` where `id` = NJUTnyST70GgcWBaMAYv3FKnxt7azHUtIfeiG3E9 limit 1) at /home/cainan/Documents/wirechat-app/vendor/laravel/framework/src/Illuminate/Database/Connection.php:825)
[stacktrace]
#0 /home/cainan/Documents/wirechat-app/vendor/laravel/framework/src/Illuminate/Database/Connection.php(979): Illuminate\\Database\\Connection->runQueryCallback()
#1 /home/cainan/Documents/wirechat-app/vendor/laravel/framework/src/Illuminate/Database/Connection.php(958): Illuminate\\Database\\Connection->tryAgainIfCausedByLostConnection()
#2 /home/cainan/Documents/wirechat-app/vendor/laravel/framework/src/Illuminate/Database/Connection.php(781): Illuminate\\Database\\Connection->handleQueryException()
#3 /home/cainan/Documents/wirechat-app/vendor/laravel/framework/src/Illuminate/Database/Connection.php(398): Illuminate\\Database\\Connection->run()
#4 /home/cainan/Documents/wirechat-app/vendor/laravel/framework/src/Illuminate/Database/Query/Builder.php(3133): Illuminate\\Database\\Connection->select()
#5 /home/cainan/Documents/wirechat-app/vendor/laravel/framework/src/Illuminate/Database/Query/Builder.php(3118): Illuminate\\Database\\Query\\Builder->runSelect()
#6 /home/cainan/Documents/wirechat-app/vendor/laravel/framework/src/Illuminate/Database/Query/Builder.php(3706): Illuminate\\Database\\Query\\Builder->Illuminate\\Database\\Query\\{closure}()
#7 /home/cainan/Documents/wirechat-app/vendor/laravel/framework/src/Illuminate/Database/Query/Builder.php(3117): Illuminate\\Database\\Query\\Builder->onceWithColumns()
#8 /home/cainan/Documents/wirechat-app/vendor/laravel/framework/src/Illuminate/Database/Concerns/BuildsQueries.php(344): Illuminate\\Database\\Query\\Builder->get()
#9 /home/cainan/Documents/wirechat-app/vendor/laravel/framework/src/Illuminate/Database/Query/Builder.php(3038): Illuminate\\Database\\Query\\Builder->first()
#10 /home/cainan/Documents/wirechat-app/vendor/laravel/framework/src/Illuminate/Session/DatabaseSessionHandler.php(97): Illuminate\\Database\\Query\\Builder->find()
#11 /home/cainan/Documents/wirechat-app/vendor/laravel/framework/src/Illuminate/Session/Store.php(114): Illuminate\\Session\\DatabaseSessionHandler->read()
#12 /home/cainan/Documents/wirechat-app/vendor/laravel/framework/src/Illuminate/Session/Store.php(102): Illuminate\\Session\\Store->readFromHandler()
#13 /home/cainan/Documents/wirechat-app/vendor/laravel/framework/src/Illuminate/Session/Store.php(86): Illuminate\\Session\\Store->loadSession()
#14 /home/cainan/Documents/wirechat-app/vendor/laravel/framework/src/Illuminate/Session/Middleware/StartSession.php(147): Illuminate\\Session\\Store->start()
#15 /home/cainan/Documents/wirechat-app/vendor/laravel/framework/src/Illuminate/Support/helpers.php(393): Illuminate\\Session\\Middleware\\StartSession->Illuminate\\Session\\Middleware\\{closure}()
#16 /home/cainan/Documents/wirechat-app/vendor/laravel/framework/src/Illuminate/Session/Middleware/StartSession.php(144): tap()
#17 /home/cainan/Documents/wirechat-app/vendor/laravel/framework/src/Illuminate/Session/Middleware/StartSession.php(116): Illuminate\\Session\\Middleware\\StartSession->startSession()
#18 /home/cainan/Documents/wirechat-app/vendor/laravel/framework/src/Illuminate/Session/Middleware/StartSession.php(64): Illuminate\\Session\\Middleware\\StartSession->handleStatefulRequest()
#19 /home/cainan/Documents/wirechat-app/vendor/laravel/framework/src/Illuminate/Pipeline/Pipeline.php(183): Illuminate\\Session\\Middleware\\StartSession->handle()
#20 /home/cainan/Documents/wirechat-app/vendor/laravel/framework/src/Illuminate/Cookie/Middleware/AddQueuedCookiesToResponse.php(37): Illuminate\\Pipeline\\Pipeline->Illuminate\\Pipeline\\{closure}()
#21 /home/cainan/Documents/wirechat-app/vendor/laravel/framework/src/Illuminate/Pipeline/Pipeline.php(183): Illuminate\\Cookie\\Middleware\\AddQueuedCookiesToResponse->handle()
#22 /home/cainan/Documents/wirechat-app/vendor/laravel/framework/src/Illuminate/Cookie/Middleware/EncryptCookies.php(75): Illuminate\\Pipeline\\Pipeline->Illuminate\\Pipeline\\{closure}()
#23 /home/cainan/Documents/wirechat-app/vendor/laravel/framework/src/Illuminate/Pipeline/Pipeline.php(183): Illuminate\\Cookie\\Middleware\\EncryptCookies->handle()
#24 /home/cainan/Documents/wirechat-app/vendor/laravel/framework/src/Illuminate/Pipeline/Pipeline.php(119): Illuminate\\Pipeline\\Pipeline->Illuminate\\Pipeline\\{closure}()
#25 /home/cainan/Documents/wirechat-app/vendor/laravel/framework/src/Illuminate/Routing/Router.php(807): Illuminate\\Pipeline\\Pipeline->then()
#26 /home/cainan/Documents/wirechat-app/vendor/laravel/framework/src/Illuminate/Routing/Router.php(786): Illuminate\\Routing\\Router->runRouteWithinStack()
#27 /home/cainan/Documents/wirechat-app/vendor/laravel/framework/src/Illuminate/Routing/Router.php(750): Illuminate\\Routing\\Router->runRoute()
#28 /home/cainan/Documents/wirechat-app/vendor/laravel/framework/src/Illuminate/Routing/Router.php(739): Illuminate\\Routing\\Router->dispatchToRoute()
#29 /home/cainan/Documents/wirechat-app/vendor/laravel/framework/src/Illuminate/Foundation/Http/Kernel.php(201): Illuminate\\Routing\\Router->dispatch()
#30 /home/cainan/Documents/wirechat-app/vendor/laravel/framework/src/Illuminate/Pipeline/Pipeline.php(144): Illuminate\\Foundation\\Http\\Kernel->Illuminate\\Foundation\\Http\\{closure}()
#31 /home/cainan/Documents/wirechat-app/vendor/livewire/livewire/src/Features/SupportDisablingBackButtonCache/DisableBackButtonCacheMiddleware.php(19): Illuminate\\Pipeline\\Pipeline->Illuminate\\Pipeline\\{closure}()
#32 /home/cainan/Documents/wirechat-app/vendor/laravel/framework/src/Illuminate/Pipeline/Pipeline.php(183): Livewire\\Features\\SupportDisablingBackButtonCache\\DisableBackButtonCacheMiddleware->handle()
#33 /home/cainan/Documents/wirechat-app/vendor/laravel/framework/src/Illuminate/Foundation/Http/Middleware/ConvertEmptyStringsToNull.php(27): Illuminate\\Pipeline\\Pipeline->Illuminate\\Pipeline\\{closure}()
#34 /home/cainan/Documents/wirechat-app/vendor/laravel/framework/src/Illuminate/Pipeline/Pipeline.php(183): Illuminate\\Foundation\\Http\\Middleware\\ConvertEmptyStringsToNull->handle()
#35 /home/cainan/Documents/wirechat-app/vendor/laravel/framework/src/Illuminate/Foundation/Http/Middleware/TrimStrings.php(47): Illuminate\\Pipeline\\Pipeline->Illuminate\\Pipeline\\{closure}()
#36 /home/cainan/Documents/wirechat-app/vendor/laravel/framework/src/Illuminate/Pipeline/Pipeline.php(183): Illuminate\\Foundation\\Http\\Middleware\\TrimStrings->handle()
#37 /home/cainan/Documents/wirechat-app/vendor/laravel/framework/src/Illuminate/Http/Middleware/ValidatePostSize.php(27): Illuminate\\Pipeline\\Pipeline->Illuminate\\Pipeline\\{closure}()
#38 /home/cainan/Documents/wirechat-app/vendor/laravel/framework/src/Illuminate/Pipeline/Pipeline.php(183): Illuminate\\Http\\Middleware\\ValidatePostSize->handle()
#39 /home/cainan/Documents/wirechat-app/vendor/laravel/framework/src/Illuminate/Foundation/Http/Middleware/PreventRequestsDuringMaintenance.php(110): Illuminate\\Pipeline\\Pipeline->Illuminate\\Pipeline\\{closure}()
#40 /home/cainan/Documents/wirechat-app/vendor/laravel/framework/src/Illuminate/Pipeline/Pipeline.php(183): Illuminate\\Foundation\\Http\\Middleware\\PreventRequestsDuringMaintenance->handle()
#41 /home/cainan/Documents/wirechat-app/vendor/laravel/framework/src/Illuminate/Http/Middleware/HandleCors.php(49): Illuminate\\Pipeline\\Pipeline->Illuminate\\Pipeline\\{closure}()
#42 /home/cainan/Documents/wirechat-app/vendor/laravel/framework/src/Illuminate/Pipeline/Pipeline.php(183): Illuminate\\Http\\Middleware\\HandleCors->handle()
#43 /home/cainan/Documents/wirechat-app/vendor/laravel/framework/src/Illuminate/Http/Middleware/TrustProxies.php(58): Illuminate\\Pipeline\\Pipeline->Illuminate\\Pipeline\\{closure}()
#44 /home/cainan/Documents/wirechat-app/vendor/laravel/framework/src/Illuminate/Pipeline/Pipeline.php(183): Illuminate\\Http\\Middleware\\TrustProxies->handle()
#45 /home/cainan/Documents/wirechat-app/vendor/laravel/framework/src/Illuminate/Foundation/Http/Middleware/InvokeDeferredCallbacks.php(22): Illuminate\\Pipeline\\Pipeline->Illuminate\\Pipeline\\{closure}()
#46 /home/cainan/Documents/wirechat-app/vendor/laravel/framework/src/Illuminate/Pipeline/Pipeline.php(183): Illuminate\\Foundation\\Http\\Middleware\\InvokeDeferredCallbacks->handle()
#47 /home/cainan/Documents/wirechat-app/vendor/laravel/framework/src/Illuminate/Pipeline/Pipeline.php(119): Illuminate\\Pipeline\\Pipeline->Illuminate\\Pipeline\\{closure}()
#48 /home/cainan/Documents/wirechat-app/vendor/laravel/framework/src/Illuminate/Foundation/Http/Kernel.php(176): Illuminate\\Pipeline\\Pipeline->then()
#49 /home/cainan/Documents/wirechat-app/vendor/laravel/framework/src/Illuminate/Foundation/Http/Kernel.php(145): Illuminate\\Foundation\\Http\\Kernel->sendRequestThroughRouter()
#50 /home/cainan/Documents/wirechat-app/vendor/laravel/framework/src/Illuminate/Foundation/Application.php(1190): Illuminate\\Foundation\\Http\\Kernel->handle()
#51 /home/cainan/Documents/wirechat-app/public/index.php(17): Illuminate\\Foundation\\Application->handleRequest()
#52 /home/cainan/Documents/wirechat-app/vendor/laravel/framework/src/Illuminate/Foundation/resources/server.php(23): require_once('...')
#53 {main}

[previous exception] [object] (PDOException(code: 2002): SQLSTATE[HY000] [2002] Network is unreachable at /home/cainan/Documents/wirechat-app/vendor/laravel/framework/src/Illuminate/Database/Connectors/Connector.php:66)
[stacktrace]
#0 /home/cainan/Documents/wirechat-app/vendor/laravel/framework/src/Illuminate/Database/Connectors/Connector.php(66): PDO->__construct()
#1 /home/cainan/Documents/wirechat-app/vendor/laravel/framework/src/Illuminate/Database/Connectors/Connector.php(85): Illuminate\\Database\\Connectors\\Connector->createPdoConnection()
#2 /home/cainan/Documents/wirechat-app/vendor/laravel/framework/src/Illuminate/Database/Connectors/Connector.php(48): Illuminate\\Database\\Connectors\\Connector->tryAgainIfCausedByLostConnection()
#3 /home/cainan/Documents/wirechat-app/vendor/laravel/framework/src/Illuminate/Database/Connectors/MySqlConnector.php(24): Illuminate\\Database\\Connectors\\Connector->createConnection()
#4 /home/cainan/Documents/wirechat-app/vendor/laravel/framework/src/Illuminate/Database/Connectors/ConnectionFactory.php(185): Illuminate\\Database\\Connectors\\MySqlConnector->connect()
#5 [internal function]: Illuminate\\Database\\Connectors\\ConnectionFactory->Illuminate\\Database\\Connectors\\{closure}()
#6 /home/cainan/Documents/wirechat-app/vendor/laravel/framework/src/Illuminate/Database/Connection.php(1231): call_user_func()
#7 /home/cainan/Documents/wirechat-app/vendor/laravel/framework/src/Illuminate/Database/Connection.php(1267): Illuminate\\Database\\Connection->getPdo()
#8 /home/cainan/Documents/wirechat-app/vendor/laravel/framework/src/Illuminate/Database/Connection.php(512): Illuminate\\Database\\Connection->getReadPdo()
#9 /home/cainan/Documents/wirechat-app/vendor/laravel/framework/src/Illuminate/Database/Connection.php(407): Illuminate\\Database\\Connection->getPdoForSelect()
#10 /home/cainan/Documents/wirechat-app/vendor/laravel/framework/src/Illuminate/Database/Connection.php(812): Illuminate\\Database\\Connection->Illuminate\\Database\\{closure}()
#11 /home/cainan/Documents/wirechat-app/vendor/laravel/framework/src/Illuminate/Database/Connection.php(979): Illuminate\\Database\\Connection->runQueryCallback()
#12 /home/cainan/Documents/wirechat-app/vendor/laravel/framework/src/Illuminate/Database/Connection.php(958): Illuminate\\Database\\Connection->tryAgainIfCausedByLostConnection()
#13 /home/cainan/Documents/wirechat-app/vendor/laravel/framework/src/Illuminate/Database/Connection.php(781): Illuminate\\Database\\Connection->handleQueryException()
#14 /home/cainan/Documents/wirechat-app/vendor/laravel/framework/src/Illuminate/Database/Connection.php(398): Illuminate\\Database\\Connection->run()
#15 /home/cainan/Documents/wirechat-app/vendor/laravel/framework/src/Illuminate/Database/Query/Builder.php(3133): Illuminate\\Database\\Connection->select()
#16 /home/cainan/Documents/wirechat-app/vendor/laravel/framework/src/Illuminate/Database/Query/Builder.php(3118): Illuminate\\Database\\Query\\Builder->runSelect()
#17 /home/cainan/Documents/wirechat-app/vendor/laravel/framework/src/Illuminate/Database/Query/Builder.php(3706): Illuminate\\Database\\Query\\Builder->Illuminate\\Database\\Query\\{closure}()
#18 /home/cainan/Documents/wirechat-app/vendor/laravel/framework/src/Illuminate/Database/Query/Builder.php(3117): Illuminate\\Database\\Query\\Builder->onceWithColumns()
#19 /home/cainan/Documents/wirechat-app/vendor/laravel/framework/src/Illuminate/Database/Concerns/BuildsQueries.php(344): Illuminate\\Database\\Query\\Builder->get()
#20 /home/cainan/Documents/wirechat-app/vendor/laravel/framework/src/Illuminate/Database/Query/Builder.php(3038): Illuminate\\Database\\Query\\Builder->first()
#21 /home/cainan/Documents/wirechat-app/vendor/laravel/framework/src/Illuminate/Session/DatabaseSessionHandler.php(97): Illuminate\\Database\\Query\\Builder->find()
#22 /home/cainan/Documents/wirechat-app/vendor/laravel/framework/src/Illuminate/Session/Store.php(114): Illuminate\\Session\\DatabaseSessionHandler->read()
#23 /home/cainan/Documents/wirechat-app/vendor/laravel/framework/src/Illuminate/Session/Store.php(102): Illuminate\\Session\\Store->readFromHandler()
#24 /home/cainan/Documents/wirechat-app/vendor/laravel/framework/src/Illuminate/Session/Store.php(86): Illuminate\\Session\\Store->loadSession()
#25 /home/cainan/Documents/wirechat-app/vendor/laravel/framework/src/Illuminate/Session/Middleware/StartSession.php(147): Illuminate\\Session\\Store->start()
#26 /home/cainan/Documents/wirechat-app/vendor/laravel/framework/src/Illuminate/Support/helpers.php(393): Illuminate\\Session\\Middleware\\StartSession->Illuminate\\Session\\Middleware\\{closure}()
#27 /home/cainan/Documents/wirechat-app/vendor/laravel/framework/src/Illuminate/Session/Middleware/StartSession.php(144): tap()
#28 /home/cainan/Documents/wirechat-app/vendor/laravel/framework/src/Illuminate/Session/Middleware/StartSession.php(116): Illuminate\\Session\\Middleware\\StartSession->startSession()
#29 /home/cainan/Documents/wirechat-app/vendor/laravel/framework/src/Illuminate/Session/Middleware/StartSession.php(64): Illuminate\\Session\\Middleware\\StartSession->handleStatefulRequest()
#30 /home/cainan/Documents/wirechat-app/vendor/laravel/framework/src/Illuminate/Pipeline/Pipeline.php(183): Illuminate\\Session\\Middleware\\StartSession->handle()
#31 /home/cainan/Documents/wirechat-app/vendor/laravel/framework/src/Illuminate/Cookie/Middleware/AddQueuedCookiesToResponse.php(37): Illuminate\\Pipeline\\Pipeline->Illuminate\\Pipeline\\{closure}()
#32 /home/cainan/Documents/wirechat-app/vendor/laravel/framework/src/Illuminate/Pipeline/Pipeline.php(183): Illuminate\\Cookie\\Middleware\\AddQueuedCookiesToResponse->handle()
#33 /home/cainan/Documents/wirechat-app/vendor/laravel/framework/src/Illuminate/Cookie/Middleware/EncryptCookies.php(75): Illuminate\\Pipeline\\Pipeline->Illuminate\\Pipeline\\{closure}()
#34 /home/cainan/Documents/wirechat-app/vendor/laravel/framework/src/Illuminate/Pipeline/Pipeline.php(183): Illuminate\\Cookie\\Middleware\\EncryptCookies->handle()
#35 /home/cainan/Documents/wirechat-app/vendor/laravel/framework/src/Illuminate/Pipeline/Pipeline.php(119): Illuminate\\Pipeline\\Pipeline->Illuminate\\Pipeline\\{closure}()
#36 /home/cainan/Documents/wirechat-app/vendor/laravel/framework/src/Illuminate/Routing/Router.php(807): Illuminate\\Pipeline\\Pipeline->then()
#37 /home/cainan/Documents/wirechat-app/vendor/laravel/framework/src/Illuminate/Routing/Router.php(786): Illuminate\\Routing\\Router->runRouteWithinStack()
#38 /home/cainan/Documents/wirechat-app/vendor/laravel/framework/src/Illuminate/Routing/Router.php(750): Illuminate\\Routing\\Router->runRoute()
#39 /home/cainan/Documents/wirechat-app/vendor/laravel/framework/src/Illuminate/Routing/Router.php(739): Illuminate\\Routing\\Router->dispatchToRoute()
#40 /home/cainan/Documents/wirechat-app/vendor/laravel/framework/src/Illuminate/Foundation/Http/Kernel.php(201): Illuminate\\Routing\\Router->dispatch()
#41 /home/cainan/Documents/wirechat-app/vendor/laravel/framework/src/Illuminate/Pipeline/Pipeline.php(144): Illuminate\\Foundation\\Http\\Kernel->Illuminate\\Foundation\\Http\\{closure}()
#42 /home/cainan/Documents/wirechat-app/vendor/livewire/livewire/src/Features/SupportDisablingBackButtonCache/DisableBackButtonCacheMiddleware.php(19): Illuminate\\Pipeline\\Pipeline->Illuminate\\Pipeline\\{closure}()
#43 /home/cainan/Documents/wirechat-app/vendor/laravel/framework/src/Illuminate/Pipeline/Pipeline.php(183): Livewire\\Features\\SupportDisablingBackButtonCache\\DisableBackButtonCacheMiddleware->handle()
#44 /home/cainan/Documents/wirechat-app/vendor/laravel/framework/src/Illuminate/Foundation/Http/Middleware/ConvertEmptyStringsToNull.php(27): Illuminate\\Pipeline\\Pipeline->Illuminate\\Pipeline\\{closure}()
#45 /home/cainan/Documents/wirechat-app/vendor/laravel/framework/src/Illuminate/Pipeline/Pipeline.php(183): Illuminate\\Foundation\\Http\\Middleware\\ConvertEmptyStringsToNull->handle()
#46 /home/cainan/Documents/wirechat-app/vendor/laravel/framework/src/Illuminate/Foundation/Http/Middleware/TrimStrings.php(47): Illuminate\\Pipeline\\Pipeline->Illuminate\\Pipeline\\{closure}()
#47 /home/cainan/Documents/wirechat-app/vendor/laravel/framework/src/Illuminate/Pipeline/Pipeline.php(183): Illuminate\\Foundation\\Http\\Middleware\\TrimStrings->handle()
#48 /home/cainan/Documents/wirechat-app/vendor/laravel/framework/src/Illuminate/Http/Middleware/ValidatePostSize.php(27): Illuminate\\Pipeline\\Pipeline->Illuminate\\Pipeline\\{closure}()
#49 /home/cainan/Documents/wirechat-app/vendor/laravel/framework/src/Illuminate/Pipeline/Pipeline.php(183): Illuminate\\Http\\Middleware\\ValidatePostSize->handle()
#50 /home/cainan/Documents/wirechat-app/vendor/laravel/framework/src/Illuminate/Foundation/Http/Middleware/PreventRequestsDuringMaintenance.php(110): Illuminate\\Pipeline\\Pipeline->Illuminate\\Pipeline\\{closure}()
#51 /home/cainan/Documents/wirechat-app/vendor/laravel/framework/src/Illuminate/Pipeline/Pipeline.php(183): Illuminate\\Foundation\\Http\\Middleware\\PreventRequestsDuringMaintenance->handle()
#52 /home/cainan/Documents/wirechat-app/vendor/laravel/framework/src/Illuminate/Http/Middleware/HandleCors.php(49): Illuminate\\Pipeline\\Pipeline->Illuminate\\Pipeline\\{closure}()
#53 /home/cainan/Documents/wirechat-app/vendor/laravel/framework/src/Illuminate/Pipeline/Pipeline.php(183): Illuminate\\Http\\Middleware\\HandleCors->handle()
#54 /home/cainan/Documents/wirechat-app/vendor/laravel/framework/src/Illuminate/Http/Middleware/TrustProxies.php(58): Illuminate\\Pipeline\\Pipeline->Illuminate\\Pipeline\\{closure}()
#55 /home/cainan/Documents/wirechat-app/vendor/laravel/framework/src/Illuminate/Pipeline/Pipeline.php(183): Illuminate\\Http\\Middleware\\TrustProxies->handle()
#56 /home/cainan/Documents/wirechat-app/vendor/laravel/framework/src/Illuminate/Foundation/Http/Middleware/InvokeDeferredCallbacks.php(22): Illuminate\\Pipeline\\Pipeline->Illuminate\\Pipeline\\{closure}()
#57 /home/cainan/Documents/wirechat-app/vendor/laravel/framework/src/Illuminate/Pipeline/Pipeline.php(183): Illuminate\\Foundation\\Http\\Middleware\\InvokeDeferredCallbacks->handle()
#58 /home/cainan/Documents/wirechat-app/vendor/laravel/framework/src/Illuminate/Pipeline/Pipeline.php(119): Illuminate\\Pipeline\\Pipeline->Illuminate\\Pipeline\\{closure}()
#59 /home/cainan/Documents/wirechat-app/vendor/laravel/framework/src/Illuminate/Foundation/Http/Kernel.php(176): Illuminate\\Pipeline\\Pipeline->then()
#60 /home/cainan/Documents/wirechat-app/vendor/laravel/framework/src/Illuminate/Foundation/Http/Kernel.php(145): Illuminate\\Foundation\\Http\\Kernel->sendRequestThroughRouter()
#61 /home/cainan/Documents/wirechat-app/vendor/laravel/framework/src/Illuminate/Foundation/Application.php(1190): Illuminate\\Foundation\\Http\\Kernel->handle()
#62 /home/cainan/Documents/wirechat-app/public/index.php(17): Illuminate\\Foundation\\Application->handleRequest()
#63 /home/cainan/Documents/wirechat-app/vendor/laravel/framework/src/Illuminate/Foundation/resources/server.php(23): require_once('...')
#64 {main}
"} 
[2024-12-16 21:24:22] local.ERROR: Syntax error {"exception":"[object] (JsonException(code: 4): Syntax error at /home/cainan/Documents/wirechat-app/vendor/laravel/pail/src/ValueObjects/MessageLogged.php:30)
[stacktrace]
#0 /home/cainan/Documents/wirechat-app/vendor/laravel/pail/src/ValueObjects/MessageLogged.php(30): json_decode()
#1 /home/cainan/Documents/wirechat-app/vendor/laravel/pail/src/ProcessFactory.php(42): Laravel\\Pail\\ValueObjects\\MessageLogged::fromJson()
#2 [internal function]: Laravel\\Pail\\ProcessFactory->Laravel\\Pail\\{closure}()
#3 /home/cainan/Documents/wirechat-app/vendor/laravel/framework/src/Illuminate/Collections/Arr.php(609): array_map()
#4 /home/cainan/Documents/wirechat-app/vendor/laravel/framework/src/Illuminate/Collections/Collection.php(795): Illuminate\\Support\\Arr::map()
#5 /home/cainan/Documents/wirechat-app/vendor/laravel/pail/src/ProcessFactory.php(42): Illuminate\\Support\\Collection->map()
#6 /home/cainan/Documents/wirechat-app/vendor/symfony/process/Process.php(1312): Laravel\\Pail\\ProcessFactory->Laravel\\Pail\\{closure}()
#7 /home/cainan/Documents/wirechat-app/vendor/symfony/process/Process.php(1423): Symfony\\Component\\Process\\Process->Symfony\\Component\\Process\\{closure}()
#8 /home/cainan/Documents/wirechat-app/vendor/symfony/process/Process.php(453): Symfony\\Component\\Process\\Process->readPipes()
#9 /home/cainan/Documents/wirechat-app/vendor/symfony/process/Process.php(252): Symfony\\Component\\Process\\Process->wait()
#10 /home/cainan/Documents/wirechat-app/vendor/laravel/framework/src/Illuminate/Support/HigherOrderTapProxy.php(34): Symfony\\Component\\Process\\Process->run()
#11 /home/cainan/Documents/wirechat-app/vendor/laravel/framework/src/Illuminate/Process/PendingProcess.php(260): Illuminate\\Support\\HigherOrderTapProxy->__call()
#12 /home/cainan/Documents/wirechat-app/vendor/laravel/pail/src/ProcessFactory.php(24): Illuminate\\Process\\PendingProcess->run()
#13 /home/cainan/Documents/wirechat-app/vendor/laravel/pail/src/Console/Commands/PailCommand.php(86): Laravel\\Pail\\ProcessFactory->run()
#14 /home/cainan/Documents/wirechat-app/vendor/laravel/framework/src/Illuminate/Container/BoundMethod.php(36): Laravel\\Pail\\Console\\Commands\\PailCommand->handle()
#15 /home/cainan/Documents/wirechat-app/vendor/laravel/framework/src/Illuminate/Container/Util.php(43): Illuminate\\Container\\BoundMethod::Illuminate\\Container\\{closure}()
#16 /home/cainan/Documents/wirechat-app/vendor/laravel/framework/src/Illuminate/Container/BoundMethod.php(95): Illuminate\\Container\\Util::unwrapIfClosure()
#17 /home/cainan/Documents/wirechat-app/vendor/laravel/framework/src/Illuminate/Container/BoundMethod.php(35): Illuminate\\Container\\BoundMethod::callBoundMethod()
#18 /home/cainan/Documents/wirechat-app/vendor/laravel/framework/src/Illuminate/Container/Container.php(694): Illuminate\\Container\\BoundMethod::call()
#19 /home/cainan/Documents/wirechat-app/vendor/laravel/framework/src/Illuminate/Console/Command.php(213): Illuminate\\Container\\Container->call()
#20 /home/cainan/Documents/wirechat-app/vendor/symfony/console/Command/Command.php(279): Illuminate\\Console\\Command->execute()
#21 /home/cainan/Documents/wirechat-app/vendor/laravel/framework/src/Illuminate/Console/Command.php(182): Symfony\\Component\\Console\\Command\\Command->run()
#22 /home/cainan/Documents/wirechat-app/vendor/symfony/console/Application.php(1094): Illuminate\\Console\\Command->run()
#23 /home/cainan/Documents/wirechat-app/vendor/symfony/console/Application.php(342): Symfony\\Component\\Console\\Application->doRunCommand()
#24 /home/cainan/Documents/wirechat-app/vendor/symfony/console/Application.php(193): Symfony\\Component\\Console\\Application->doRun()
#25 /home/cainan/Documents/wirechat-app/vendor/laravel/framework/src/Illuminate/Foundation/Console/Kernel.php(198): Symfony\\Component\\Console\\Application->run()
#26 /home/cainan/Documents/wirechat-app/vendor/laravel/framework/src/Illuminate/Foundation/Application.php(1205): Illuminate\\Foundation\\Console\\Kernel->handle()
#27 /home/cainan/Documents/wirechat-app/artisan(13): Illuminate\\Foundation\\Application->handleCommand()
#28 {main}
"} 
[2024-12-16 21:24:34] local.ERROR: SQLSTATE[HY000] [2002] Network is unreachable (Connection: mysql, SQL: select * from `cache` where `key` in (illuminate:queue:restart)) {"exception":"[object] (Illuminate\\Database\\QueryException(code: 2002): SQLSTATE[HY000] [2002] Network is unreachable (Connection: mysql, SQL: select * from `cache` where `key` in (illuminate:queue:restart)) at /home/cainan/Documents/wirechat-app/vendor/laravel/framework/src/Illuminate/Database/Connection.php:825)
[stacktrace]
#0 /home/cainan/Documents/wirechat-app/vendor/laravel/framework/src/Illuminate/Database/Connection.php(979): Illuminate\\Database\\Connection->runQueryCallback()
#1 /home/cainan/Documents/wirechat-app/vendor/laravel/framework/src/Illuminate/Database/Connection.php(958): Illuminate\\Database\\Connection->tryAgainIfCausedByLostConnection()
#2 /home/cainan/Documents/wirechat-app/vendor/laravel/framework/src/Illuminate/Database/Connection.php(781): Illuminate\\Database\\Connection->handleQueryException()
#3 /home/cainan/Documents/wirechat-app/vendor/laravel/framework/src/Illuminate/Database/Connection.php(398): Illuminate\\Database\\Connection->run()
#4 /home/cainan/Documents/wirechat-app/vendor/laravel/framework/src/Illuminate/Database/Query/Builder.php(3133): Illuminate\\Database\\Connection->select()
#5 /home/cainan/Documents/wirechat-app/vendor/laravel/framework/src/Illuminate/Database/Query/Builder.php(3118): Illuminate\\Database\\Query\\Builder->runSelect()
#6 /home/cainan/Documents/wirechat-app/vendor/laravel/framework/src/Illuminate/Database/Query/Builder.php(3706): Illuminate\\Database\\Query\\Builder->Illuminate\\Database\\Query\\{closure}()
#7 /home/cainan/Documents/wirechat-app/vendor/laravel/framework/src/Illuminate/Database/Query/Builder.php(3117): Illuminate\\Database\\Query\\Builder->onceWithColumns()
#8 /home/cainan/Documents/wirechat-app/vendor/laravel/framework/src/Illuminate/Cache/DatabaseStore.php(129): Illuminate\\Database\\Query\\Builder->get()
#9 /home/cainan/Documents/wirechat-app/vendor/laravel/framework/src/Illuminate/Cache/DatabaseStore.php(104): Illuminate\\Cache\\DatabaseStore->many()
#10 /home/cainan/Documents/wirechat-app/vendor/laravel/framework/src/Illuminate/Cache/Repository.php(117): Illuminate\\Cache\\DatabaseStore->get()
#11 /home/cainan/Documents/wirechat-app/vendor/laravel/framework/src/Illuminate/Queue/Worker.php(713): Illuminate\\Cache\\Repository->get()
#12 /home/cainan/Documents/wirechat-app/vendor/laravel/framework/src/Illuminate/Queue/Worker.php(139): Illuminate\\Queue\\Worker->getTimestampOfLastQueueRestart()
#13 /home/cainan/Documents/wirechat-app/vendor/laravel/framework/src/Illuminate/Queue/Console/WorkCommand.php(148): Illuminate\\Queue\\Worker->daemon()
#14 /home/cainan/Documents/wirechat-app/vendor/laravel/framework/src/Illuminate/Queue/Console/WorkCommand.php(131): Illuminate\\Queue\\Console\\WorkCommand->runWorker()
#15 /home/cainan/Documents/wirechat-app/vendor/laravel/framework/src/Illuminate/Container/BoundMethod.php(36): Illuminate\\Queue\\Console\\WorkCommand->handle()
#16 /home/cainan/Documents/wirechat-app/vendor/laravel/framework/src/Illuminate/Container/Util.php(43): Illuminate\\Container\\BoundMethod::Illuminate\\Container\\{closure}()
#17 /home/cainan/Documents/wirechat-app/vendor/laravel/framework/src/Illuminate/Container/BoundMethod.php(95): Illuminate\\Container\\Util::unwrapIfClosure()
#18 /home/cainan/Documents/wirechat-app/vendor/laravel/framework/src/Illuminate/Container/BoundMethod.php(35): Illuminate\\Container\\BoundMethod::callBoundMethod()
#19 /home/cainan/Documents/wirechat-app/vendor/laravel/framework/src/Illuminate/Container/Container.php(694): Illuminate\\Container\\BoundMethod::call()
#20 /home/cainan/Documents/wirechat-app/vendor/laravel/framework/src/Illuminate/Console/Command.php(213): Illuminate\\Container\\Container->call()
#21 /home/cainan/Documents/wirechat-app/vendor/symfony/console/Command/Command.php(279): Illuminate\\Console\\Command->execute()
#22 /home/cainan/Documents/wirechat-app/vendor/laravel/framework/src/Illuminate/Console/Command.php(182): Symfony\\Component\\Console\\Command\\Command->run()
#23 /home/cainan/Documents/wirechat-app/vendor/symfony/console/Application.php(1094): Illuminate\\Console\\Command->run()
#24 /home/cainan/Documents/wirechat-app/vendor/symfony/console/Application.php(342): Symfony\\Component\\Console\\Application->doRunCommand()
#25 /home/cainan/Documents/wirechat-app/vendor/symfony/console/Application.php(193): Symfony\\Component\\Console\\Application->doRun()
#26 /home/cainan/Documents/wirechat-app/vendor/laravel/framework/src/Illuminate/Foundation/Console/Kernel.php(198): Symfony\\Component\\Console\\Application->run()
#27 /home/cainan/Documents/wirechat-app/vendor/laravel/framework/src/Illuminate/Foundation/Application.php(1205): Illuminate\\Foundation\\Console\\Kernel->handle()
#28 /home/cainan/Documents/wirechat-app/artisan(13): Illuminate\\Foundation\\Application->handleCommand()
#29 {main}

[previous exception] [object] (PDOException(code: 2002): SQLSTATE[HY000] [2002] Network is unreachable at /home/cainan/Documents/wirechat-app/vendor/laravel/framework/src/Illuminate/Database/Connectors/Connector.php:66)
[stacktrace]
#0 /home/cainan/Documents/wirechat-app/vendor/laravel/framework/src/Illuminate/Database/Connectors/Connector.php(66): PDO->__construct()
#1 /home/cainan/Documents/wirechat-app/vendor/laravel/framework/src/Illuminate/Database/Connectors/Connector.php(85): Illuminate\\Database\\Connectors\\Connector->createPdoConnection()
#2 /home/cainan/Documents/wirechat-app/vendor/laravel/framework/src/Illuminate/Database/Connectors/Connector.php(48): Illuminate\\Database\\Connectors\\Connector->tryAgainIfCausedByLostConnection()
#3 /home/cainan/Documents/wirechat-app/vendor/laravel/framework/src/Illuminate/Database/Connectors/MySqlConnector.php(24): Illuminate\\Database\\Connectors\\Connector->createConnection()
#4 /home/cainan/Documents/wirechat-app/vendor/laravel/framework/src/Illuminate/Database/Connectors/ConnectionFactory.php(185): Illuminate\\Database\\Connectors\\MySqlConnector->connect()
#5 [internal function]: Illuminate\\Database\\Connectors\\ConnectionFactory->Illuminate\\Database\\Connectors\\{closure}()
#6 /home/cainan/Documents/wirechat-app/vendor/laravel/framework/src/Illuminate/Database/Connection.php(1231): call_user_func()
#7 /home/cainan/Documents/wirechat-app/vendor/laravel/framework/src/Illuminate/Database/Connection.php(1267): Illuminate\\Database\\Connection->getPdo()
#8 /home/cainan/Documents/wirechat-app/vendor/laravel/framework/src/Illuminate/Database/Connection.php(512): Illuminate\\Database\\Connection->getReadPdo()
#9 /home/cainan/Documents/wirechat-app/vendor/laravel/framework/src/Illuminate/Database/Connection.php(407): Illuminate\\Database\\Connection->getPdoForSelect()
#10 /home/cainan/Documents/wirechat-app/vendor/laravel/framework/src/Illuminate/Database/Connection.php(812): Illuminate\\Database\\Connection->Illuminate\\Database\\{closure}()
#11 /home/cainan/Documents/wirechat-app/vendor/laravel/framework/src/Illuminate/Database/Connection.php(979): Illuminate\\Database\\Connection->runQueryCallback()
#12 /home/cainan/Documents/wirechat-app/vendor/laravel/framework/src/Illuminate/Database/Connection.php(958): Illuminate\\Database\\Connection->tryAgainIfCausedByLostConnection()
#13 /home/cainan/Documents/wirechat-app/vendor/laravel/framework/src/Illuminate/Database/Connection.php(781): Illuminate\\Database\\Connection->handleQueryException()
#14 /home/cainan/Documents/wirechat-app/vendor/laravel/framework/src/Illuminate/Database/Connection.php(398): Illuminate\\Database\\Connection->run()
#15 /home/cainan/Documents/wirechat-app/vendor/laravel/framework/src/Illuminate/Database/Query/Builder.php(3133): Illuminate\\Database\\Connection->select()
#16 /home/cainan/Documents/wirechat-app/vendor/laravel/framework/src/Illuminate/Database/Query/Builder.php(3118): Illuminate\\Database\\Query\\Builder->runSelect()
#17 /home/cainan/Documents/wirechat-app/vendor/laravel/framework/src/Illuminate/Database/Query/Builder.php(3706): Illuminate\\Database\\Query\\Builder->Illuminate\\Database\\Query\\{closure}()
#18 /home/cainan/Documents/wirechat-app/vendor/laravel/framework/src/Illuminate/Database/Query/Builder.php(3117): Illuminate\\Database\\Query\\Builder->onceWithColumns()
#19 /home/cainan/Documents/wirechat-app/vendor/laravel/framework/src/Illuminate/Cache/DatabaseStore.php(129): Illuminate\\Database\\Query\\Builder->get()
#20 /home/cainan/Documents/wirechat-app/vendor/laravel/framework/src/Illuminate/Cache/DatabaseStore.php(104): Illuminate\\Cache\\DatabaseStore->many()
#21 /home/cainan/Documents/wirechat-app/vendor/laravel/framework/src/Illuminate/Cache/Repository.php(117): Illuminate\\Cache\\DatabaseStore->get()
#22 /home/cainan/Documents/wirechat-app/vendor/laravel/framework/src/Illuminate/Queue/Worker.php(713): Illuminate\\Cache\\Repository->get()
#23 /home/cainan/Documents/wirechat-app/vendor/laravel/framework/src/Illuminate/Queue/Worker.php(139): Illuminate\\Queue\\Worker->getTimestampOfLastQueueRestart()
#24 /home/cainan/Documents/wirechat-app/vendor/laravel/framework/src/Illuminate/Queue/Console/WorkCommand.php(148): Illuminate\\Queue\\Worker->daemon()
#25 /home/cainan/Documents/wirechat-app/vendor/laravel/framework/src/Illuminate/Queue/Console/WorkCommand.php(131): Illuminate\\Queue\\Console\\WorkCommand->runWorker()
#26 /home/cainan/Documents/wirechat-app/vendor/laravel/framework/src/Illuminate/Container/BoundMethod.php(36): Illuminate\\Queue\\Console\\WorkCommand->handle()
#27 /home/cainan/Documents/wirechat-app/vendor/laravel/framework/src/Illuminate/Container/Util.php(43): Illuminate\\Container\\BoundMethod::Illuminate\\Container\\{closure}()
#28 /home/cainan/Documents/wirechat-app/vendor/laravel/framework/src/Illuminate/Container/BoundMethod.php(95): Illuminate\\Container\\Util::unwrapIfClosure()
#29 /home/cainan/Documents/wirechat-app/vendor/laravel/framework/src/Illuminate/Container/BoundMethod.php(35): Illuminate\\Container\\BoundMethod::callBoundMethod()
#30 /home/cainan/Documents/wirechat-app/vendor/laravel/framework/src/Illuminate/Container/Container.php(694): Illuminate\\Container\\BoundMethod::call()
#31 /home/cainan/Documents/wirechat-app/vendor/laravel/framework/src/Illuminate/Console/Command.php(213): Illuminate\\Container\\Container->call()
#32 /home/cainan/Documents/wirechat-app/vendor/symfony/console/Command/Command.php(279): Illuminate\\Console\\Command->execute()
#33 /home/cainan/Documents/wirechat-app/vendor/laravel/framework/src/Illuminate/Console/Command.php(182): Symfony\\Component\\Console\\Command\\Command->run()
#34 /home/cainan/Documents/wirechat-app/vendor/symfony/console/Application.php(1094): Illuminate\\Console\\Command->run()
#35 /home/cainan/Documents/wirechat-app/vendor/symfony/console/Application.php(342): Symfony\\Component\\Console\\Application->doRunCommand()
#36 /home/cainan/Documents/wirechat-app/vendor/symfony/console/Application.php(193): Symfony\\Component\\Console\\Application->doRun()
#37 /home/cainan/Documents/wirechat-app/vendor/laravel/framework/src/Illuminate/Foundation/Console/Kernel.php(198): Symfony\\Component\\Console\\Application->run()
#38 /home/cainan/Documents/wirechat-app/vendor/laravel/framework/src/Illuminate/Foundation/Application.php(1205): Illuminate\\Foundation\\Console\\Kernel->handle()
#39 /home/cainan/Documents/wirechat-app/artisan(13): Illuminate\\Foundation\\Application->handleCommand()
#40 {main}
"} 
[2024-12-16 21:24:36] local.ERROR: SQLSTATE[HY000] [2002] Network is unreachable (Connection: mysql, SQL: select * from `sessions` where `id` = zT3brD7sONxcdtHUrlFw9k3rcEUDQxYAbwDu2Xvb limit 1) {"exception":"[object] (Illuminate\\Database\\QueryException(code: 2002): SQLSTATE[HY000] [2002] Network is unreachable (Connection: mysql, SQL: select * from `sessions` where `id` = zT3brD7sONxcdtHUrlFw9k3rcEUDQxYAbwDu2Xvb limit 1) at /home/cainan/Documents/wirechat-app/vendor/laravel/framework/src/Illuminate/Database/Connection.php:825)
[stacktrace]
#0 /home/cainan/Documents/wirechat-app/vendor/laravel/framework/src/Illuminate/Database/Connection.php(979): Illuminate\\Database\\Connection->runQueryCallback()
#1 /home/cainan/Documents/wirechat-app/vendor/laravel/framework/src/Illuminate/Database/Connection.php(958): Illuminate\\Database\\Connection->tryAgainIfCausedByLostConnection()
#2 /home/cainan/Documents/wirechat-app/vendor/laravel/framework/src/Illuminate/Database/Connection.php(781): Illuminate\\Database\\Connection->handleQueryException()
#3 /home/cainan/Documents/wirechat-app/vendor/laravel/framework/src/Illuminate/Database/Connection.php(398): Illuminate\\Database\\Connection->run()
#4 /home/cainan/Documents/wirechat-app/vendor/laravel/framework/src/Illuminate/Database/Query/Builder.php(3133): Illuminate\\Database\\Connection->select()
#5 /home/cainan/Documents/wirechat-app/vendor/laravel/framework/src/Illuminate/Database/Query/Builder.php(3118): Illuminate\\Database\\Query\\Builder->runSelect()
#6 /home/cainan/Documents/wirechat-app/vendor/laravel/framework/src/Illuminate/Database/Query/Builder.php(3706): Illuminate\\Database\\Query\\Builder->Illuminate\\Database\\Query\\{closure}()
#7 /home/cainan/Documents/wirechat-app/vendor/laravel/framework/src/Illuminate/Database/Query/Builder.php(3117): Illuminate\\Database\\Query\\Builder->onceWithColumns()
#8 /home/cainan/Documents/wirechat-app/vendor/laravel/framework/src/Illuminate/Database/Concerns/BuildsQueries.php(344): Illuminate\\Database\\Query\\Builder->get()
#9 /home/cainan/Documents/wirechat-app/vendor/laravel/framework/src/Illuminate/Database/Query/Builder.php(3038): Illuminate\\Database\\Query\\Builder->first()
#10 /home/cainan/Documents/wirechat-app/vendor/laravel/framework/src/Illuminate/Session/DatabaseSessionHandler.php(97): Illuminate\\Database\\Query\\Builder->find()
#11 /home/cainan/Documents/wirechat-app/vendor/laravel/framework/src/Illuminate/Session/Store.php(114): Illuminate\\Session\\DatabaseSessionHandler->read()
#12 /home/cainan/Documents/wirechat-app/vendor/laravel/framework/src/Illuminate/Session/Store.php(102): Illuminate\\Session\\Store->readFromHandler()
#13 /home/cainan/Documents/wirechat-app/vendor/laravel/framework/src/Illuminate/Session/Store.php(86): Illuminate\\Session\\Store->loadSession()
#14 /home/cainan/Documents/wirechat-app/vendor/laravel/framework/src/Illuminate/Session/Middleware/StartSession.php(147): Illuminate\\Session\\Store->start()
#15 /home/cainan/Documents/wirechat-app/vendor/laravel/framework/src/Illuminate/Support/helpers.php(393): Illuminate\\Session\\Middleware\\StartSession->Illuminate\\Session\\Middleware\\{closure}()
#16 /home/cainan/Documents/wirechat-app/vendor/laravel/framework/src/Illuminate/Session/Middleware/StartSession.php(144): tap()
#17 /home/cainan/Documents/wirechat-app/vendor/laravel/framework/src/Illuminate/Session/Middleware/StartSession.php(116): Illuminate\\Session\\Middleware\\StartSession->startSession()
#18 /home/cainan/Documents/wirechat-app/vendor/laravel/framework/src/Illuminate/Session/Middleware/StartSession.php(64): Illuminate\\Session\\Middleware\\StartSession->handleStatefulRequest()
#19 /home/cainan/Documents/wirechat-app/vendor/laravel/framework/src/Illuminate/Pipeline/Pipeline.php(183): Illuminate\\Session\\Middleware\\StartSession->handle()
#20 /home/cainan/Documents/wirechat-app/vendor/laravel/framework/src/Illuminate/Cookie/Middleware/AddQueuedCookiesToResponse.php(37): Illuminate\\Pipeline\\Pipeline->Illuminate\\Pipeline\\{closure}()
#21 /home/cainan/Documents/wirechat-app/vendor/laravel/framework/src/Illuminate/Pipeline/Pipeline.php(183): Illuminate\\Cookie\\Middleware\\AddQueuedCookiesToResponse->handle()
#22 /home/cainan/Documents/wirechat-app/vendor/laravel/framework/src/Illuminate/Cookie/Middleware/EncryptCookies.php(75): Illuminate\\Pipeline\\Pipeline->Illuminate\\Pipeline\\{closure}()
#23 /home/cainan/Documents/wirechat-app/vendor/laravel/framework/src/Illuminate/Pipeline/Pipeline.php(183): Illuminate\\Cookie\\Middleware\\EncryptCookies->handle()
#24 /home/cainan/Documents/wirechat-app/vendor/laravel/framework/src/Illuminate/Pipeline/Pipeline.php(119): Illuminate\\Pipeline\\Pipeline->Illuminate\\Pipeline\\{closure}()
#25 /home/cainan/Documents/wirechat-app/vendor/laravel/framework/src/Illuminate/Routing/Router.php(807): Illuminate\\Pipeline\\Pipeline->then()
#26 /home/cainan/Documents/wirechat-app/vendor/laravel/framework/src/Illuminate/Routing/Router.php(786): Illuminate\\Routing\\Router->runRouteWithinStack()
#27 /home/cainan/Documents/wirechat-app/vendor/laravel/framework/src/Illuminate/Routing/Router.php(750): Illuminate\\Routing\\Router->runRoute()
#28 /home/cainan/Documents/wirechat-app/vendor/laravel/framework/src/Illuminate/Routing/Router.php(739): Illuminate\\Routing\\Router->dispatchToRoute()
#29 /home/cainan/Documents/wirechat-app/vendor/laravel/framework/src/Illuminate/Foundation/Http/Kernel.php(201): Illuminate\\Routing\\Router->dispatch()
#30 /home/cainan/Documents/wirechat-app/vendor/laravel/framework/src/Illuminate/Pipeline/Pipeline.php(144): Illuminate\\Foundation\\Http\\Kernel->Illuminate\\Foundation\\Http\\{closure}()
#31 /home/cainan/Documents/wirechat-app/vendor/livewire/livewire/src/Features/SupportDisablingBackButtonCache/DisableBackButtonCacheMiddleware.php(19): Illuminate\\Pipeline\\Pipeline->Illuminate\\Pipeline\\{closure}()
#32 /home/cainan/Documents/wirechat-app/vendor/laravel/framework/src/Illuminate/Pipeline/Pipeline.php(183): Livewire\\Features\\SupportDisablingBackButtonCache\\DisableBackButtonCacheMiddleware->handle()
#33 /home/cainan/Documents/wirechat-app/vendor/laravel/framework/src/Illuminate/Foundation/Http/Middleware/TransformsRequest.php(21): Illuminate\\Pipeline\\Pipeline->Illuminate\\Pipeline\\{closure}()
#34 /home/cainan/Documents/wirechat-app/vendor/laravel/framework/src/Illuminate/Foundation/Http/Middleware/ConvertEmptyStringsToNull.php(31): Illuminate\\Foundation\\Http\\Middleware\\TransformsRequest->handle()
#35 /home/cainan/Documents/wirechat-app/vendor/laravel/framework/src/Illuminate/Pipeline/Pipeline.php(183): Illuminate\\Foundation\\Http\\Middleware\\ConvertEmptyStringsToNull->handle()
#36 /home/cainan/Documents/wirechat-app/vendor/laravel/framework/src/Illuminate/Foundation/Http/Middleware/TransformsRequest.php(21): Illuminate\\Pipeline\\Pipeline->Illuminate\\Pipeline\\{closure}()
#37 /home/cainan/Documents/wirechat-app/vendor/laravel/framework/src/Illuminate/Foundation/Http/Middleware/TrimStrings.php(51): Illuminate\\Foundation\\Http\\Middleware\\TransformsRequest->handle()
#38 /home/cainan/Documents/wirechat-app/vendor/laravel/framework/src/Illuminate/Pipeline/Pipeline.php(183): Illuminate\\Foundation\\Http\\Middleware\\TrimStrings->handle()
#39 /home/cainan/Documents/wirechat-app/vendor/laravel/framework/src/Illuminate/Http/Middleware/ValidatePostSize.php(27): Illuminate\\Pipeline\\Pipeline->Illuminate\\Pipeline\\{closure}()
#40 /home/cainan/Documents/wirechat-app/vendor/laravel/framework/src/Illuminate/Pipeline/Pipeline.php(183): Illuminate\\Http\\Middleware\\ValidatePostSize->handle()
#41 /home/cainan/Documents/wirechat-app/vendor/laravel/framework/src/Illuminate/Foundation/Http/Middleware/PreventRequestsDuringMaintenance.php(110): Illuminate\\Pipeline\\Pipeline->Illuminate\\Pipeline\\{closure}()
#42 /home/cainan/Documents/wirechat-app/vendor/laravel/framework/src/Illuminate/Pipeline/Pipeline.php(183): Illuminate\\Foundation\\Http\\Middleware\\PreventRequestsDuringMaintenance->handle()
#43 /home/cainan/Documents/wirechat-app/vendor/laravel/framework/src/Illuminate/Http/Middleware/HandleCors.php(49): Illuminate\\Pipeline\\Pipeline->Illuminate\\Pipeline\\{closure}()
#44 /home/cainan/Documents/wirechat-app/vendor/laravel/framework/src/Illuminate/Pipeline/Pipeline.php(183): Illuminate\\Http\\Middleware\\HandleCors->handle()
#45 /home/cainan/Documents/wirechat-app/vendor/laravel/framework/src/Illuminate/Http/Middleware/TrustProxies.php(58): Illuminate\\Pipeline\\Pipeline->Illuminate\\Pipeline\\{closure}()
#46 /home/cainan/Documents/wirechat-app/vendor/laravel/framework/src/Illuminate/Pipeline/Pipeline.php(183): Illuminate\\Http\\Middleware\\TrustProxies->handle()
#47 /home/cainan/Documents/wirechat-app/vendor/laravel/framework/src/Illuminate/Foundation/Http/Middleware/InvokeDeferredCallbacks.php(22): Illuminate\\Pipeline\\Pipeline->Illuminate\\Pipeline\\{closure}()
#48 /home/cainan/Documents/wirechat-app/vendor/laravel/framework/src/Illuminate/Pipeline/Pipeline.php(183): Illuminate\\Foundation\\Http\\Middleware\\InvokeDeferredCallbacks->handle()
#49 /home/cainan/Documents/wirechat-app/vendor/laravel/framework/src/Illuminate/Pipeline/Pipeline.php(119): Illuminate\\Pipeline\\Pipeline->Illuminate\\Pipeline\\{closure}()
#50 /home/cainan/Documents/wirechat-app/vendor/laravel/framework/src/Illuminate/Foundation/Http/Kernel.php(176): Illuminate\\Pipeline\\Pipeline->then()
#51 /home/cainan/Documents/wirechat-app/vendor/laravel/framework/src/Illuminate/Foundation/Http/Kernel.php(145): Illuminate\\Foundation\\Http\\Kernel->sendRequestThroughRouter()
#52 /home/cainan/Documents/wirechat-app/vendor/laravel/framework/src/Illuminate/Foundation/Application.php(1190): Illuminate\\Foundation\\Http\\Kernel->handle()
#53 /home/cainan/Documents/wirechat-app/public/index.php(17): Illuminate\\Foundation\\Application->handleRequest()
#54 /home/cainan/Documents/wirechat-app/vendor/laravel/framework/src/Illuminate/Foundation/resources/server.php(23): require_once('...')
#55 {main}

[previous exception] [object] (PDOException(code: 2002): SQLSTATE[HY000] [2002] Network is unreachable at /home/cainan/Documents/wirechat-app/vendor/laravel/framework/src/Illuminate/Database/Connectors/Connector.php:66)
[stacktrace]
#0 /home/cainan/Documents/wirechat-app/vendor/laravel/framework/src/Illuminate/Database/Connectors/Connector.php(66): PDO->__construct()
#1 /home/cainan/Documents/wirechat-app/vendor/laravel/framework/src/Illuminate/Database/Connectors/Connector.php(85): Illuminate\\Database\\Connectors\\Connector->createPdoConnection()
#2 /home/cainan/Documents/wirechat-app/vendor/laravel/framework/src/Illuminate/Database/Connectors/Connector.php(48): Illuminate\\Database\\Connectors\\Connector->tryAgainIfCausedByLostConnection()
#3 /home/cainan/Documents/wirechat-app/vendor/laravel/framework/src/Illuminate/Database/Connectors/MySqlConnector.php(24): Illuminate\\Database\\Connectors\\Connector->createConnection()
#4 /home/cainan/Documents/wirechat-app/vendor/laravel/framework/src/Illuminate/Database/Connectors/ConnectionFactory.php(185): Illuminate\\Database\\Connectors\\MySqlConnector->connect()
#5 [internal function]: Illuminate\\Database\\Connectors\\ConnectionFactory->Illuminate\\Database\\Connectors\\{closure}()
#6 /home/cainan/Documents/wirechat-app/vendor/laravel/framework/src/Illuminate/Database/Connection.php(1231): call_user_func()
#7 /home/cainan/Documents/wirechat-app/vendor/laravel/framework/src/Illuminate/Database/Connection.php(1267): Illuminate\\Database\\Connection->getPdo()
#8 /home/cainan/Documents/wirechat-app/vendor/laravel/framework/src/Illuminate/Database/Connection.php(512): Illuminate\\Database\\Connection->getReadPdo()
#9 /home/cainan/Documents/wirechat-app/vendor/laravel/framework/src/Illuminate/Database/Connection.php(407): Illuminate\\Database\\Connection->getPdoForSelect()
#10 /home/cainan/Documents/wirechat-app/vendor/laravel/framework/src/Illuminate/Database/Connection.php(812): Illuminate\\Database\\Connection->Illuminate\\Database\\{closure}()
#11 /home/cainan/Documents/wirechat-app/vendor/laravel/framework/src/Illuminate/Database/Connection.php(979): Illuminate\\Database\\Connection->runQueryCallback()
#12 /home/cainan/Documents/wirechat-app/vendor/laravel/framework/src/Illuminate/Database/Connection.php(958): Illuminate\\Database\\Connection->tryAgainIfCausedByLostConnection()
#13 /home/cainan/Documents/wirechat-app/vendor/laravel/framework/src/Illuminate/Database/Connection.php(781): Illuminate\\Database\\Connection->handleQueryException()
#14 /home/cainan/Documents/wirechat-app/vendor/laravel/framework/src/Illuminate/Database/Connection.php(398): Illuminate\\Database\\Connection->run()
#15 /home/cainan/Documents/wirechat-app/vendor/laravel/framework/src/Illuminate/Database/Query/Builder.php(3133): Illuminate\\Database\\Connection->select()
#16 /home/cainan/Documents/wirechat-app/vendor/laravel/framework/src/Illuminate/Database/Query/Builder.php(3118): Illuminate\\Database\\Query\\Builder->runSelect()
#17 /home/cainan/Documents/wirechat-app/vendor/laravel/framework/src/Illuminate/Database/Query/Builder.php(3706): Illuminate\\Database\\Query\\Builder->Illuminate\\Database\\Query\\{closure}()
#18 /home/cainan/Documents/wirechat-app/vendor/laravel/framework/src/Illuminate/Database/Query/Builder.php(3117): Illuminate\\Database\\Query\\Builder->onceWithColumns()
#19 /home/cainan/Documents/wirechat-app/vendor/laravel/framework/src/Illuminate/Database/Concerns/BuildsQueries.php(344): Illuminate\\Database\\Query\\Builder->get()
#20 /home/cainan/Documents/wirechat-app/vendor/laravel/framework/src/Illuminate/Database/Query/Builder.php(3038): Illuminate\\Database\\Query\\Builder->first()
#21 /home/cainan/Documents/wirechat-app/vendor/laravel/framework/src/Illuminate/Session/DatabaseSessionHandler.php(97): Illuminate\\Database\\Query\\Builder->find()
#22 /home/cainan/Documents/wirechat-app/vendor/laravel/framework/src/Illuminate/Session/Store.php(114): Illuminate\\Session\\DatabaseSessionHandler->read()
#23 /home/cainan/Documents/wirechat-app/vendor/laravel/framework/src/Illuminate/Session/Store.php(102): Illuminate\\Session\\Store->readFromHandler()
#24 /home/cainan/Documents/wirechat-app/vendor/laravel/framework/src/Illuminate/Session/Store.php(86): Illuminate\\Session\\Store->loadSession()
#25 /home/cainan/Documents/wirechat-app/vendor/laravel/framework/src/Illuminate/Session/Middleware/StartSession.php(147): Illuminate\\Session\\Store->start()
#26 /home/cainan/Documents/wirechat-app/vendor/laravel/framework/src/Illuminate/Support/helpers.php(393): Illuminate\\Session\\Middleware\\StartSession->Illuminate\\Session\\Middleware\\{closure}()
#27 /home/cainan/Documents/wirechat-app/vendor/laravel/framework/src/Illuminate/Session/Middleware/StartSession.php(144): tap()
#28 /home/cainan/Documents/wirechat-app/vendor/laravel/framework/src/Illuminate/Session/Middleware/StartSession.php(116): Illuminate\\Session\\Middleware\\StartSession->startSession()
#29 /home/cainan/Documents/wirechat-app/vendor/laravel/framework/src/Illuminate/Session/Middleware/StartSession.php(64): Illuminate\\Session\\Middleware\\StartSession->handleStatefulRequest()
#30 /home/cainan/Documents/wirechat-app/vendor/laravel/framework/src/Illuminate/Pipeline/Pipeline.php(183): Illuminate\\Session\\Middleware\\StartSession->handle()
#31 /home/cainan/Documents/wirechat-app/vendor/laravel/framework/src/Illuminate/Cookie/Middleware/AddQueuedCookiesToResponse.php(37): Illuminate\\Pipeline\\Pipeline->Illuminate\\Pipeline\\{closure}()
#32 /home/cainan/Documents/wirechat-app/vendor/laravel/framework/src/Illuminate/Pipeline/Pipeline.php(183): Illuminate\\Cookie\\Middleware\\AddQueuedCookiesToResponse->handle()
#33 /home/cainan/Documents/wirechat-app/vendor/laravel/framework/src/Illuminate/Cookie/Middleware/EncryptCookies.php(75): Illuminate\\Pipeline\\Pipeline->Illuminate\\Pipeline\\{closure}()
#34 /home/cainan/Documents/wirechat-app/vendor/laravel/framework/src/Illuminate/Pipeline/Pipeline.php(183): Illuminate\\Cookie\\Middleware\\EncryptCookies->handle()
#35 /home/cainan/Documents/wirechat-app/vendor/laravel/framework/src/Illuminate/Pipeline/Pipeline.php(119): Illuminate\\Pipeline\\Pipeline->Illuminate\\Pipeline\\{closure}()
#36 /home/cainan/Documents/wirechat-app/vendor/laravel/framework/src/Illuminate/Routing/Router.php(807): Illuminate\\Pipeline\\Pipeline->then()
#37 /home/cainan/Documents/wirechat-app/vendor/laravel/framework/src/Illuminate/Routing/Router.php(786): Illuminate\\Routing\\Router->runRouteWithinStack()
#38 /home/cainan/Documents/wirechat-app/vendor/laravel/framework/src/Illuminate/Routing/Router.php(750): Illuminate\\Routing\\Router->runRoute()
#39 /home/cainan/Documents/wirechat-app/vendor/laravel/framework/src/Illuminate/Routing/Router.php(739): Illuminate\\Routing\\Router->dispatchToRoute()
#40 /home/cainan/Documents/wirechat-app/vendor/laravel/framework/src/Illuminate/Foundation/Http/Kernel.php(201): Illuminate\\Routing\\Router->dispatch()
#41 /home/cainan/Documents/wirechat-app/vendor/laravel/framework/src/Illuminate/Pipeline/Pipeline.php(144): Illuminate\\Foundation\\Http\\Kernel->Illuminate\\Foundation\\Http\\{closure}()
#42 /home/cainan/Documents/wirechat-app/vendor/livewire/livewire/src/Features/SupportDisablingBackButtonCache/DisableBackButtonCacheMiddleware.php(19): Illuminate\\Pipeline\\Pipeline->Illuminate\\Pipeline\\{closure}()
#43 /home/cainan/Documents/wirechat-app/vendor/laravel/framework/src/Illuminate/Pipeline/Pipeline.php(183): Livewire\\Features\\SupportDisablingBackButtonCache\\DisableBackButtonCacheMiddleware->handle()
#44 /home/cainan/Documents/wirechat-app/vendor/laravel/framework/src/Illuminate/Foundation/Http/Middleware/TransformsRequest.php(21): Illuminate\\Pipeline\\Pipeline->Illuminate\\Pipeline\\{closure}()
#45 /home/cainan/Documents/wirechat-app/vendor/laravel/framework/src/Illuminate/Foundation/Http/Middleware/ConvertEmptyStringsToNull.php(31): Illuminate\\Foundation\\Http\\Middleware\\TransformsRequest->handle()
#46 /home/cainan/Documents/wirechat-app/vendor/laravel/framework/src/Illuminate/Pipeline/Pipeline.php(183): Illuminate\\Foundation\\Http\\Middleware\\ConvertEmptyStringsToNull->handle()
#47 /home/cainan/Documents/wirechat-app/vendor/laravel/framework/src/Illuminate/Foundation/Http/Middleware/TransformsRequest.php(21): Illuminate\\Pipeline\\Pipeline->Illuminate\\Pipeline\\{closure}()
#48 /home/cainan/Documents/wirechat-app/vendor/laravel/framework/src/Illuminate/Foundation/Http/Middleware/TrimStrings.php(51): Illuminate\\Foundation\\Http\\Middleware\\TransformsRequest->handle()
#49 /home/cainan/Documents/wirechat-app/vendor/laravel/framework/src/Illuminate/Pipeline/Pipeline.php(183): Illuminate\\Foundation\\Http\\Middleware\\TrimStrings->handle()
#50 /home/cainan/Documents/wirechat-app/vendor/laravel/framework/src/Illuminate/Http/Middleware/ValidatePostSize.php(27): Illuminate\\Pipeline\\Pipeline->Illuminate\\Pipeline\\{closure}()
#51 /home/cainan/Documents/wirechat-app/vendor/laravel/framework/src/Illuminate/Pipeline/Pipeline.php(183): Illuminate\\Http\\Middleware\\ValidatePostSize->handle()
#52 /home/cainan/Documents/wirechat-app/vendor/laravel/framework/src/Illuminate/Foundation/Http/Middleware/PreventRequestsDuringMaintenance.php(110): Illuminate\\Pipeline\\Pipeline->Illuminate\\Pipeline\\{closure}()
#53 /home/cainan/Documents/wirechat-app/vendor/laravel/framework/src/Illuminate/Pipeline/Pipeline.php(183): Illuminate\\Foundation\\Http\\Middleware\\PreventRequestsDuringMaintenance->handle()
#54 /home/cainan/Documents/wirechat-app/vendor/laravel/framework/src/Illuminate/Http/Middleware/HandleCors.php(49): Illuminate\\Pipeline\\Pipeline->Illuminate\\Pipeline\\{closure}()
#55 /home/cainan/Documents/wirechat-app/vendor/laravel/framework/src/Illuminate/Pipeline/Pipeline.php(183): Illuminate\\Http\\Middleware\\HandleCors->handle()
#56 /home/cainan/Documents/wirechat-app/vendor/laravel/framework/src/Illuminate/Http/Middleware/TrustProxies.php(58): Illuminate\\Pipeline\\Pipeline->Illuminate\\Pipeline\\{closure}()
#57 /home/cainan/Documents/wirechat-app/vendor/laravel/framework/src/Illuminate/Pipeline/Pipeline.php(183): Illuminate\\Http\\Middleware\\TrustProxies->handle()
#58 /home/cainan/Documents/wirechat-app/vendor/laravel/framework/src/Illuminate/Foundation/Http/Middleware/InvokeDeferredCallbacks.php(22): Illuminate\\Pipeline\\Pipeline->Illuminate\\Pipeline\\{closure}()
#59 /home/cainan/Documents/wirechat-app/vendor/laravel/framework/src/Illuminate/Pipeline/Pipeline.php(183): Illuminate\\Foundation\\Http\\Middleware\\InvokeDeferredCallbacks->handle()
#60 /home/cainan/Documents/wirechat-app/vendor/laravel/framework/src/Illuminate/Pipeline/Pipeline.php(119): Illuminate\\Pipeline\\Pipeline->Illuminate\\Pipeline\\{closure}()
#61 /home/cainan/Documents/wirechat-app/vendor/laravel/framework/src/Illuminate/Foundation/Http/Kernel.php(176): Illuminate\\Pipeline\\Pipeline->then()
#62 /home/cainan/Documents/wirechat-app/vendor/laravel/framework/src/Illuminate/Foundation/Http/Kernel.php(145): Illuminate\\Foundation\\Http\\Kernel->sendRequestThroughRouter()
#63 /home/cainan/Documents/wirechat-app/vendor/laravel/framework/src/Illuminate/Foundation/Application.php(1190): Illuminate\\Foundation\\Http\\Kernel->handle()
#64 /home/cainan/Documents/wirechat-app/public/index.php(17): Illuminate\\Foundation\\Application->handleRequest()
#65 /home/cainan/Documents/wirechat-app/vendor/laravel/framework/src/Illuminate/Foundation/resources/server.php(23): require_once('...')
#66 {main}
"} 
[2024-12-16 21:24:36] local.ERROR: SQLSTATE[HY000] [2002] Network is unreachable (Connection: mysql, SQL: select * from `sessions` where `id` = NJUTnyST70GgcWBaMAYv3FKnxt7azHUtIfeiG3E9 limit 1) {"exception":"[object] (Illuminate\\Database\\QueryException(code: 2002): SQLSTATE[HY000] [2002] Network is unreachable (Connection: mysql, SQL: select * from `sessions` where `id` = NJUTnyST70GgcWBaMAYv3FKnxt7azHUtIfeiG3E9 limit 1) at /home/cainan/Documents/wirechat-app/vendor/laravel/framework/src/Illuminate/Database/Connection.php:825)
[stacktrace]
#0 /home/cainan/Documents/wirechat-app/vendor/laravel/framework/src/Illuminate/Database/Connection.php(979): Illuminate\\Database\\Connection->runQueryCallback()
#1 /home/cainan/Documents/wirechat-app/vendor/laravel/framework/src/Illuminate/Database/Connection.php(958): Illuminate\\Database\\Connection->tryAgainIfCausedByLostConnection()
#2 /home/cainan/Documents/wirechat-app/vendor/laravel/framework/src/Illuminate/Database/Connection.php(781): Illuminate\\Database\\Connection->handleQueryException()
#3 /home/cainan/Documents/wirechat-app/vendor/laravel/framework/src/Illuminate/Database/Connection.php(398): Illuminate\\Database\\Connection->run()
#4 /home/cainan/Documents/wirechat-app/vendor/laravel/framework/src/Illuminate/Database/Query/Builder.php(3133): Illuminate\\Database\\Connection->select()
#5 /home/cainan/Documents/wirechat-app/vendor/laravel/framework/src/Illuminate/Database/Query/Builder.php(3118): Illuminate\\Database\\Query\\Builder->runSelect()
#6 /home/cainan/Documents/wirechat-app/vendor/laravel/framework/src/Illuminate/Database/Query/Builder.php(3706): Illuminate\\Database\\Query\\Builder->Illuminate\\Database\\Query\\{closure}()
#7 /home/cainan/Documents/wirechat-app/vendor/laravel/framework/src/Illuminate/Database/Query/Builder.php(3117): Illuminate\\Database\\Query\\Builder->onceWithColumns()
#8 /home/cainan/Documents/wirechat-app/vendor/laravel/framework/src/Illuminate/Database/Concerns/BuildsQueries.php(344): Illuminate\\Database\\Query\\Builder->get()
#9 /home/cainan/Documents/wirechat-app/vendor/laravel/framework/src/Illuminate/Database/Query/Builder.php(3038): Illuminate\\Database\\Query\\Builder->first()
#10 /home/cainan/Documents/wirechat-app/vendor/laravel/framework/src/Illuminate/Session/DatabaseSessionHandler.php(97): Illuminate\\Database\\Query\\Builder->find()
#11 /home/cainan/Documents/wirechat-app/vendor/laravel/framework/src/Illuminate/Session/Store.php(114): Illuminate\\Session\\DatabaseSessionHandler->read()
#12 /home/cainan/Documents/wirechat-app/vendor/laravel/framework/src/Illuminate/Session/Store.php(102): Illuminate\\Session\\Store->readFromHandler()
#13 /home/cainan/Documents/wirechat-app/vendor/laravel/framework/src/Illuminate/Session/Store.php(86): Illuminate\\Session\\Store->loadSession()
#14 /home/cainan/Documents/wirechat-app/vendor/laravel/framework/src/Illuminate/Session/Middleware/StartSession.php(147): Illuminate\\Session\\Store->start()
#15 /home/cainan/Documents/wirechat-app/vendor/laravel/framework/src/Illuminate/Support/helpers.php(393): Illuminate\\Session\\Middleware\\StartSession->Illuminate\\Session\\Middleware\\{closure}()
#16 /home/cainan/Documents/wirechat-app/vendor/laravel/framework/src/Illuminate/Session/Middleware/StartSession.php(144): tap()
#17 /home/cainan/Documents/wirechat-app/vendor/laravel/framework/src/Illuminate/Session/Middleware/StartSession.php(116): Illuminate\\Session\\Middleware\\StartSession->startSession()
#18 /home/cainan/Documents/wirechat-app/vendor/laravel/framework/src/Illuminate/Session/Middleware/StartSession.php(64): Illuminate\\Session\\Middleware\\StartSession->handleStatefulRequest()
#19 /home/cainan/Documents/wirechat-app/vendor/laravel/framework/src/Illuminate/Pipeline/Pipeline.php(183): Illuminate\\Session\\Middleware\\StartSession->handle()
#20 /home/cainan/Documents/wirechat-app/vendor/laravel/framework/src/Illuminate/Cookie/Middleware/AddQueuedCookiesToResponse.php(37): Illuminate\\Pipeline\\Pipeline->Illuminate\\Pipeline\\{closure}()
#21 /home/cainan/Documents/wirechat-app/vendor/laravel/framework/src/Illuminate/Pipeline/Pipeline.php(183): Illuminate\\Cookie\\Middleware\\AddQueuedCookiesToResponse->handle()
#22 /home/cainan/Documents/wirechat-app/vendor/laravel/framework/src/Illuminate/Cookie/Middleware/EncryptCookies.php(75): Illuminate\\Pipeline\\Pipeline->Illuminate\\Pipeline\\{closure}()
#23 /home/cainan/Documents/wirechat-app/vendor/laravel/framework/src/Illuminate/Pipeline/Pipeline.php(183): Illuminate\\Cookie\\Middleware\\EncryptCookies->handle()
#24 /home/cainan/Documents/wirechat-app/vendor/laravel/framework/src/Illuminate/Pipeline/Pipeline.php(119): Illuminate\\Pipeline\\Pipeline->Illuminate\\Pipeline\\{closure}()
#25 /home/cainan/Documents/wirechat-app/vendor/laravel/framework/src/Illuminate/Routing/Router.php(807): Illuminate\\Pipeline\\Pipeline->then()
#26 /home/cainan/Documents/wirechat-app/vendor/laravel/framework/src/Illuminate/Routing/Router.php(786): Illuminate\\Routing\\Router->runRouteWithinStack()
#27 /home/cainan/Documents/wirechat-app/vendor/laravel/framework/src/Illuminate/Routing/Router.php(750): Illuminate\\Routing\\Router->runRoute()
#28 /home/cainan/Documents/wirechat-app/vendor/laravel/framework/src/Illuminate/Routing/Router.php(739): Illuminate\\Routing\\Router->dispatchToRoute()
#29 /home/cainan/Documents/wirechat-app/vendor/laravel/framework/src/Illuminate/Foundation/Http/Kernel.php(201): Illuminate\\Routing\\Router->dispatch()
#30 /home/cainan/Documents/wirechat-app/vendor/laravel/framework/src/Illuminate/Pipeline/Pipeline.php(144): Illuminate\\Foundation\\Http\\Kernel->Illuminate\\Foundation\\Http\\{closure}()
#31 /home/cainan/Documents/wirechat-app/vendor/livewire/livewire/src/Features/SupportDisablingBackButtonCache/DisableBackButtonCacheMiddleware.php(19): Illuminate\\Pipeline\\Pipeline->Illuminate\\Pipeline\\{closure}()
#32 /home/cainan/Documents/wirechat-app/vendor/laravel/framework/src/Illuminate/Pipeline/Pipeline.php(183): Livewire\\Features\\SupportDisablingBackButtonCache\\DisableBackButtonCacheMiddleware->handle()
#33 /home/cainan/Documents/wirechat-app/vendor/laravel/framework/src/Illuminate/Foundation/Http/Middleware/TransformsRequest.php(21): Illuminate\\Pipeline\\Pipeline->Illuminate\\Pipeline\\{closure}()
#34 /home/cainan/Documents/wirechat-app/vendor/laravel/framework/src/Illuminate/Foundation/Http/Middleware/ConvertEmptyStringsToNull.php(31): Illuminate\\Foundation\\Http\\Middleware\\TransformsRequest->handle()
#35 /home/cainan/Documents/wirechat-app/vendor/laravel/framework/src/Illuminate/Pipeline/Pipeline.php(183): Illuminate\\Foundation\\Http\\Middleware\\ConvertEmptyStringsToNull->handle()
#36 /home/cainan/Documents/wirechat-app/vendor/laravel/framework/src/Illuminate/Foundation/Http/Middleware/TransformsRequest.php(21): Illuminate\\Pipeline\\Pipeline->Illuminate\\Pipeline\\{closure}()
#37 /home/cainan/Documents/wirechat-app/vendor/laravel/framework/src/Illuminate/Foundation/Http/Middleware/TrimStrings.php(51): Illuminate\\Foundation\\Http\\Middleware\\TransformsRequest->handle()
#38 /home/cainan/Documents/wirechat-app/vendor/laravel/framework/src/Illuminate/Pipeline/Pipeline.php(183): Illuminate\\Foundation\\Http\\Middleware\\TrimStrings->handle()
#39 /home/cainan/Documents/wirechat-app/vendor/laravel/framework/src/Illuminate/Http/Middleware/ValidatePostSize.php(27): Illuminate\\Pipeline\\Pipeline->Illuminate\\Pipeline\\{closure}()
#40 /home/cainan/Documents/wirechat-app/vendor/laravel/framework/src/Illuminate/Pipeline/Pipeline.php(183): Illuminate\\Http\\Middleware\\ValidatePostSize->handle()
#41 /home/cainan/Documents/wirechat-app/vendor/laravel/framework/src/Illuminate/Foundation/Http/Middleware/PreventRequestsDuringMaintenance.php(110): Illuminate\\Pipeline\\Pipeline->Illuminate\\Pipeline\\{closure}()
#42 /home/cainan/Documents/wirechat-app/vendor/laravel/framework/src/Illuminate/Pipeline/Pipeline.php(183): Illuminate\\Foundation\\Http\\Middleware\\PreventRequestsDuringMaintenance->handle()
#43 /home/cainan/Documents/wirechat-app/vendor/laravel/framework/src/Illuminate/Http/Middleware/HandleCors.php(49): Illuminate\\Pipeline\\Pipeline->Illuminate\\Pipeline\\{closure}()
#44 /home/cainan/Documents/wirechat-app/vendor/laravel/framework/src/Illuminate/Pipeline/Pipeline.php(183): Illuminate\\Http\\Middleware\\HandleCors->handle()
#45 /home/cainan/Documents/wirechat-app/vendor/laravel/framework/src/Illuminate/Http/Middleware/TrustProxies.php(58): Illuminate\\Pipeline\\Pipeline->Illuminate\\Pipeline\\{closure}()
#46 /home/cainan/Documents/wirechat-app/vendor/laravel/framework/src/Illuminate/Pipeline/Pipeline.php(183): Illuminate\\Http\\Middleware\\TrustProxies->handle()
#47 /home/cainan/Documents/wirechat-app/vendor/laravel/framework/src/Illuminate/Foundation/Http/Middleware/InvokeDeferredCallbacks.php(22): Illuminate\\Pipeline\\Pipeline->Illuminate\\Pipeline\\{closure}()
#48 /home/cainan/Documents/wirechat-app/vendor/laravel/framework/src/Illuminate/Pipeline/Pipeline.php(183): Illuminate\\Foundation\\Http\\Middleware\\InvokeDeferredCallbacks->handle()
#49 /home/cainan/Documents/wirechat-app/vendor/laravel/framework/src/Illuminate/Pipeline/Pipeline.php(119): Illuminate\\Pipeline\\Pipeline->Illuminate\\Pipeline\\{closure}()
#50 /home/cainan/Documents/wirechat-app/vendor/laravel/framework/src/Illuminate/Foundation/Http/Kernel.php(176): Illuminate\\Pipeline\\Pipeline->then()
#51 /home/cainan/Documents/wirechat-app/vendor/laravel/framework/src/Illuminate/Foundation/Http/Kernel.php(145): Illuminate\\Foundation\\Http\\Kernel->sendRequestThroughRouter()
#52 /home/cainan/Documents/wirechat-app/vendor/laravel/framework/src/Illuminate/Foundation/Application.php(1190): Illuminate\\Foundation\\Http\\Kernel->handle()
#53 /home/cainan/Documents/wirechat-app/public/index.php(17): Illuminate\\Foundation\\Application->handleRequest()
#54 /home/cainan/Documents/wirechat-app/vendor/laravel/framework/src/Illuminate/Foundation/resources/server.php(23): require_once('...')
#55 {main}

[previous exception] [object] (PDOException(code: 2002): SQLSTATE[HY000] [2002] Network is unreachable at /home/cainan/Documents/wirechat-app/vendor/laravel/framework/src/Illuminate/Database/Connectors/Connector.php:66)
[stacktrace]
#0 /home/cainan/Documents/wirechat-app/vendor/laravel/framework/src/Illuminate/Database/Connectors/Connector.php(66): PDO->__construct()
#1 /home/cainan/Documents/wirechat-app/vendor/laravel/framework/src/Illuminate/Database/Connectors/Connector.php(85): Illuminate\\Database\\Connectors\\Connector->createPdoConnection()
#2 /home/cainan/Documents/wirechat-app/vendor/laravel/framework/src/Illuminate/Database/Connectors/Connector.php(48): Illuminate\\Database\\Connectors\\Connector->tryAgainIfCausedByLostConnection()
#3 /home/cainan/Documents/wirechat-app/vendor/laravel/framework/src/Illuminate/Database/Connectors/MySqlConnector.php(24): Illuminate\\Database\\Connectors\\Connector->createConnection()
#4 /home/cainan/Documents/wirechat-app/vendor/laravel/framework/src/Illuminate/Database/Connectors/ConnectionFactory.php(185): Illuminate\\Database\\Connectors\\MySqlConnector->connect()
#5 [internal function]: Illuminate\\Database\\Connectors\\ConnectionFactory->Illuminate\\Database\\Connectors\\{closure}()
#6 /home/cainan/Documents/wirechat-app/vendor/laravel/framework/src/Illuminate/Database/Connection.php(1231): call_user_func()
#7 /home/cainan/Documents/wirechat-app/vendor/laravel/framework/src/Illuminate/Database/Connection.php(1267): Illuminate\\Database\\Connection->getPdo()
#8 /home/cainan/Documents/wirechat-app/vendor/laravel/framework/src/Illuminate/Database/Connection.php(512): Illuminate\\Database\\Connection->getReadPdo()
#9 /home/cainan/Documents/wirechat-app/vendor/laravel/framework/src/Illuminate/Database/Connection.php(407): Illuminate\\Database\\Connection->getPdoForSelect()
#10 /home/cainan/Documents/wirechat-app/vendor/laravel/framework/src/Illuminate/Database/Connection.php(812): Illuminate\\Database\\Connection->Illuminate\\Database\\{closure}()
#11 /home/cainan/Documents/wirechat-app/vendor/laravel/framework/src/Illuminate/Database/Connection.php(979): Illuminate\\Database\\Connection->runQueryCallback()
#12 /home/cainan/Documents/wirechat-app/vendor/laravel/framework/src/Illuminate/Database/Connection.php(958): Illuminate\\Database\\Connection->tryAgainIfCausedByLostConnection()
#13 /home/cainan/Documents/wirechat-app/vendor/laravel/framework/src/Illuminate/Database/Connection.php(781): Illuminate\\Database\\Connection->handleQueryException()
#14 /home/cainan/Documents/wirechat-app/vendor/laravel/framework/src/Illuminate/Database/Connection.php(398): Illuminate\\Database\\Connection->run()
#15 /home/cainan/Documents/wirechat-app/vendor/laravel/framework/src/Illuminate/Database/Query/Builder.php(3133): Illuminate\\Database\\Connection->select()
#16 /home/cainan/Documents/wirechat-app/vendor/laravel/framework/src/Illuminate/Database/Query/Builder.php(3118): Illuminate\\Database\\Query\\Builder->runSelect()
#17 /home/cainan/Documents/wirechat-app/vendor/laravel/framework/src/Illuminate/Database/Query/Builder.php(3706): Illuminate\\Database\\Query\\Builder->Illuminate\\Database\\Query\\{closure}()
#18 /home/cainan/Documents/wirechat-app/vendor/laravel/framework/src/Illuminate/Database/Query/Builder.php(3117): Illuminate\\Database\\Query\\Builder->onceWithColumns()
#19 /home/cainan/Documents/wirechat-app/vendor/laravel/framework/src/Illuminate/Database/Concerns/BuildsQueries.php(344): Illuminate\\Database\\Query\\Builder->get()
#20 /home/cainan/Documents/wirechat-app/vendor/laravel/framework/src/Illuminate/Database/Query/Builder.php(3038): Illuminate\\Database\\Query\\Builder->first()
#21 /home/cainan/Documents/wirechat-app/vendor/laravel/framework/src/Illuminate/Session/DatabaseSessionHandler.php(97): Illuminate\\Database\\Query\\Builder->find()
#22 /home/cainan/Documents/wirechat-app/vendor/laravel/framework/src/Illuminate/Session/Store.php(114): Illuminate\\Session\\DatabaseSessionHandler->read()
#23 /home/cainan/Documents/wirechat-app/vendor/laravel/framework/src/Illuminate/Session/Store.php(102): Illuminate\\Session\\Store->readFromHandler()
#24 /home/cainan/Documents/wirechat-app/vendor/laravel/framework/src/Illuminate/Session/Store.php(86): Illuminate\\Session\\Store->loadSession()
#25 /home/cainan/Documents/wirechat-app/vendor/laravel/framework/src/Illuminate/Session/Middleware/StartSession.php(147): Illuminate\\Session\\Store->start()
#26 /home/cainan/Documents/wirechat-app/vendor/laravel/framework/src/Illuminate/Support/helpers.php(393): Illuminate\\Session\\Middleware\\StartSession->Illuminate\\Session\\Middleware\\{closure}()
#27 /home/cainan/Documents/wirechat-app/vendor/laravel/framework/src/Illuminate/Session/Middleware/StartSession.php(144): tap()
#28 /home/cainan/Documents/wirechat-app/vendor/laravel/framework/src/Illuminate/Session/Middleware/StartSession.php(116): Illuminate\\Session\\Middleware\\StartSession->startSession()
#29 /home/cainan/Documents/wirechat-app/vendor/laravel/framework/src/Illuminate/Session/Middleware/StartSession.php(64): Illuminate\\Session\\Middleware\\StartSession->handleStatefulRequest()
#30 /home/cainan/Documents/wirechat-app/vendor/laravel/framework/src/Illuminate/Pipeline/Pipeline.php(183): Illuminate\\Session\\Middleware\\StartSession->handle()
#31 /home/cainan/Documents/wirechat-app/vendor/laravel/framework/src/Illuminate/Cookie/Middleware/AddQueuedCookiesToResponse.php(37): Illuminate\\Pipeline\\Pipeline->Illuminate\\Pipeline\\{closure}()
#32 /home/cainan/Documents/wirechat-app/vendor/laravel/framework/src/Illuminate/Pipeline/Pipeline.php(183): Illuminate\\Cookie\\Middleware\\AddQueuedCookiesToResponse->handle()
#33 /home/cainan/Documents/wirechat-app/vendor/laravel/framework/src/Illuminate/Cookie/Middleware/EncryptCookies.php(75): Illuminate\\Pipeline\\Pipeline->Illuminate\\Pipeline\\{closure}()
#34 /home/cainan/Documents/wirechat-app/vendor/laravel/framework/src/Illuminate/Pipeline/Pipeline.php(183): Illuminate\\Cookie\\Middleware\\EncryptCookies->handle()
#35 /home/cainan/Documents/wirechat-app/vendor/laravel/framework/src/Illuminate/Pipeline/Pipeline.php(119): Illuminate\\Pipeline\\Pipeline->Illuminate\\Pipeline\\{closure}()
#36 /home/cainan/Documents/wirechat-app/vendor/laravel/framework/src/Illuminate/Routing/Router.php(807): Illuminate\\Pipeline\\Pipeline->then()
#37 /home/cainan/Documents/wirechat-app/vendor/laravel/framework/src/Illuminate/Routing/Router.php(786): Illuminate\\Routing\\Router->runRouteWithinStack()
#38 /home/cainan/Documents/wirechat-app/vendor/laravel/framework/src/Illuminate/Routing/Router.php(750): Illuminate\\Routing\\Router->runRoute()
#39 /home/cainan/Documents/wirechat-app/vendor/laravel/framework/src/Illuminate/Routing/Router.php(739): Illuminate\\Routing\\Router->dispatchToRoute()
#40 /home/cainan/Documents/wirechat-app/vendor/laravel/framework/src/Illuminate/Foundation/Http/Kernel.php(201): Illuminate\\Routing\\Router->dispatch()
#41 /home/cainan/Documents/wirechat-app/vendor/laravel/framework/src/Illuminate/Pipeline/Pipeline.php(144): Illuminate\\Foundation\\Http\\Kernel->Illuminate\\Foundation\\Http\\{closure}()
#42 /home/cainan/Documents/wirechat-app/vendor/livewire/livewire/src/Features/SupportDisablingBackButtonCache/DisableBackButtonCacheMiddleware.php(19): Illuminate\\Pipeline\\Pipeline->Illuminate\\Pipeline\\{closure}()
#43 /home/cainan/Documents/wirechat-app/vendor/laravel/framework/src/Illuminate/Pipeline/Pipeline.php(183): Livewire\\Features\\SupportDisablingBackButtonCache\\DisableBackButtonCacheMiddleware->handle()
#44 /home/cainan/Documents/wirechat-app/vendor/laravel/framework/src/Illuminate/Foundation/Http/Middleware/TransformsRequest.php(21): Illuminate\\Pipeline\\Pipeline->Illuminate\\Pipeline\\{closure}()
#45 /home/cainan/Documents/wirechat-app/vendor/laravel/framework/src/Illuminate/Foundation/Http/Middleware/ConvertEmptyStringsToNull.php(31): Illuminate\\Foundation\\Http\\Middleware\\TransformsRequest->handle()
#46 /home/cainan/Documents/wirechat-app/vendor/laravel/framework/src/Illuminate/Pipeline/Pipeline.php(183): Illuminate\\Foundation\\Http\\Middleware\\ConvertEmptyStringsToNull->handle()
#47 /home/cainan/Documents/wirechat-app/vendor/laravel/framework/src/Illuminate/Foundation/Http/Middleware/TransformsRequest.php(21): Illuminate\\Pipeline\\Pipeline->Illuminate\\Pipeline\\{closure}()
#48 /home/cainan/Documents/wirechat-app/vendor/laravel/framework/src/Illuminate/Foundation/Http/Middleware/TrimStrings.php(51): Illuminate\\Foundation\\Http\\Middleware\\TransformsRequest->handle()
#49 /home/cainan/Documents/wirechat-app/vendor/laravel/framework/src/Illuminate/Pipeline/Pipeline.php(183): Illuminate\\Foundation\\Http\\Middleware\\TrimStrings->handle()
#50 /home/cainan/Documents/wirechat-app/vendor/laravel/framework/src/Illuminate/Http/Middleware/ValidatePostSize.php(27): Illuminate\\Pipeline\\Pipeline->Illuminate\\Pipeline\\{closure}()
#51 /home/cainan/Documents/wirechat-app/vendor/laravel/framework/src/Illuminate/Pipeline/Pipeline.php(183): Illuminate\\Http\\Middleware\\ValidatePostSize->handle()
#52 /home/cainan/Documents/wirechat-app/vendor/laravel/framework/src/Illuminate/Foundation/Http/Middleware/PreventRequestsDuringMaintenance.php(110): Illuminate\\Pipeline\\Pipeline->Illuminate\\Pipeline\\{closure}()
#53 /home/cainan/Documents/wirechat-app/vendor/laravel/framework/src/Illuminate/Pipeline/Pipeline.php(183): Illuminate\\Foundation\\Http\\Middleware\\PreventRequestsDuringMaintenance->handle()
#54 /home/cainan/Documents/wirechat-app/vendor/laravel/framework/src/Illuminate/Http/Middleware/HandleCors.php(49): Illuminate\\Pipeline\\Pipeline->Illuminate\\Pipeline\\{closure}()
#55 /home/cainan/Documents/wirechat-app/vendor/laravel/framework/src/Illuminate/Pipeline/Pipeline.php(183): Illuminate\\Http\\Middleware\\HandleCors->handle()
#56 /home/cainan/Documents/wirechat-app/vendor/laravel/framework/src/Illuminate/Http/Middleware/TrustProxies.php(58): Illuminate\\Pipeline\\Pipeline->Illuminate\\Pipeline\\{closure}()
#57 /home/cainan/Documents/wirechat-app/vendor/laravel/framework/src/Illuminate/Pipeline/Pipeline.php(183): Illuminate\\Http\\Middleware\\TrustProxies->handle()
#58 /home/cainan/Documents/wirechat-app/vendor/laravel/framework/src/Illuminate/Foundation/Http/Middleware/InvokeDeferredCallbacks.php(22): Illuminate\\Pipeline\\Pipeline->Illuminate\\Pipeline\\{closure}()
#59 /home/cainan/Documents/wirechat-app/vendor/laravel/framework/src/Illuminate/Pipeline/Pipeline.php(183): Illuminate\\Foundation\\Http\\Middleware\\InvokeDeferredCallbacks->handle()
#60 /home/cainan/Documents/wirechat-app/vendor/laravel/framework/src/Illuminate/Pipeline/Pipeline.php(119): Illuminate\\Pipeline\\Pipeline->Illuminate\\Pipeline\\{closure}()
#61 /home/cainan/Documents/wirechat-app/vendor/laravel/framework/src/Illuminate/Foundation/Http/Kernel.php(176): Illuminate\\Pipeline\\Pipeline->then()
#62 /home/cainan/Documents/wirechat-app/vendor/laravel/framework/src/Illuminate/Foundation/Http/Kernel.php(145): Illuminate\\Foundation\\Http\\Kernel->sendRequestThroughRouter()
#63 /home/cainan/Documents/wirechat-app/vendor/laravel/framework/src/Illuminate/Foundation/Application.php(1190): Illuminate\\Foundation\\Http\\Kernel->handle()
#64 /home/cainan/Documents/wirechat-app/public/index.php(17): Illuminate\\Foundation\\Application->handleRequest()
#65 /home/cainan/Documents/wirechat-app/vendor/laravel/framework/src/Illuminate/Foundation/resources/server.php(23): require_once('...')
#66 {main}
"} 
[2024-12-16 21:24:40] local.ERROR: SQLSTATE[HY000] [2002] Network is unreachable (Connection: mysql, SQL: select * from `sessions` where `id` = NJUTnyST70GgcWBaMAYv3FKnxt7azHUtIfeiG3E9 limit 1) {"exception":"[object] (Illuminate\\Database\\QueryException(code: 2002): SQLSTATE[HY000] [2002] Network is unreachable (Connection: mysql, SQL: select * from `sessions` where `id` = NJUTnyST70GgcWBaMAYv3FKnxt7azHUtIfeiG3E9 limit 1) at /home/cainan/Documents/wirechat-app/vendor/laravel/framework/src/Illuminate/Database/Connection.php:825)
[stacktrace]
#0 /home/cainan/Documents/wirechat-app/vendor/laravel/framework/src/Illuminate/Database/Connection.php(979): Illuminate\\Database\\Connection->runQueryCallback()
#1 /home/cainan/Documents/wirechat-app/vendor/laravel/framework/src/Illuminate/Database/Connection.php(958): Illuminate\\Database\\Connection->tryAgainIfCausedByLostConnection()
#2 /home/cainan/Documents/wirechat-app/vendor/laravel/framework/src/Illuminate/Database/Connection.php(781): Illuminate\\Database\\Connection->handleQueryException()
#3 /home/cainan/Documents/wirechat-app/vendor/laravel/framework/src/Illuminate/Database/Connection.php(398): Illuminate\\Database\\Connection->run()
#4 /home/cainan/Documents/wirechat-app/vendor/laravel/framework/src/Illuminate/Database/Query/Builder.php(3133): Illuminate\\Database\\Connection->select()
#5 /home/cainan/Documents/wirechat-app/vendor/laravel/framework/src/Illuminate/Database/Query/Builder.php(3118): Illuminate\\Database\\Query\\Builder->runSelect()
#6 /home/cainan/Documents/wirechat-app/vendor/laravel/framework/src/Illuminate/Database/Query/Builder.php(3706): Illuminate\\Database\\Query\\Builder->Illuminate\\Database\\Query\\{closure}()
#7 /home/cainan/Documents/wirechat-app/vendor/laravel/framework/src/Illuminate/Database/Query/Builder.php(3117): Illuminate\\Database\\Query\\Builder->onceWithColumns()
#8 /home/cainan/Documents/wirechat-app/vendor/laravel/framework/src/Illuminate/Database/Concerns/BuildsQueries.php(344): Illuminate\\Database\\Query\\Builder->get()
#9 /home/cainan/Documents/wirechat-app/vendor/laravel/framework/src/Illuminate/Database/Query/Builder.php(3038): Illuminate\\Database\\Query\\Builder->first()
#10 /home/cainan/Documents/wirechat-app/vendor/laravel/framework/src/Illuminate/Session/DatabaseSessionHandler.php(97): Illuminate\\Database\\Query\\Builder->find()
#11 /home/cainan/Documents/wirechat-app/vendor/laravel/framework/src/Illuminate/Session/Store.php(114): Illuminate\\Session\\DatabaseSessionHandler->read()
#12 /home/cainan/Documents/wirechat-app/vendor/laravel/framework/src/Illuminate/Session/Store.php(102): Illuminate\\Session\\Store->readFromHandler()
#13 /home/cainan/Documents/wirechat-app/vendor/laravel/framework/src/Illuminate/Session/Store.php(86): Illuminate\\Session\\Store->loadSession()
#14 /home/cainan/Documents/wirechat-app/vendor/laravel/framework/src/Illuminate/Session/Middleware/StartSession.php(147): Illuminate\\Session\\Store->start()
#15 /home/cainan/Documents/wirechat-app/vendor/laravel/framework/src/Illuminate/Support/helpers.php(393): Illuminate\\Session\\Middleware\\StartSession->Illuminate\\Session\\Middleware\\{closure}()
#16 /home/cainan/Documents/wirechat-app/vendor/laravel/framework/src/Illuminate/Session/Middleware/StartSession.php(144): tap()
#17 /home/cainan/Documents/wirechat-app/vendor/laravel/framework/src/Illuminate/Session/Middleware/StartSession.php(116): Illuminate\\Session\\Middleware\\StartSession->startSession()
#18 /home/cainan/Documents/wirechat-app/vendor/laravel/framework/src/Illuminate/Session/Middleware/StartSession.php(64): Illuminate\\Session\\Middleware\\StartSession->handleStatefulRequest()
#19 /home/cainan/Documents/wirechat-app/vendor/laravel/framework/src/Illuminate/Pipeline/Pipeline.php(183): Illuminate\\Session\\Middleware\\StartSession->handle()
#20 /home/cainan/Documents/wirechat-app/vendor/laravel/framework/src/Illuminate/Cookie/Middleware/AddQueuedCookiesToResponse.php(37): Illuminate\\Pipeline\\Pipeline->Illuminate\\Pipeline\\{closure}()
#21 /home/cainan/Documents/wirechat-app/vendor/laravel/framework/src/Illuminate/Pipeline/Pipeline.php(183): Illuminate\\Cookie\\Middleware\\AddQueuedCookiesToResponse->handle()
#22 /home/cainan/Documents/wirechat-app/vendor/laravel/framework/src/Illuminate/Cookie/Middleware/EncryptCookies.php(75): Illuminate\\Pipeline\\Pipeline->Illuminate\\Pipeline\\{closure}()
#23 /home/cainan/Documents/wirechat-app/vendor/laravel/framework/src/Illuminate/Pipeline/Pipeline.php(183): Illuminate\\Cookie\\Middleware\\EncryptCookies->handle()
#24 /home/cainan/Documents/wirechat-app/vendor/laravel/framework/src/Illuminate/Pipeline/Pipeline.php(119): Illuminate\\Pipeline\\Pipeline->Illuminate\\Pipeline\\{closure}()
#25 /home/cainan/Documents/wirechat-app/vendor/laravel/framework/src/Illuminate/Routing/Router.php(807): Illuminate\\Pipeline\\Pipeline->then()
#26 /home/cainan/Documents/wirechat-app/vendor/laravel/framework/src/Illuminate/Routing/Router.php(786): Illuminate\\Routing\\Router->runRouteWithinStack()
#27 /home/cainan/Documents/wirechat-app/vendor/laravel/framework/src/Illuminate/Routing/Router.php(750): Illuminate\\Routing\\Router->runRoute()
#28 /home/cainan/Documents/wirechat-app/vendor/laravel/framework/src/Illuminate/Routing/Router.php(739): Illuminate\\Routing\\Router->dispatchToRoute()
#29 /home/cainan/Documents/wirechat-app/vendor/laravel/framework/src/Illuminate/Foundation/Http/Kernel.php(201): Illuminate\\Routing\\Router->dispatch()
#30 /home/cainan/Documents/wirechat-app/vendor/laravel/framework/src/Illuminate/Pipeline/Pipeline.php(144): Illuminate\\Foundation\\Http\\Kernel->Illuminate\\Foundation\\Http\\{closure}()
#31 /home/cainan/Documents/wirechat-app/vendor/livewire/livewire/src/Features/SupportDisablingBackButtonCache/DisableBackButtonCacheMiddleware.php(19): Illuminate\\Pipeline\\Pipeline->Illuminate\\Pipeline\\{closure}()
#32 /home/cainan/Documents/wirechat-app/vendor/laravel/framework/src/Illuminate/Pipeline/Pipeline.php(183): Livewire\\Features\\SupportDisablingBackButtonCache\\DisableBackButtonCacheMiddleware->handle()
#33 /home/cainan/Documents/wirechat-app/vendor/laravel/framework/src/Illuminate/Foundation/Http/Middleware/TransformsRequest.php(21): Illuminate\\Pipeline\\Pipeline->Illuminate\\Pipeline\\{closure}()
#34 /home/cainan/Documents/wirechat-app/vendor/laravel/framework/src/Illuminate/Foundation/Http/Middleware/ConvertEmptyStringsToNull.php(31): Illuminate\\Foundation\\Http\\Middleware\\TransformsRequest->handle()
#35 /home/cainan/Documents/wirechat-app/vendor/laravel/framework/src/Illuminate/Pipeline/Pipeline.php(183): Illuminate\\Foundation\\Http\\Middleware\\ConvertEmptyStringsToNull->handle()
#36 /home/cainan/Documents/wirechat-app/vendor/laravel/framework/src/Illuminate/Foundation/Http/Middleware/TransformsRequest.php(21): Illuminate\\Pipeline\\Pipeline->Illuminate\\Pipeline\\{closure}()
#37 /home/cainan/Documents/wirechat-app/vendor/laravel/framework/src/Illuminate/Foundation/Http/Middleware/TrimStrings.php(51): Illuminate\\Foundation\\Http\\Middleware\\TransformsRequest->handle()
#38 /home/cainan/Documents/wirechat-app/vendor/laravel/framework/src/Illuminate/Pipeline/Pipeline.php(183): Illuminate\\Foundation\\Http\\Middleware\\TrimStrings->handle()
#39 /home/cainan/Documents/wirechat-app/vendor/laravel/framework/src/Illuminate/Http/Middleware/ValidatePostSize.php(27): Illuminate\\Pipeline\\Pipeline->Illuminate\\Pipeline\\{closure}()
#40 /home/cainan/Documents/wirechat-app/vendor/laravel/framework/src/Illuminate/Pipeline/Pipeline.php(183): Illuminate\\Http\\Middleware\\ValidatePostSize->handle()
#41 /home/cainan/Documents/wirechat-app/vendor/laravel/framework/src/Illuminate/Foundation/Http/Middleware/PreventRequestsDuringMaintenance.php(110): Illuminate\\Pipeline\\Pipeline->Illuminate\\Pipeline\\{closure}()
#42 /home/cainan/Documents/wirechat-app/vendor/laravel/framework/src/Illuminate/Pipeline/Pipeline.php(183): Illuminate\\Foundation\\Http\\Middleware\\PreventRequestsDuringMaintenance->handle()
#43 /home/cainan/Documents/wirechat-app/vendor/laravel/framework/src/Illuminate/Http/Middleware/HandleCors.php(49): Illuminate\\Pipeline\\Pipeline->Illuminate\\Pipeline\\{closure}()
#44 /home/cainan/Documents/wirechat-app/vendor/laravel/framework/src/Illuminate/Pipeline/Pipeline.php(183): Illuminate\\Http\\Middleware\\HandleCors->handle()
#45 /home/cainan/Documents/wirechat-app/vendor/laravel/framework/src/Illuminate/Http/Middleware/TrustProxies.php(58): Illuminate\\Pipeline\\Pipeline->Illuminate\\Pipeline\\{closure}()
#46 /home/cainan/Documents/wirechat-app/vendor/laravel/framework/src/Illuminate/Pipeline/Pipeline.php(183): Illuminate\\Http\\Middleware\\TrustProxies->handle()
#47 /home/cainan/Documents/wirechat-app/vendor/laravel/framework/src/Illuminate/Foundation/Http/Middleware/InvokeDeferredCallbacks.php(22): Illuminate\\Pipeline\\Pipeline->Illuminate\\Pipeline\\{closure}()
#48 /home/cainan/Documents/wirechat-app/vendor/laravel/framework/src/Illuminate/Pipeline/Pipeline.php(183): Illuminate\\Foundation\\Http\\Middleware\\InvokeDeferredCallbacks->handle()
#49 /home/cainan/Documents/wirechat-app/vendor/laravel/framework/src/Illuminate/Pipeline/Pipeline.php(119): Illuminate\\Pipeline\\Pipeline->Illuminate\\Pipeline\\{closure}()
#50 /home/cainan/Documents/wirechat-app/vendor/laravel/framework/src/Illuminate/Foundation/Http/Kernel.php(176): Illuminate\\Pipeline\\Pipeline->then()
#51 /home/cainan/Documents/wirechat-app/vendor/laravel/framework/src/Illuminate/Foundation/Http/Kernel.php(145): Illuminate\\Foundation\\Http\\Kernel->sendRequestThroughRouter()
#52 /home/cainan/Documents/wirechat-app/vendor/laravel/framework/src/Illuminate/Foundation/Application.php(1190): Illuminate\\Foundation\\Http\\Kernel->handle()
#53 /home/cainan/Documents/wirechat-app/public/index.php(17): Illuminate\\Foundation\\Application->handleRequest()
#54 /home/cainan/Documents/wirechat-app/vendor/laravel/framework/src/Illuminate/Foundation/resources/server.php(23): require_once('...')
#55 {main}

[previous exception] [object] (PDOException(code: 2002): SQLSTATE[HY000] [2002] Network is unreachable at /home/cainan/Documents/wirechat-app/vendor/laravel/framework/src/Illuminate/Database/Connectors/Connector.php:66)
[stacktrace]
#0 /home/cainan/Documents/wirechat-app/vendor/laravel/framework/src/Illuminate/Database/Connectors/Connector.php(66): PDO->__construct()
#1 /home/cainan/Documents/wirechat-app/vendor/laravel/framework/src/Illuminate/Database/Connectors/Connector.php(85): Illuminate\\Database\\Connectors\\Connector->createPdoConnection()
#2 /home/cainan/Documents/wirechat-app/vendor/laravel/framework/src/Illuminate/Database/Connectors/Connector.php(48): Illuminate\\Database\\Connectors\\Connector->tryAgainIfCausedByLostConnection()
#3 /home/cainan/Documents/wirechat-app/vendor/laravel/framework/src/Illuminate/Database/Connectors/MySqlConnector.php(24): Illuminate\\Database\\Connectors\\Connector->createConnection()
#4 /home/cainan/Documents/wirechat-app/vendor/laravel/framework/src/Illuminate/Database/Connectors/ConnectionFactory.php(185): Illuminate\\Database\\Connectors\\MySqlConnector->connect()
#5 [internal function]: Illuminate\\Database\\Connectors\\ConnectionFactory->Illuminate\\Database\\Connectors\\{closure}()
#6 /home/cainan/Documents/wirechat-app/vendor/laravel/framework/src/Illuminate/Database/Connection.php(1231): call_user_func()
#7 /home/cainan/Documents/wirechat-app/vendor/laravel/framework/src/Illuminate/Database/Connection.php(1267): Illuminate\\Database\\Connection->getPdo()
#8 /home/cainan/Documents/wirechat-app/vendor/laravel/framework/src/Illuminate/Database/Connection.php(512): Illuminate\\Database\\Connection->getReadPdo()
#9 /home/cainan/Documents/wirechat-app/vendor/laravel/framework/src/Illuminate/Database/Connection.php(407): Illuminate\\Database\\Connection->getPdoForSelect()
#10 /home/cainan/Documents/wirechat-app/vendor/laravel/framework/src/Illuminate/Database/Connection.php(812): Illuminate\\Database\\Connection->Illuminate\\Database\\{closure}()
#11 /home/cainan/Documents/wirechat-app/vendor/laravel/framework/src/Illuminate/Database/Connection.php(979): Illuminate\\Database\\Connection->runQueryCallback()
#12 /home/cainan/Documents/wirechat-app/vendor/laravel/framework/src/Illuminate/Database/Connection.php(958): Illuminate\\Database\\Connection->tryAgainIfCausedByLostConnection()
#13 /home/cainan/Documents/wirechat-app/vendor/laravel/framework/src/Illuminate/Database/Connection.php(781): Illuminate\\Database\\Connection->handleQueryException()
#14 /home/cainan/Documents/wirechat-app/vendor/laravel/framework/src/Illuminate/Database/Connection.php(398): Illuminate\\Database\\Connection->run()
#15 /home/cainan/Documents/wirechat-app/vendor/laravel/framework/src/Illuminate/Database/Query/Builder.php(3133): Illuminate\\Database\\Connection->select()
#16 /home/cainan/Documents/wirechat-app/vendor/laravel/framework/src/Illuminate/Database/Query/Builder.php(3118): Illuminate\\Database\\Query\\Builder->runSelect()
#17 /home/cainan/Documents/wirechat-app/vendor/laravel/framework/src/Illuminate/Database/Query/Builder.php(3706): Illuminate\\Database\\Query\\Builder->Illuminate\\Database\\Query\\{closure}()
#18 /home/cainan/Documents/wirechat-app/vendor/laravel/framework/src/Illuminate/Database/Query/Builder.php(3117): Illuminate\\Database\\Query\\Builder->onceWithColumns()
#19 /home/cainan/Documents/wirechat-app/vendor/laravel/framework/src/Illuminate/Database/Concerns/BuildsQueries.php(344): Illuminate\\Database\\Query\\Builder->get()
#20 /home/cainan/Documents/wirechat-app/vendor/laravel/framework/src/Illuminate/Database/Query/Builder.php(3038): Illuminate\\Database\\Query\\Builder->first()
#21 /home/cainan/Documents/wirechat-app/vendor/laravel/framework/src/Illuminate/Session/DatabaseSessionHandler.php(97): Illuminate\\Database\\Query\\Builder->find()
#22 /home/cainan/Documents/wirechat-app/vendor/laravel/framework/src/Illuminate/Session/Store.php(114): Illuminate\\Session\\DatabaseSessionHandler->read()
#23 /home/cainan/Documents/wirechat-app/vendor/laravel/framework/src/Illuminate/Session/Store.php(102): Illuminate\\Session\\Store->readFromHandler()
#24 /home/cainan/Documents/wirechat-app/vendor/laravel/framework/src/Illuminate/Session/Store.php(86): Illuminate\\Session\\Store->loadSession()
#25 /home/cainan/Documents/wirechat-app/vendor/laravel/framework/src/Illuminate/Session/Middleware/StartSession.php(147): Illuminate\\Session\\Store->start()
#26 /home/cainan/Documents/wirechat-app/vendor/laravel/framework/src/Illuminate/Support/helpers.php(393): Illuminate\\Session\\Middleware\\StartSession->Illuminate\\Session\\Middleware\\{closure}()
#27 /home/cainan/Documents/wirechat-app/vendor/laravel/framework/src/Illuminate/Session/Middleware/StartSession.php(144): tap()
#28 /home/cainan/Documents/wirechat-app/vendor/laravel/framework/src/Illuminate/Session/Middleware/StartSession.php(116): Illuminate\\Session\\Middleware\\StartSession->startSession()
#29 /home/cainan/Documents/wirechat-app/vendor/laravel/framework/src/Illuminate/Session/Middleware/StartSession.php(64): Illuminate\\Session\\Middleware\\StartSession->handleStatefulRequest()
#30 /home/cainan/Documents/wirechat-app/vendor/laravel/framework/src/Illuminate/Pipeline/Pipeline.php(183): Illuminate\\Session\\Middleware\\StartSession->handle()
#31 /home/cainan/Documents/wirechat-app/vendor/laravel/framework/src/Illuminate/Cookie/Middleware/AddQueuedCookiesToResponse.php(37): Illuminate\\Pipeline\\Pipeline->Illuminate\\Pipeline\\{closure}()
#32 /home/cainan/Documents/wirechat-app/vendor/laravel/framework/src/Illuminate/Pipeline/Pipeline.php(183): Illuminate\\Cookie\\Middleware\\AddQueuedCookiesToResponse->handle()
#33 /home/cainan/Documents/wirechat-app/vendor/laravel/framework/src/Illuminate/Cookie/Middleware/EncryptCookies.php(75): Illuminate\\Pipeline\\Pipeline->Illuminate\\Pipeline\\{closure}()
#34 /home/cainan/Documents/wirechat-app/vendor/laravel/framework/src/Illuminate/Pipeline/Pipeline.php(183): Illuminate\\Cookie\\Middleware\\EncryptCookies->handle()
#35 /home/cainan/Documents/wirechat-app/vendor/laravel/framework/src/Illuminate/Pipeline/Pipeline.php(119): Illuminate\\Pipeline\\Pipeline->Illuminate\\Pipeline\\{closure}()
#36 /home/cainan/Documents/wirechat-app/vendor/laravel/framework/src/Illuminate/Routing/Router.php(807): Illuminate\\Pipeline\\Pipeline->then()
#37 /home/cainan/Documents/wirechat-app/vendor/laravel/framework/src/Illuminate/Routing/Router.php(786): Illuminate\\Routing\\Router->runRouteWithinStack()
#38 /home/cainan/Documents/wirechat-app/vendor/laravel/framework/src/Illuminate/Routing/Router.php(750): Illuminate\\Routing\\Router->runRoute()
#39 /home/cainan/Documents/wirechat-app/vendor/laravel/framework/src/Illuminate/Routing/Router.php(739): Illuminate\\Routing\\Router->dispatchToRoute()
#40 /home/cainan/Documents/wirechat-app/vendor/laravel/framework/src/Illuminate/Foundation/Http/Kernel.php(201): Illuminate\\Routing\\Router->dispatch()
#41 /home/cainan/Documents/wirechat-app/vendor/laravel/framework/src/Illuminate/Pipeline/Pipeline.php(144): Illuminate\\Foundation\\Http\\Kernel->Illuminate\\Foundation\\Http\\{closure}()
#42 /home/cainan/Documents/wirechat-app/vendor/livewire/livewire/src/Features/SupportDisablingBackButtonCache/DisableBackButtonCacheMiddleware.php(19): Illuminate\\Pipeline\\Pipeline->Illuminate\\Pipeline\\{closure}()
#43 /home/cainan/Documents/wirechat-app/vendor/laravel/framework/src/Illuminate/Pipeline/Pipeline.php(183): Livewire\\Features\\SupportDisablingBackButtonCache\\DisableBackButtonCacheMiddleware->handle()
#44 /home/cainan/Documents/wirechat-app/vendor/laravel/framework/src/Illuminate/Foundation/Http/Middleware/TransformsRequest.php(21): Illuminate\\Pipeline\\Pipeline->Illuminate\\Pipeline\\{closure}()
#45 /home/cainan/Documents/wirechat-app/vendor/laravel/framework/src/Illuminate/Foundation/Http/Middleware/ConvertEmptyStringsToNull.php(31): Illuminate\\Foundation\\Http\\Middleware\\TransformsRequest->handle()
#46 /home/cainan/Documents/wirechat-app/vendor/laravel/framework/src/Illuminate/Pipeline/Pipeline.php(183): Illuminate\\Foundation\\Http\\Middleware\\ConvertEmptyStringsToNull->handle()
#47 /home/cainan/Documents/wirechat-app/vendor/laravel/framework/src/Illuminate/Foundation/Http/Middleware/TransformsRequest.php(21): Illuminate\\Pipeline\\Pipeline->Illuminate\\Pipeline\\{closure}()
#48 /home/cainan/Documents/wirechat-app/vendor/laravel/framework/src/Illuminate/Foundation/Http/Middleware/TrimStrings.php(51): Illuminate\\Foundation\\Http\\Middleware\\TransformsRequest->handle()
#49 /home/cainan/Documents/wirechat-app/vendor/laravel/framework/src/Illuminate/Pipeline/Pipeline.php(183): Illuminate\\Foundation\\Http\\Middleware\\TrimStrings->handle()
#50 /home/cainan/Documents/wirechat-app/vendor/laravel/framework/src/Illuminate/Http/Middleware/ValidatePostSize.php(27): Illuminate\\Pipeline\\Pipeline->Illuminate\\Pipeline\\{closure}()
#51 /home/cainan/Documents/wirechat-app/vendor/laravel/framework/src/Illuminate/Pipeline/Pipeline.php(183): Illuminate\\Http\\Middleware\\ValidatePostSize->handle()
#52 /home/cainan/Documents/wirechat-app/vendor/laravel/framework/src/Illuminate/Foundation/Http/Middleware/PreventRequestsDuringMaintenance.php(110): Illuminate\\Pipeline\\Pipeline->Illuminate\\Pipeline\\{closure}()
#53 /home/cainan/Documents/wirechat-app/vendor/laravel/framework/src/Illuminate/Pipeline/Pipeline.php(183): Illuminate\\Foundation\\Http\\Middleware\\PreventRequestsDuringMaintenance->handle()
#54 /home/cainan/Documents/wirechat-app/vendor/laravel/framework/src/Illuminate/Http/Middleware/HandleCors.php(49): Illuminate\\Pipeline\\Pipeline->Illuminate\\Pipeline\\{closure}()
#55 /home/cainan/Documents/wirechat-app/vendor/laravel/framework/src/Illuminate/Pipeline/Pipeline.php(183): Illuminate\\Http\\Middleware\\HandleCors->handle()
#56 /home/cainan/Documents/wirechat-app/vendor/laravel/framework/src/Illuminate/Http/Middleware/TrustProxies.php(58): Illuminate\\Pipeline\\Pipeline->Illuminate\\Pipeline\\{closure}()
#57 /home/cainan/Documents/wirechat-app/vendor/laravel/framework/src/Illuminate/Pipeline/Pipeline.php(183): Illuminate\\Http\\Middleware\\TrustProxies->handle()
#58 /home/cainan/Documents/wirechat-app/vendor/laravel/framework/src/Illuminate/Foundation/Http/Middleware/InvokeDeferredCallbacks.php(22): Illuminate\\Pipeline\\Pipeline->Illuminate\\Pipeline\\{closure}()
#59 /home/cainan/Documents/wirechat-app/vendor/laravel/framework/src/Illuminate/Pipeline/Pipeline.php(183): Illuminate\\Foundation\\Http\\Middleware\\InvokeDeferredCallbacks->handle()
#60 /home/cainan/Documents/wirechat-app/vendor/laravel/framework/src/Illuminate/Pipeline/Pipeline.php(119): Illuminate\\Pipeline\\Pipeline->Illuminate\\Pipeline\\{closure}()
#61 /home/cainan/Documents/wirechat-app/vendor/laravel/framework/src/Illuminate/Foundation/Http/Kernel.php(176): Illuminate\\Pipeline\\Pipeline->then()
#62 /home/cainan/Documents/wirechat-app/vendor/laravel/framework/src/Illuminate/Foundation/Http/Kernel.php(145): Illuminate\\Foundation\\Http\\Kernel->sendRequestThroughRouter()
#63 /home/cainan/Documents/wirechat-app/vendor/laravel/framework/src/Illuminate/Foundation/Application.php(1190): Illuminate\\Foundation\\Http\\Kernel->handle()
#64 /home/cainan/Documents/wirechat-app/public/index.php(17): Illuminate\\Foundation\\Application->handleRequest()
#65 /home/cainan/Documents/wirechat-app/vendor/laravel/framework/src/Illuminate/Foundation/resources/server.php(23): require_once('...')
#66 {main}
"} 
[2024-12-16 21:24:41] local.ERROR: SQLSTATE[HY000] [2002] Network is unreachable (Connection: mysql, SQL: select * from `sessions` where `id` = NJUTnyST70GgcWBaMAYv3FKnxt7azHUtIfeiG3E9 limit 1) {"exception":"[object] (Illuminate\\Database\\QueryException(code: 2002): SQLSTATE[HY000] [2002] Network is unreachable (Connection: mysql, SQL: select * from `sessions` where `id` = NJUTnyST70GgcWBaMAYv3FKnxt7azHUtIfeiG3E9 limit 1) at /home/cainan/Documents/wirechat-app/vendor/laravel/framework/src/Illuminate/Database/Connection.php:825)
[stacktrace]
#0 /home/cainan/Documents/wirechat-app/vendor/laravel/framework/src/Illuminate/Database/Connection.php(979): Illuminate\\Database\\Connection->runQueryCallback()
#1 /home/cainan/Documents/wirechat-app/vendor/laravel/framework/src/Illuminate/Database/Connection.php(958): Illuminate\\Database\\Connection->tryAgainIfCausedByLostConnection()
#2 /home/cainan/Documents/wirechat-app/vendor/laravel/framework/src/Illuminate/Database/Connection.php(781): Illuminate\\Database\\Connection->handleQueryException()
#3 /home/cainan/Documents/wirechat-app/vendor/laravel/framework/src/Illuminate/Database/Connection.php(398): Illuminate\\Database\\Connection->run()
#4 /home/cainan/Documents/wirechat-app/vendor/laravel/framework/src/Illuminate/Database/Query/Builder.php(3133): Illuminate\\Database\\Connection->select()
#5 /home/cainan/Documents/wirechat-app/vendor/laravel/framework/src/Illuminate/Database/Query/Builder.php(3118): Illuminate\\Database\\Query\\Builder->runSelect()
#6 /home/cainan/Documents/wirechat-app/vendor/laravel/framework/src/Illuminate/Database/Query/Builder.php(3706): Illuminate\\Database\\Query\\Builder->Illuminate\\Database\\Query\\{closure}()
#7 /home/cainan/Documents/wirechat-app/vendor/laravel/framework/src/Illuminate/Database/Query/Builder.php(3117): Illuminate\\Database\\Query\\Builder->onceWithColumns()
#8 /home/cainan/Documents/wirechat-app/vendor/laravel/framework/src/Illuminate/Database/Concerns/BuildsQueries.php(344): Illuminate\\Database\\Query\\Builder->get()
#9 /home/cainan/Documents/wirechat-app/vendor/laravel/framework/src/Illuminate/Database/Query/Builder.php(3038): Illuminate\\Database\\Query\\Builder->first()
#10 /home/cainan/Documents/wirechat-app/vendor/laravel/framework/src/Illuminate/Session/DatabaseSessionHandler.php(97): Illuminate\\Database\\Query\\Builder->find()
#11 /home/cainan/Documents/wirechat-app/vendor/laravel/framework/src/Illuminate/Session/Store.php(114): Illuminate\\Session\\DatabaseSessionHandler->read()
#12 /home/cainan/Documents/wirechat-app/vendor/laravel/framework/src/Illuminate/Session/Store.php(102): Illuminate\\Session\\Store->readFromHandler()
#13 /home/cainan/Documents/wirechat-app/vendor/laravel/framework/src/Illuminate/Session/Store.php(86): Illuminate\\Session\\Store->loadSession()
#14 /home/cainan/Documents/wirechat-app/vendor/laravel/framework/src/Illuminate/Session/Middleware/StartSession.php(147): Illuminate\\Session\\Store->start()
#15 /home/cainan/Documents/wirechat-app/vendor/laravel/framework/src/Illuminate/Support/helpers.php(393): Illuminate\\Session\\Middleware\\StartSession->Illuminate\\Session\\Middleware\\{closure}()
#16 /home/cainan/Documents/wirechat-app/vendor/laravel/framework/src/Illuminate/Session/Middleware/StartSession.php(144): tap()
#17 /home/cainan/Documents/wirechat-app/vendor/laravel/framework/src/Illuminate/Session/Middleware/StartSession.php(116): Illuminate\\Session\\Middleware\\StartSession->startSession()
#18 /home/cainan/Documents/wirechat-app/vendor/laravel/framework/src/Illuminate/Session/Middleware/StartSession.php(64): Illuminate\\Session\\Middleware\\StartSession->handleStatefulRequest()
#19 /home/cainan/Documents/wirechat-app/vendor/laravel/framework/src/Illuminate/Pipeline/Pipeline.php(183): Illuminate\\Session\\Middleware\\StartSession->handle()
#20 /home/cainan/Documents/wirechat-app/vendor/laravel/framework/src/Illuminate/Cookie/Middleware/AddQueuedCookiesToResponse.php(37): Illuminate\\Pipeline\\Pipeline->Illuminate\\Pipeline\\{closure}()
#21 /home/cainan/Documents/wirechat-app/vendor/laravel/framework/src/Illuminate/Pipeline/Pipeline.php(183): Illuminate\\Cookie\\Middleware\\AddQueuedCookiesToResponse->handle()
#22 /home/cainan/Documents/wirechat-app/vendor/laravel/framework/src/Illuminate/Cookie/Middleware/EncryptCookies.php(75): Illuminate\\Pipeline\\Pipeline->Illuminate\\Pipeline\\{closure}()
#23 /home/cainan/Documents/wirechat-app/vendor/laravel/framework/src/Illuminate/Pipeline/Pipeline.php(183): Illuminate\\Cookie\\Middleware\\EncryptCookies->handle()
#24 /home/cainan/Documents/wirechat-app/vendor/laravel/framework/src/Illuminate/Pipeline/Pipeline.php(119): Illuminate\\Pipeline\\Pipeline->Illuminate\\Pipeline\\{closure}()
#25 /home/cainan/Documents/wirechat-app/vendor/laravel/framework/src/Illuminate/Routing/Router.php(807): Illuminate\\Pipeline\\Pipeline->then()
#26 /home/cainan/Documents/wirechat-app/vendor/laravel/framework/src/Illuminate/Routing/Router.php(786): Illuminate\\Routing\\Router->runRouteWithinStack()
#27 /home/cainan/Documents/wirechat-app/vendor/laravel/framework/src/Illuminate/Routing/Router.php(750): Illuminate\\Routing\\Router->runRoute()
#28 /home/cainan/Documents/wirechat-app/vendor/laravel/framework/src/Illuminate/Routing/Router.php(739): Illuminate\\Routing\\Router->dispatchToRoute()
#29 /home/cainan/Documents/wirechat-app/vendor/laravel/framework/src/Illuminate/Foundation/Http/Kernel.php(201): Illuminate\\Routing\\Router->dispatch()
#30 /home/cainan/Documents/wirechat-app/vendor/laravel/framework/src/Illuminate/Pipeline/Pipeline.php(144): Illuminate\\Foundation\\Http\\Kernel->Illuminate\\Foundation\\Http\\{closure}()
#31 /home/cainan/Documents/wirechat-app/vendor/livewire/livewire/src/Features/SupportDisablingBackButtonCache/DisableBackButtonCacheMiddleware.php(19): Illuminate\\Pipeline\\Pipeline->Illuminate\\Pipeline\\{closure}()
#32 /home/cainan/Documents/wirechat-app/vendor/laravel/framework/src/Illuminate/Pipeline/Pipeline.php(183): Livewire\\Features\\SupportDisablingBackButtonCache\\DisableBackButtonCacheMiddleware->handle()
#33 /home/cainan/Documents/wirechat-app/vendor/laravel/framework/src/Illuminate/Foundation/Http/Middleware/TransformsRequest.php(21): Illuminate\\Pipeline\\Pipeline->Illuminate\\Pipeline\\{closure}()
#34 /home/cainan/Documents/wirechat-app/vendor/laravel/framework/src/Illuminate/Foundation/Http/Middleware/ConvertEmptyStringsToNull.php(31): Illuminate\\Foundation\\Http\\Middleware\\TransformsRequest->handle()
#35 /home/cainan/Documents/wirechat-app/vendor/laravel/framework/src/Illuminate/Pipeline/Pipeline.php(183): Illuminate\\Foundation\\Http\\Middleware\\ConvertEmptyStringsToNull->handle()
#36 /home/cainan/Documents/wirechat-app/vendor/laravel/framework/src/Illuminate/Foundation/Http/Middleware/TransformsRequest.php(21): Illuminate\\Pipeline\\Pipeline->Illuminate\\Pipeline\\{closure}()
#37 /home/cainan/Documents/wirechat-app/vendor/laravel/framework/src/Illuminate/Foundation/Http/Middleware/TrimStrings.php(51): Illuminate\\Foundation\\Http\\Middleware\\TransformsRequest->handle()
#38 /home/cainan/Documents/wirechat-app/vendor/laravel/framework/src/Illuminate/Pipeline/Pipeline.php(183): Illuminate\\Foundation\\Http\\Middleware\\TrimStrings->handle()
#39 /home/cainan/Documents/wirechat-app/vendor/laravel/framework/src/Illuminate/Http/Middleware/ValidatePostSize.php(27): Illuminate\\Pipeline\\Pipeline->Illuminate\\Pipeline\\{closure}()
#40 /home/cainan/Documents/wirechat-app/vendor/laravel/framework/src/Illuminate/Pipeline/Pipeline.php(183): Illuminate\\Http\\Middleware\\ValidatePostSize->handle()
#41 /home/cainan/Documents/wirechat-app/vendor/laravel/framework/src/Illuminate/Foundation/Http/Middleware/PreventRequestsDuringMaintenance.php(110): Illuminate\\Pipeline\\Pipeline->Illuminate\\Pipeline\\{closure}()
#42 /home/cainan/Documents/wirechat-app/vendor/laravel/framework/src/Illuminate/Pipeline/Pipeline.php(183): Illuminate\\Foundation\\Http\\Middleware\\PreventRequestsDuringMaintenance->handle()
#43 /home/cainan/Documents/wirechat-app/vendor/laravel/framework/src/Illuminate/Http/Middleware/HandleCors.php(49): Illuminate\\Pipeline\\Pipeline->Illuminate\\Pipeline\\{closure}()
#44 /home/cainan/Documents/wirechat-app/vendor/laravel/framework/src/Illuminate/Pipeline/Pipeline.php(183): Illuminate\\Http\\Middleware\\HandleCors->handle()
#45 /home/cainan/Documents/wirechat-app/vendor/laravel/framework/src/Illuminate/Http/Middleware/TrustProxies.php(58): Illuminate\\Pipeline\\Pipeline->Illuminate\\Pipeline\\{closure}()
#46 /home/cainan/Documents/wirechat-app/vendor/laravel/framework/src/Illuminate/Pipeline/Pipeline.php(183): Illuminate\\Http\\Middleware\\TrustProxies->handle()
#47 /home/cainan/Documents/wirechat-app/vendor/laravel/framework/src/Illuminate/Foundation/Http/Middleware/InvokeDeferredCallbacks.php(22): Illuminate\\Pipeline\\Pipeline->Illuminate\\Pipeline\\{closure}()
#48 /home/cainan/Documents/wirechat-app/vendor/laravel/framework/src/Illuminate/Pipeline/Pipeline.php(183): Illuminate\\Foundation\\Http\\Middleware\\InvokeDeferredCallbacks->handle()
#49 /home/cainan/Documents/wirechat-app/vendor/laravel/framework/src/Illuminate/Pipeline/Pipeline.php(119): Illuminate\\Pipeline\\Pipeline->Illuminate\\Pipeline\\{closure}()
#50 /home/cainan/Documents/wirechat-app/vendor/laravel/framework/src/Illuminate/Foundation/Http/Kernel.php(176): Illuminate\\Pipeline\\Pipeline->then()
#51 /home/cainan/Documents/wirechat-app/vendor/laravel/framework/src/Illuminate/Foundation/Http/Kernel.php(145): Illuminate\\Foundation\\Http\\Kernel->sendRequestThroughRouter()
#52 /home/cainan/Documents/wirechat-app/vendor/laravel/framework/src/Illuminate/Foundation/Application.php(1190): Illuminate\\Foundation\\Http\\Kernel->handle()
#53 /home/cainan/Documents/wirechat-app/public/index.php(17): Illuminate\\Foundation\\Application->handleRequest()
#54 /home/cainan/Documents/wirechat-app/vendor/laravel/framework/src/Illuminate/Foundation/resources/server.php(23): require_once('...')
#55 {main}

[previous exception] [object] (PDOException(code: 2002): SQLSTATE[HY000] [2002] Network is unreachable at /home/cainan/Documents/wirechat-app/vendor/laravel/framework/src/Illuminate/Database/Connectors/Connector.php:66)
[stacktrace]
#0 /home/cainan/Documents/wirechat-app/vendor/laravel/framework/src/Illuminate/Database/Connectors/Connector.php(66): PDO->__construct()
#1 /home/cainan/Documents/wirechat-app/vendor/laravel/framework/src/Illuminate/Database/Connectors/Connector.php(85): Illuminate\\Database\\Connectors\\Connector->createPdoConnection()
#2 /home/cainan/Documents/wirechat-app/vendor/laravel/framework/src/Illuminate/Database/Connectors/Connector.php(48): Illuminate\\Database\\Connectors\\Connector->tryAgainIfCausedByLostConnection()
#3 /home/cainan/Documents/wirechat-app/vendor/laravel/framework/src/Illuminate/Database/Connectors/MySqlConnector.php(24): Illuminate\\Database\\Connectors\\Connector->createConnection()
#4 /home/cainan/Documents/wirechat-app/vendor/laravel/framework/src/Illuminate/Database/Connectors/ConnectionFactory.php(185): Illuminate\\Database\\Connectors\\MySqlConnector->connect()
#5 [internal function]: Illuminate\\Database\\Connectors\\ConnectionFactory->Illuminate\\Database\\Connectors\\{closure}()
#6 /home/cainan/Documents/wirechat-app/vendor/laravel/framework/src/Illuminate/Database/Connection.php(1231): call_user_func()
#7 /home/cainan/Documents/wirechat-app/vendor/laravel/framework/src/Illuminate/Database/Connection.php(1267): Illuminate\\Database\\Connection->getPdo()
#8 /home/cainan/Documents/wirechat-app/vendor/laravel/framework/src/Illuminate/Database/Connection.php(512): Illuminate\\Database\\Connection->getReadPdo()
#9 /home/cainan/Documents/wirechat-app/vendor/laravel/framework/src/Illuminate/Database/Connection.php(407): Illuminate\\Database\\Connection->getPdoForSelect()
#10 /home/cainan/Documents/wirechat-app/vendor/laravel/framework/src/Illuminate/Database/Connection.php(812): Illuminate\\Database\\Connection->Illuminate\\Database\\{closure}()
#11 /home/cainan/Documents/wirechat-app/vendor/laravel/framework/src/Illuminate/Database/Connection.php(979): Illuminate\\Database\\Connection->runQueryCallback()
#12 /home/cainan/Documents/wirechat-app/vendor/laravel/framework/src/Illuminate/Database/Connection.php(958): Illuminate\\Database\\Connection->tryAgainIfCausedByLostConnection()
#13 /home/cainan/Documents/wirechat-app/vendor/laravel/framework/src/Illuminate/Database/Connection.php(781): Illuminate\\Database\\Connection->handleQueryException()
#14 /home/cainan/Documents/wirechat-app/vendor/laravel/framework/src/Illuminate/Database/Connection.php(398): Illuminate\\Database\\Connection->run()
#15 /home/cainan/Documents/wirechat-app/vendor/laravel/framework/src/Illuminate/Database/Query/Builder.php(3133): Illuminate\\Database\\Connection->select()
#16 /home/cainan/Documents/wirechat-app/vendor/laravel/framework/src/Illuminate/Database/Query/Builder.php(3118): Illuminate\\Database\\Query\\Builder->runSelect()
#17 /home/cainan/Documents/wirechat-app/vendor/laravel/framework/src/Illuminate/Database/Query/Builder.php(3706): Illuminate\\Database\\Query\\Builder->Illuminate\\Database\\Query\\{closure}()
#18 /home/cainan/Documents/wirechat-app/vendor/laravel/framework/src/Illuminate/Database/Query/Builder.php(3117): Illuminate\\Database\\Query\\Builder->onceWithColumns()
#19 /home/cainan/Documents/wirechat-app/vendor/laravel/framework/src/Illuminate/Database/Concerns/BuildsQueries.php(344): Illuminate\\Database\\Query\\Builder->get()
#20 /home/cainan/Documents/wirechat-app/vendor/laravel/framework/src/Illuminate/Database/Query/Builder.php(3038): Illuminate\\Database\\Query\\Builder->first()
#21 /home/cainan/Documents/wirechat-app/vendor/laravel/framework/src/Illuminate/Session/DatabaseSessionHandler.php(97): Illuminate\\Database\\Query\\Builder->find()
#22 /home/cainan/Documents/wirechat-app/vendor/laravel/framework/src/Illuminate/Session/Store.php(114): Illuminate\\Session\\DatabaseSessionHandler->read()
#23 /home/cainan/Documents/wirechat-app/vendor/laravel/framework/src/Illuminate/Session/Store.php(102): Illuminate\\Session\\Store->readFromHandler()
#24 /home/cainan/Documents/wirechat-app/vendor/laravel/framework/src/Illuminate/Session/Store.php(86): Illuminate\\Session\\Store->loadSession()
#25 /home/cainan/Documents/wirechat-app/vendor/laravel/framework/src/Illuminate/Session/Middleware/StartSession.php(147): Illuminate\\Session\\Store->start()
#26 /home/cainan/Documents/wirechat-app/vendor/laravel/framework/src/Illuminate/Support/helpers.php(393): Illuminate\\Session\\Middleware\\StartSession->Illuminate\\Session\\Middleware\\{closure}()
#27 /home/cainan/Documents/wirechat-app/vendor/laravel/framework/src/Illuminate/Session/Middleware/StartSession.php(144): tap()
#28 /home/cainan/Documents/wirechat-app/vendor/laravel/framework/src/Illuminate/Session/Middleware/StartSession.php(116): Illuminate\\Session\\Middleware\\StartSession->startSession()
#29 /home/cainan/Documents/wirechat-app/vendor/laravel/framework/src/Illuminate/Session/Middleware/StartSession.php(64): Illuminate\\Session\\Middleware\\StartSession->handleStatefulRequest()
#30 /home/cainan/Documents/wirechat-app/vendor/laravel/framework/src/Illuminate/Pipeline/Pipeline.php(183): Illuminate\\Session\\Middleware\\StartSession->handle()
#31 /home/cainan/Documents/wirechat-app/vendor/laravel/framework/src/Illuminate/Cookie/Middleware/AddQueuedCookiesToResponse.php(37): Illuminate\\Pipeline\\Pipeline->Illuminate\\Pipeline\\{closure}()
#32 /home/cainan/Documents/wirechat-app/vendor/laravel/framework/src/Illuminate/Pipeline/Pipeline.php(183): Illuminate\\Cookie\\Middleware\\AddQueuedCookiesToResponse->handle()
#33 /home/cainan/Documents/wirechat-app/vendor/laravel/framework/src/Illuminate/Cookie/Middleware/EncryptCookies.php(75): Illuminate\\Pipeline\\Pipeline->Illuminate\\Pipeline\\{closure}()
#34 /home/cainan/Documents/wirechat-app/vendor/laravel/framework/src/Illuminate/Pipeline/Pipeline.php(183): Illuminate\\Cookie\\Middleware\\EncryptCookies->handle()
#35 /home/cainan/Documents/wirechat-app/vendor/laravel/framework/src/Illuminate/Pipeline/Pipeline.php(119): Illuminate\\Pipeline\\Pipeline->Illuminate\\Pipeline\\{closure}()
#36 /home/cainan/Documents/wirechat-app/vendor/laravel/framework/src/Illuminate/Routing/Router.php(807): Illuminate\\Pipeline\\Pipeline->then()
#37 /home/cainan/Documents/wirechat-app/vendor/laravel/framework/src/Illuminate/Routing/Router.php(786): Illuminate\\Routing\\Router->runRouteWithinStack()
#38 /home/cainan/Documents/wirechat-app/vendor/laravel/framework/src/Illuminate/Routing/Router.php(750): Illuminate\\Routing\\Router->runRoute()
#39 /home/cainan/Documents/wirechat-app/vendor/laravel/framework/src/Illuminate/Routing/Router.php(739): Illuminate\\Routing\\Router->dispatchToRoute()
#40 /home/cainan/Documents/wirechat-app/vendor/laravel/framework/src/Illuminate/Foundation/Http/Kernel.php(201): Illuminate\\Routing\\Router->dispatch()
#41 /home/cainan/Documents/wirechat-app/vendor/laravel/framework/src/Illuminate/Pipeline/Pipeline.php(144): Illuminate\\Foundation\\Http\\Kernel->Illuminate\\Foundation\\Http\\{closure}()
#42 /home/cainan/Documents/wirechat-app/vendor/livewire/livewire/src/Features/SupportDisablingBackButtonCache/DisableBackButtonCacheMiddleware.php(19): Illuminate\\Pipeline\\Pipeline->Illuminate\\Pipeline\\{closure}()
#43 /home/cainan/Documents/wirechat-app/vendor/laravel/framework/src/Illuminate/Pipeline/Pipeline.php(183): Livewire\\Features\\SupportDisablingBackButtonCache\\DisableBackButtonCacheMiddleware->handle()
#44 /home/cainan/Documents/wirechat-app/vendor/laravel/framework/src/Illuminate/Foundation/Http/Middleware/TransformsRequest.php(21): Illuminate\\Pipeline\\Pipeline->Illuminate\\Pipeline\\{closure}()
#45 /home/cainan/Documents/wirechat-app/vendor/laravel/framework/src/Illuminate/Foundation/Http/Middleware/ConvertEmptyStringsToNull.php(31): Illuminate\\Foundation\\Http\\Middleware\\TransformsRequest->handle()
#46 /home/cainan/Documents/wirechat-app/vendor/laravel/framework/src/Illuminate/Pipeline/Pipeline.php(183): Illuminate\\Foundation\\Http\\Middleware\\ConvertEmptyStringsToNull->handle()
#47 /home/cainan/Documents/wirechat-app/vendor/laravel/framework/src/Illuminate/Foundation/Http/Middleware/TransformsRequest.php(21): Illuminate\\Pipeline\\Pipeline->Illuminate\\Pipeline\\{closure}()
#48 /home/cainan/Documents/wirechat-app/vendor/laravel/framework/src/Illuminate/Foundation/Http/Middleware/TrimStrings.php(51): Illuminate\\Foundation\\Http\\Middleware\\TransformsRequest->handle()
#49 /home/cainan/Documents/wirechat-app/vendor/laravel/framework/src/Illuminate/Pipeline/Pipeline.php(183): Illuminate\\Foundation\\Http\\Middleware\\TrimStrings->handle()
#50 /home/cainan/Documents/wirechat-app/vendor/laravel/framework/src/Illuminate/Http/Middleware/ValidatePostSize.php(27): Illuminate\\Pipeline\\Pipeline->Illuminate\\Pipeline\\{closure}()
#51 /home/cainan/Documents/wirechat-app/vendor/laravel/framework/src/Illuminate/Pipeline/Pipeline.php(183): Illuminate\\Http\\Middleware\\ValidatePostSize->handle()
#52 /home/cainan/Documents/wirechat-app/vendor/laravel/framework/src/Illuminate/Foundation/Http/Middleware/PreventRequestsDuringMaintenance.php(110): Illuminate\\Pipeline\\Pipeline->Illuminate\\Pipeline\\{closure}()
#53 /home/cainan/Documents/wirechat-app/vendor/laravel/framework/src/Illuminate/Pipeline/Pipeline.php(183): Illuminate\\Foundation\\Http\\Middleware\\PreventRequestsDuringMaintenance->handle()
#54 /home/cainan/Documents/wirechat-app/vendor/laravel/framework/src/Illuminate/Http/Middleware/HandleCors.php(49): Illuminate\\Pipeline\\Pipeline->Illuminate\\Pipeline\\{closure}()
#55 /home/cainan/Documents/wirechat-app/vendor/laravel/framework/src/Illuminate/Pipeline/Pipeline.php(183): Illuminate\\Http\\Middleware\\HandleCors->handle()
#56 /home/cainan/Documents/wirechat-app/vendor/laravel/framework/src/Illuminate/Http/Middleware/TrustProxies.php(58): Illuminate\\Pipeline\\Pipeline->Illuminate\\Pipeline\\{closure}()
#57 /home/cainan/Documents/wirechat-app/vendor/laravel/framework/src/Illuminate/Pipeline/Pipeline.php(183): Illuminate\\Http\\Middleware\\TrustProxies->handle()
#58 /home/cainan/Documents/wirechat-app/vendor/laravel/framework/src/Illuminate/Foundation/Http/Middleware/InvokeDeferredCallbacks.php(22): Illuminate\\Pipeline\\Pipeline->Illuminate\\Pipeline\\{closure}()
#59 /home/cainan/Documents/wirechat-app/vendor/laravel/framework/src/Illuminate/Pipeline/Pipeline.php(183): Illuminate\\Foundation\\Http\\Middleware\\InvokeDeferredCallbacks->handle()
#60 /home/cainan/Documents/wirechat-app/vendor/laravel/framework/src/Illuminate/Pipeline/Pipeline.php(119): Illuminate\\Pipeline\\Pipeline->Illuminate\\Pipeline\\{closure}()
#61 /home/cainan/Documents/wirechat-app/vendor/laravel/framework/src/Illuminate/Foundation/Http/Kernel.php(176): Illuminate\\Pipeline\\Pipeline->then()
#62 /home/cainan/Documents/wirechat-app/vendor/laravel/framework/src/Illuminate/Foundation/Http/Kernel.php(145): Illuminate\\Foundation\\Http\\Kernel->sendRequestThroughRouter()
#63 /home/cainan/Documents/wirechat-app/vendor/laravel/framework/src/Illuminate/Foundation/Application.php(1190): Illuminate\\Foundation\\Http\\Kernel->handle()
#64 /home/cainan/Documents/wirechat-app/public/index.php(17): Illuminate\\Foundation\\Application->handleRequest()
#65 /home/cainan/Documents/wirechat-app/vendor/laravel/framework/src/Illuminate/Foundation/resources/server.php(23): require_once('...')
#66 {main}
"} 
[2024-12-16 21:24:43] local.ERROR: SQLSTATE[HY000] [2002] Network is unreachable (Connection: mysql, SQL: select * from `sessions` where `id` = NJUTnyST70GgcWBaMAYv3FKnxt7azHUtIfeiG3E9 limit 1) {"exception":"[object] (Illuminate\\Database\\QueryException(code: 2002): SQLSTATE[HY000] [2002] Network is unreachable (Connection: mysql, SQL: select * from `sessions` where `id` = NJUTnyST70GgcWBaMAYv3FKnxt7azHUtIfeiG3E9 limit 1) at /home/cainan/Documents/wirechat-app/vendor/laravel/framework/src/Illuminate/Database/Connection.php:825)
[stacktrace]
#0 /home/cainan/Documents/wirechat-app/vendor/laravel/framework/src/Illuminate/Database/Connection.php(979): Illuminate\\Database\\Connection->runQueryCallback()
#1 /home/cainan/Documents/wirechat-app/vendor/laravel/framework/src/Illuminate/Database/Connection.php(958): Illuminate\\Database\\Connection->tryAgainIfCausedByLostConnection()
#2 /home/cainan/Documents/wirechat-app/vendor/laravel/framework/src/Illuminate/Database/Connection.php(781): Illuminate\\Database\\Connection->handleQueryException()
#3 /home/cainan/Documents/wirechat-app/vendor/laravel/framework/src/Illuminate/Database/Connection.php(398): Illuminate\\Database\\Connection->run()
#4 /home/cainan/Documents/wirechat-app/vendor/laravel/framework/src/Illuminate/Database/Query/Builder.php(3133): Illuminate\\Database\\Connection->select()
#5 /home/cainan/Documents/wirechat-app/vendor/laravel/framework/src/Illuminate/Database/Query/Builder.php(3118): Illuminate\\Database\\Query\\Builder->runSelect()
#6 /home/cainan/Documents/wirechat-app/vendor/laravel/framework/src/Illuminate/Database/Query/Builder.php(3706): Illuminate\\Database\\Query\\Builder->Illuminate\\Database\\Query\\{closure}()
#7 /home/cainan/Documents/wirechat-app/vendor/laravel/framework/src/Illuminate/Database/Query/Builder.php(3117): Illuminate\\Database\\Query\\Builder->onceWithColumns()
#8 /home/cainan/Documents/wirechat-app/vendor/laravel/framework/src/Illuminate/Database/Concerns/BuildsQueries.php(344): Illuminate\\Database\\Query\\Builder->get()
#9 /home/cainan/Documents/wirechat-app/vendor/laravel/framework/src/Illuminate/Database/Query/Builder.php(3038): Illuminate\\Database\\Query\\Builder->first()
#10 /home/cainan/Documents/wirechat-app/vendor/laravel/framework/src/Illuminate/Session/DatabaseSessionHandler.php(97): Illuminate\\Database\\Query\\Builder->find()
#11 /home/cainan/Documents/wirechat-app/vendor/laravel/framework/src/Illuminate/Session/Store.php(114): Illuminate\\Session\\DatabaseSessionHandler->read()
#12 /home/cainan/Documents/wirechat-app/vendor/laravel/framework/src/Illuminate/Session/Store.php(102): Illuminate\\Session\\Store->readFromHandler()
#13 /home/cainan/Documents/wirechat-app/vendor/laravel/framework/src/Illuminate/Session/Store.php(86): Illuminate\\Session\\Store->loadSession()
#14 /home/cainan/Documents/wirechat-app/vendor/laravel/framework/src/Illuminate/Session/Middleware/StartSession.php(147): Illuminate\\Session\\Store->start()
#15 /home/cainan/Documents/wirechat-app/vendor/laravel/framework/src/Illuminate/Support/helpers.php(393): Illuminate\\Session\\Middleware\\StartSession->Illuminate\\Session\\Middleware\\{closure}()
#16 /home/cainan/Documents/wirechat-app/vendor/laravel/framework/src/Illuminate/Session/Middleware/StartSession.php(144): tap()
#17 /home/cainan/Documents/wirechat-app/vendor/laravel/framework/src/Illuminate/Session/Middleware/StartSession.php(116): Illuminate\\Session\\Middleware\\StartSession->startSession()
#18 /home/cainan/Documents/wirechat-app/vendor/laravel/framework/src/Illuminate/Session/Middleware/StartSession.php(64): Illuminate\\Session\\Middleware\\StartSession->handleStatefulRequest()
#19 /home/cainan/Documents/wirechat-app/vendor/laravel/framework/src/Illuminate/Pipeline/Pipeline.php(183): Illuminate\\Session\\Middleware\\StartSession->handle()
#20 /home/cainan/Documents/wirechat-app/vendor/laravel/framework/src/Illuminate/Cookie/Middleware/AddQueuedCookiesToResponse.php(37): Illuminate\\Pipeline\\Pipeline->Illuminate\\Pipeline\\{closure}()
#21 /home/cainan/Documents/wirechat-app/vendor/laravel/framework/src/Illuminate/Pipeline/Pipeline.php(183): Illuminate\\Cookie\\Middleware\\AddQueuedCookiesToResponse->handle()
#22 /home/cainan/Documents/wirechat-app/vendor/laravel/framework/src/Illuminate/Cookie/Middleware/EncryptCookies.php(75): Illuminate\\Pipeline\\Pipeline->Illuminate\\Pipeline\\{closure}()
#23 /home/cainan/Documents/wirechat-app/vendor/laravel/framework/src/Illuminate/Pipeline/Pipeline.php(183): Illuminate\\Cookie\\Middleware\\EncryptCookies->handle()
#24 /home/cainan/Documents/wirechat-app/vendor/laravel/framework/src/Illuminate/Pipeline/Pipeline.php(119): Illuminate\\Pipeline\\Pipeline->Illuminate\\Pipeline\\{closure}()
#25 /home/cainan/Documents/wirechat-app/vendor/laravel/framework/src/Illuminate/Routing/Router.php(807): Illuminate\\Pipeline\\Pipeline->then()
#26 /home/cainan/Documents/wirechat-app/vendor/laravel/framework/src/Illuminate/Routing/Router.php(786): Illuminate\\Routing\\Router->runRouteWithinStack()
#27 /home/cainan/Documents/wirechat-app/vendor/laravel/framework/src/Illuminate/Routing/Router.php(750): Illuminate\\Routing\\Router->runRoute()
#28 /home/cainan/Documents/wirechat-app/vendor/laravel/framework/src/Illuminate/Routing/Router.php(739): Illuminate\\Routing\\Router->dispatchToRoute()
#29 /home/cainan/Documents/wirechat-app/vendor/laravel/framework/src/Illuminate/Foundation/Http/Kernel.php(201): Illuminate\\Routing\\Router->dispatch()
#30 /home/cainan/Documents/wirechat-app/vendor/laravel/framework/src/Illuminate/Pipeline/Pipeline.php(144): Illuminate\\Foundation\\Http\\Kernel->Illuminate\\Foundation\\Http\\{closure}()
#31 /home/cainan/Documents/wirechat-app/vendor/livewire/livewire/src/Features/SupportDisablingBackButtonCache/DisableBackButtonCacheMiddleware.php(19): Illuminate\\Pipeline\\Pipeline->Illuminate\\Pipeline\\{closure}()
#32 /home/cainan/Documents/wirechat-app/vendor/laravel/framework/src/Illuminate/Pipeline/Pipeline.php(183): Livewire\\Features\\SupportDisablingBackButtonCache\\DisableBackButtonCacheMiddleware->handle()
#33 /home/cainan/Documents/wirechat-app/vendor/laravel/framework/src/Illuminate/Foundation/Http/Middleware/TransformsRequest.php(21): Illuminate\\Pipeline\\Pipeline->Illuminate\\Pipeline\\{closure}()
#34 /home/cainan/Documents/wirechat-app/vendor/laravel/framework/src/Illuminate/Foundation/Http/Middleware/ConvertEmptyStringsToNull.php(31): Illuminate\\Foundation\\Http\\Middleware\\TransformsRequest->handle()
#35 /home/cainan/Documents/wirechat-app/vendor/laravel/framework/src/Illuminate/Pipeline/Pipeline.php(183): Illuminate\\Foundation\\Http\\Middleware\\ConvertEmptyStringsToNull->handle()
#36 /home/cainan/Documents/wirechat-app/vendor/laravel/framework/src/Illuminate/Foundation/Http/Middleware/TransformsRequest.php(21): Illuminate\\Pipeline\\Pipeline->Illuminate\\Pipeline\\{closure}()
#37 /home/cainan/Documents/wirechat-app/vendor/laravel/framework/src/Illuminate/Foundation/Http/Middleware/TrimStrings.php(51): Illuminate\\Foundation\\Http\\Middleware\\TransformsRequest->handle()
#38 /home/cainan/Documents/wirechat-app/vendor/laravel/framework/src/Illuminate/Pipeline/Pipeline.php(183): Illuminate\\Foundation\\Http\\Middleware\\TrimStrings->handle()
#39 /home/cainan/Documents/wirechat-app/vendor/laravel/framework/src/Illuminate/Http/Middleware/ValidatePostSize.php(27): Illuminate\\Pipeline\\Pipeline->Illuminate\\Pipeline\\{closure}()
#40 /home/cainan/Documents/wirechat-app/vendor/laravel/framework/src/Illuminate/Pipeline/Pipeline.php(183): Illuminate\\Http\\Middleware\\ValidatePostSize->handle()
#41 /home/cainan/Documents/wirechat-app/vendor/laravel/framework/src/Illuminate/Foundation/Http/Middleware/PreventRequestsDuringMaintenance.php(110): Illuminate\\Pipeline\\Pipeline->Illuminate\\Pipeline\\{closure}()
#42 /home/cainan/Documents/wirechat-app/vendor/laravel/framework/src/Illuminate/Pipeline/Pipeline.php(183): Illuminate\\Foundation\\Http\\Middleware\\PreventRequestsDuringMaintenance->handle()
#43 /home/cainan/Documents/wirechat-app/vendor/laravel/framework/src/Illuminate/Http/Middleware/HandleCors.php(49): Illuminate\\Pipeline\\Pipeline->Illuminate\\Pipeline\\{closure}()
#44 /home/cainan/Documents/wirechat-app/vendor/laravel/framework/src/Illuminate/Pipeline/Pipeline.php(183): Illuminate\\Http\\Middleware\\HandleCors->handle()
#45 /home/cainan/Documents/wirechat-app/vendor/laravel/framework/src/Illuminate/Http/Middleware/TrustProxies.php(58): Illuminate\\Pipeline\\Pipeline->Illuminate\\Pipeline\\{closure}()
#46 /home/cainan/Documents/wirechat-app/vendor/laravel/framework/src/Illuminate/Pipeline/Pipeline.php(183): Illuminate\\Http\\Middleware\\TrustProxies->handle()
#47 /home/cainan/Documents/wirechat-app/vendor/laravel/framework/src/Illuminate/Foundation/Http/Middleware/InvokeDeferredCallbacks.php(22): Illuminate\\Pipeline\\Pipeline->Illuminate\\Pipeline\\{closure}()
#48 /home/cainan/Documents/wirechat-app/vendor/laravel/framework/src/Illuminate/Pipeline/Pipeline.php(183): Illuminate\\Foundation\\Http\\Middleware\\InvokeDeferredCallbacks->handle()
#49 /home/cainan/Documents/wirechat-app/vendor/laravel/framework/src/Illuminate/Pipeline/Pipeline.php(119): Illuminate\\Pipeline\\Pipeline->Illuminate\\Pipeline\\{closure}()
#50 /home/cainan/Documents/wirechat-app/vendor/laravel/framework/src/Illuminate/Foundation/Http/Kernel.php(176): Illuminate\\Pipeline\\Pipeline->then()
#51 /home/cainan/Documents/wirechat-app/vendor/laravel/framework/src/Illuminate/Foundation/Http/Kernel.php(145): Illuminate\\Foundation\\Http\\Kernel->sendRequestThroughRouter()
#52 /home/cainan/Documents/wirechat-app/vendor/laravel/framework/src/Illuminate/Foundation/Application.php(1190): Illuminate\\Foundation\\Http\\Kernel->handle()
#53 /home/cainan/Documents/wirechat-app/public/index.php(17): Illuminate\\Foundation\\Application->handleRequest()
#54 /home/cainan/Documents/wirechat-app/vendor/laravel/framework/src/Illuminate/Foundation/resources/server.php(23): require_once('...')
#55 {main}

[previous exception] [object] (PDOException(code: 2002): SQLSTATE[HY000] [2002] Network is unreachable at /home/cainan/Documents/wirechat-app/vendor/laravel/framework/src/Illuminate/Database/Connectors/Connector.php:66)
[stacktrace]
#0 /home/cainan/Documents/wirechat-app/vendor/laravel/framework/src/Illuminate/Database/Connectors/Connector.php(66): PDO->__construct()
#1 /home/cainan/Documents/wirechat-app/vendor/laravel/framework/src/Illuminate/Database/Connectors/Connector.php(85): Illuminate\\Database\\Connectors\\Connector->createPdoConnection()
#2 /home/cainan/Documents/wirechat-app/vendor/laravel/framework/src/Illuminate/Database/Connectors/Connector.php(48): Illuminate\\Database\\Connectors\\Connector->tryAgainIfCausedByLostConnection()
#3 /home/cainan/Documents/wirechat-app/vendor/laravel/framework/src/Illuminate/Database/Connectors/MySqlConnector.php(24): Illuminate\\Database\\Connectors\\Connector->createConnection()
#4 /home/cainan/Documents/wirechat-app/vendor/laravel/framework/src/Illuminate/Database/Connectors/ConnectionFactory.php(185): Illuminate\\Database\\Connectors\\MySqlConnector->connect()
#5 [internal function]: Illuminate\\Database\\Connectors\\ConnectionFactory->Illuminate\\Database\\Connectors\\{closure}()
#6 /home/cainan/Documents/wirechat-app/vendor/laravel/framework/src/Illuminate/Database/Connection.php(1231): call_user_func()
#7 /home/cainan/Documents/wirechat-app/vendor/laravel/framework/src/Illuminate/Database/Connection.php(1267): Illuminate\\Database\\Connection->getPdo()
#8 /home/cainan/Documents/wirechat-app/vendor/laravel/framework/src/Illuminate/Database/Connection.php(512): Illuminate\\Database\\Connection->getReadPdo()
#9 /home/cainan/Documents/wirechat-app/vendor/laravel/framework/src/Illuminate/Database/Connection.php(407): Illuminate\\Database\\Connection->getPdoForSelect()
#10 /home/cainan/Documents/wirechat-app/vendor/laravel/framework/src/Illuminate/Database/Connection.php(812): Illuminate\\Database\\Connection->Illuminate\\Database\\{closure}()
#11 /home/cainan/Documents/wirechat-app/vendor/laravel/framework/src/Illuminate/Database/Connection.php(979): Illuminate\\Database\\Connection->runQueryCallback()
#12 /home/cainan/Documents/wirechat-app/vendor/laravel/framework/src/Illuminate/Database/Connection.php(958): Illuminate\\Database\\Connection->tryAgainIfCausedByLostConnection()
#13 /home/cainan/Documents/wirechat-app/vendor/laravel/framework/src/Illuminate/Database/Connection.php(781): Illuminate\\Database\\Connection->handleQueryException()
#14 /home/cainan/Documents/wirechat-app/vendor/laravel/framework/src/Illuminate/Database/Connection.php(398): Illuminate\\Database\\Connection->run()
#15 /home/cainan/Documents/wirechat-app/vendor/laravel/framework/src/Illuminate/Database/Query/Builder.php(3133): Illuminate\\Database\\Connection->select()
#16 /home/cainan/Documents/wirechat-app/vendor/laravel/framework/src/Illuminate/Database/Query/Builder.php(3118): Illuminate\\Database\\Query\\Builder->runSelect()
#17 /home/cainan/Documents/wirechat-app/vendor/laravel/framework/src/Illuminate/Database/Query/Builder.php(3706): Illuminate\\Database\\Query\\Builder->Illuminate\\Database\\Query\\{closure}()
#18 /home/cainan/Documents/wirechat-app/vendor/laravel/framework/src/Illuminate/Database/Query/Builder.php(3117): Illuminate\\Database\\Query\\Builder->onceWithColumns()
#19 /home/cainan/Documents/wirechat-app/vendor/laravel/framework/src/Illuminate/Database/Concerns/BuildsQueries.php(344): Illuminate\\Database\\Query\\Builder->get()
#20 /home/cainan/Documents/wirechat-app/vendor/laravel/framework/src/Illuminate/Database/Query/Builder.php(3038): Illuminate\\Database\\Query\\Builder->first()
#21 /home/cainan/Documents/wirechat-app/vendor/laravel/framework/src/Illuminate/Session/DatabaseSessionHandler.php(97): Illuminate\\Database\\Query\\Builder->find()
#22 /home/cainan/Documents/wirechat-app/vendor/laravel/framework/src/Illuminate/Session/Store.php(114): Illuminate\\Session\\DatabaseSessionHandler->read()
#23 /home/cainan/Documents/wirechat-app/vendor/laravel/framework/src/Illuminate/Session/Store.php(102): Illuminate\\Session\\Store->readFromHandler()
#24 /home/cainan/Documents/wirechat-app/vendor/laravel/framework/src/Illuminate/Session/Store.php(86): Illuminate\\Session\\Store->loadSession()
#25 /home/cainan/Documents/wirechat-app/vendor/laravel/framework/src/Illuminate/Session/Middleware/StartSession.php(147): Illuminate\\Session\\Store->start()
#26 /home/cainan/Documents/wirechat-app/vendor/laravel/framework/src/Illuminate/Support/helpers.php(393): Illuminate\\Session\\Middleware\\StartSession->Illuminate\\Session\\Middleware\\{closure}()
#27 /home/cainan/Documents/wirechat-app/vendor/laravel/framework/src/Illuminate/Session/Middleware/StartSession.php(144): tap()
#28 /home/cainan/Documents/wirechat-app/vendor/laravel/framework/src/Illuminate/Session/Middleware/StartSession.php(116): Illuminate\\Session\\Middleware\\StartSession->startSession()
#29 /home/cainan/Documents/wirechat-app/vendor/laravel/framework/src/Illuminate/Session/Middleware/StartSession.php(64): Illuminate\\Session\\Middleware\\StartSession->handleStatefulRequest()
#30 /home/cainan/Documents/wirechat-app/vendor/laravel/framework/src/Illuminate/Pipeline/Pipeline.php(183): Illuminate\\Session\\Middleware\\StartSession->handle()
#31 /home/cainan/Documents/wirechat-app/vendor/laravel/framework/src/Illuminate/Cookie/Middleware/AddQueuedCookiesToResponse.php(37): Illuminate\\Pipeline\\Pipeline->Illuminate\\Pipeline\\{closure}()
#32 /home/cainan/Documents/wirechat-app/vendor/laravel/framework/src/Illuminate/Pipeline/Pipeline.php(183): Illuminate\\Cookie\\Middleware\\AddQueuedCookiesToResponse->handle()
#33 /home/cainan/Documents/wirechat-app/vendor/laravel/framework/src/Illuminate/Cookie/Middleware/EncryptCookies.php(75): Illuminate\\Pipeline\\Pipeline->Illuminate\\Pipeline\\{closure}()
#34 /home/cainan/Documents/wirechat-app/vendor/laravel/framework/src/Illuminate/Pipeline/Pipeline.php(183): Illuminate\\Cookie\\Middleware\\EncryptCookies->handle()
#35 /home/cainan/Documents/wirechat-app/vendor/laravel/framework/src/Illuminate/Pipeline/Pipeline.php(119): Illuminate\\Pipeline\\Pipeline->Illuminate\\Pipeline\\{closure}()
#36 /home/cainan/Documents/wirechat-app/vendor/laravel/framework/src/Illuminate/Routing/Router.php(807): Illuminate\\Pipeline\\Pipeline->then()
#37 /home/cainan/Documents/wirechat-app/vendor/laravel/framework/src/Illuminate/Routing/Router.php(786): Illuminate\\Routing\\Router->runRouteWithinStack()
#38 /home/cainan/Documents/wirechat-app/vendor/laravel/framework/src/Illuminate/Routing/Router.php(750): Illuminate\\Routing\\Router->runRoute()
#39 /home/cainan/Documents/wirechat-app/vendor/laravel/framework/src/Illuminate/Routing/Router.php(739): Illuminate\\Routing\\Router->dispatchToRoute()
#40 /home/cainan/Documents/wirechat-app/vendor/laravel/framework/src/Illuminate/Foundation/Http/Kernel.php(201): Illuminate\\Routing\\Router->dispatch()
#41 /home/cainan/Documents/wirechat-app/vendor/laravel/framework/src/Illuminate/Pipeline/Pipeline.php(144): Illuminate\\Foundation\\Http\\Kernel->Illuminate\\Foundation\\Http\\{closure}()
#42 /home/cainan/Documents/wirechat-app/vendor/livewire/livewire/src/Features/SupportDisablingBackButtonCache/DisableBackButtonCacheMiddleware.php(19): Illuminate\\Pipeline\\Pipeline->Illuminate\\Pipeline\\{closure}()
#43 /home/cainan/Documents/wirechat-app/vendor/laravel/framework/src/Illuminate/Pipeline/Pipeline.php(183): Livewire\\Features\\SupportDisablingBackButtonCache\\DisableBackButtonCacheMiddleware->handle()
#44 /home/cainan/Documents/wirechat-app/vendor/laravel/framework/src/Illuminate/Foundation/Http/Middleware/TransformsRequest.php(21): Illuminate\\Pipeline\\Pipeline->Illuminate\\Pipeline\\{closure}()
#45 /home/cainan/Documents/wirechat-app/vendor/laravel/framework/src/Illuminate/Foundation/Http/Middleware/ConvertEmptyStringsToNull.php(31): Illuminate\\Foundation\\Http\\Middleware\\TransformsRequest->handle()
#46 /home/cainan/Documents/wirechat-app/vendor/laravel/framework/src/Illuminate/Pipeline/Pipeline.php(183): Illuminate\\Foundation\\Http\\Middleware\\ConvertEmptyStringsToNull->handle()
#47 /home/cainan/Documents/wirechat-app/vendor/laravel/framework/src/Illuminate/Foundation/Http/Middleware/TransformsRequest.php(21): Illuminate\\Pipeline\\Pipeline->Illuminate\\Pipeline\\{closure}()
#48 /home/cainan/Documents/wirechat-app/vendor/laravel/framework/src/Illuminate/Foundation/Http/Middleware/TrimStrings.php(51): Illuminate\\Foundation\\Http\\Middleware\\TransformsRequest->handle()
#49 /home/cainan/Documents/wirechat-app/vendor/laravel/framework/src/Illuminate/Pipeline/Pipeline.php(183): Illuminate\\Foundation\\Http\\Middleware\\TrimStrings->handle()
#50 /home/cainan/Documents/wirechat-app/vendor/laravel/framework/src/Illuminate/Http/Middleware/ValidatePostSize.php(27): Illuminate\\Pipeline\\Pipeline->Illuminate\\Pipeline\\{closure}()
#51 /home/cainan/Documents/wirechat-app/vendor/laravel/framework/src/Illuminate/Pipeline/Pipeline.php(183): Illuminate\\Http\\Middleware\\ValidatePostSize->handle()
#52 /home/cainan/Documents/wirechat-app/vendor/laravel/framework/src/Illuminate/Foundation/Http/Middleware/PreventRequestsDuringMaintenance.php(110): Illuminate\\Pipeline\\Pipeline->Illuminate\\Pipeline\\{closure}()
#53 /home/cainan/Documents/wirechat-app/vendor/laravel/framework/src/Illuminate/Pipeline/Pipeline.php(183): Illuminate\\Foundation\\Http\\Middleware\\PreventRequestsDuringMaintenance->handle()
#54 /home/cainan/Documents/wirechat-app/vendor/laravel/framework/src/Illuminate/Http/Middleware/HandleCors.php(49): Illuminate\\Pipeline\\Pipeline->Illuminate\\Pipeline\\{closure}()
#55 /home/cainan/Documents/wirechat-app/vendor/laravel/framework/src/Illuminate/Pipeline/Pipeline.php(183): Illuminate\\Http\\Middleware\\HandleCors->handle()
#56 /home/cainan/Documents/wirechat-app/vendor/laravel/framework/src/Illuminate/Http/Middleware/TrustProxies.php(58): Illuminate\\Pipeline\\Pipeline->Illuminate\\Pipeline\\{closure}()
#57 /home/cainan/Documents/wirechat-app/vendor/laravel/framework/src/Illuminate/Pipeline/Pipeline.php(183): Illuminate\\Http\\Middleware\\TrustProxies->handle()
#58 /home/cainan/Documents/wirechat-app/vendor/laravel/framework/src/Illuminate/Foundation/Http/Middleware/InvokeDeferredCallbacks.php(22): Illuminate\\Pipeline\\Pipeline->Illuminate\\Pipeline\\{closure}()
#59 /home/cainan/Documents/wirechat-app/vendor/laravel/framework/src/Illuminate/Pipeline/Pipeline.php(183): Illuminate\\Foundation\\Http\\Middleware\\InvokeDeferredCallbacks->handle()
#60 /home/cainan/Documents/wirechat-app/vendor/laravel/framework/src/Illuminate/Pipeline/Pipeline.php(119): Illuminate\\Pipeline\\Pipeline->Illuminate\\Pipeline\\{closure}()
#61 /home/cainan/Documents/wirechat-app/vendor/laravel/framework/src/Illuminate/Foundation/Http/Kernel.php(176): Illuminate\\Pipeline\\Pipeline->then()
#62 /home/cainan/Documents/wirechat-app/vendor/laravel/framework/src/Illuminate/Foundation/Http/Kernel.php(145): Illuminate\\Foundation\\Http\\Kernel->sendRequestThroughRouter()
#63 /home/cainan/Documents/wirechat-app/vendor/laravel/framework/src/Illuminate/Foundation/Application.php(1190): Illuminate\\Foundation\\Http\\Kernel->handle()
#64 /home/cainan/Documents/wirechat-app/public/index.php(17): Illuminate\\Foundation\\Application->handleRequest()
#65 /home/cainan/Documents/wirechat-app/vendor/laravel/framework/src/Illuminate/Foundation/resources/server.php(23): require_once('...')
#66 {main}
"} 
[2024-12-16 21:24:51] local.ERROR: SQLSTATE[HY000] [2002] Network is unreachable (Connection: mysql, SQL: select * from `sessions` where `id` = NJUTnyST70GgcWBaMAYv3FKnxt7azHUtIfeiG3E9 limit 1) {"exception":"[object] (Illuminate\\Database\\QueryException(code: 2002): SQLSTATE[HY000] [2002] Network is unreachable (Connection: mysql, SQL: select * from `sessions` where `id` = NJUTnyST70GgcWBaMAYv3FKnxt7azHUtIfeiG3E9 limit 1) at /home/cainan/Documents/wirechat-app/vendor/laravel/framework/src/Illuminate/Database/Connection.php:825)
[stacktrace]
#0 /home/cainan/Documents/wirechat-app/vendor/laravel/framework/src/Illuminate/Database/Connection.php(979): Illuminate\\Database\\Connection->runQueryCallback()
#1 /home/cainan/Documents/wirechat-app/vendor/laravel/framework/src/Illuminate/Database/Connection.php(958): Illuminate\\Database\\Connection->tryAgainIfCausedByLostConnection()
#2 /home/cainan/Documents/wirechat-app/vendor/laravel/framework/src/Illuminate/Database/Connection.php(781): Illuminate\\Database\\Connection->handleQueryException()
#3 /home/cainan/Documents/wirechat-app/vendor/laravel/framework/src/Illuminate/Database/Connection.php(398): Illuminate\\Database\\Connection->run()
#4 /home/cainan/Documents/wirechat-app/vendor/laravel/framework/src/Illuminate/Database/Query/Builder.php(3133): Illuminate\\Database\\Connection->select()
#5 /home/cainan/Documents/wirechat-app/vendor/laravel/framework/src/Illuminate/Database/Query/Builder.php(3118): Illuminate\\Database\\Query\\Builder->runSelect()
#6 /home/cainan/Documents/wirechat-app/vendor/laravel/framework/src/Illuminate/Database/Query/Builder.php(3706): Illuminate\\Database\\Query\\Builder->Illuminate\\Database\\Query\\{closure}()
#7 /home/cainan/Documents/wirechat-app/vendor/laravel/framework/src/Illuminate/Database/Query/Builder.php(3117): Illuminate\\Database\\Query\\Builder->onceWithColumns()
#8 /home/cainan/Documents/wirechat-app/vendor/laravel/framework/src/Illuminate/Database/Concerns/BuildsQueries.php(344): Illuminate\\Database\\Query\\Builder->get()
#9 /home/cainan/Documents/wirechat-app/vendor/laravel/framework/src/Illuminate/Database/Query/Builder.php(3038): Illuminate\\Database\\Query\\Builder->first()
#10 /home/cainan/Documents/wirechat-app/vendor/laravel/framework/src/Illuminate/Session/DatabaseSessionHandler.php(97): Illuminate\\Database\\Query\\Builder->find()
#11 /home/cainan/Documents/wirechat-app/vendor/laravel/framework/src/Illuminate/Session/Store.php(114): Illuminate\\Session\\DatabaseSessionHandler->read()
#12 /home/cainan/Documents/wirechat-app/vendor/laravel/framework/src/Illuminate/Session/Store.php(102): Illuminate\\Session\\Store->readFromHandler()
#13 /home/cainan/Documents/wirechat-app/vendor/laravel/framework/src/Illuminate/Session/Store.php(86): Illuminate\\Session\\Store->loadSession()
#14 /home/cainan/Documents/wirechat-app/vendor/laravel/framework/src/Illuminate/Session/Middleware/StartSession.php(147): Illuminate\\Session\\Store->start()
#15 /home/cainan/Documents/wirechat-app/vendor/laravel/framework/src/Illuminate/Support/helpers.php(393): Illuminate\\Session\\Middleware\\StartSession->Illuminate\\Session\\Middleware\\{closure}()
#16 /home/cainan/Documents/wirechat-app/vendor/laravel/framework/src/Illuminate/Session/Middleware/StartSession.php(144): tap()
#17 /home/cainan/Documents/wirechat-app/vendor/laravel/framework/src/Illuminate/Session/Middleware/StartSession.php(116): Illuminate\\Session\\Middleware\\StartSession->startSession()
#18 /home/cainan/Documents/wirechat-app/vendor/laravel/framework/src/Illuminate/Session/Middleware/StartSession.php(64): Illuminate\\Session\\Middleware\\StartSession->handleStatefulRequest()
#19 /home/cainan/Documents/wirechat-app/vendor/laravel/framework/src/Illuminate/Pipeline/Pipeline.php(183): Illuminate\\Session\\Middleware\\StartSession->handle()
#20 /home/cainan/Documents/wirechat-app/vendor/laravel/framework/src/Illuminate/Cookie/Middleware/AddQueuedCookiesToResponse.php(37): Illuminate\\Pipeline\\Pipeline->Illuminate\\Pipeline\\{closure}()
#21 /home/cainan/Documents/wirechat-app/vendor/laravel/framework/src/Illuminate/Pipeline/Pipeline.php(183): Illuminate\\Cookie\\Middleware\\AddQueuedCookiesToResponse->handle()
#22 /home/cainan/Documents/wirechat-app/vendor/laravel/framework/src/Illuminate/Cookie/Middleware/EncryptCookies.php(75): Illuminate\\Pipeline\\Pipeline->Illuminate\\Pipeline\\{closure}()
#23 /home/cainan/Documents/wirechat-app/vendor/laravel/framework/src/Illuminate/Pipeline/Pipeline.php(183): Illuminate\\Cookie\\Middleware\\EncryptCookies->handle()
#24 /home/cainan/Documents/wirechat-app/vendor/laravel/framework/src/Illuminate/Pipeline/Pipeline.php(119): Illuminate\\Pipeline\\Pipeline->Illuminate\\Pipeline\\{closure}()
#25 /home/cainan/Documents/wirechat-app/vendor/laravel/framework/src/Illuminate/Routing/Router.php(807): Illuminate\\Pipeline\\Pipeline->then()
#26 /home/cainan/Documents/wirechat-app/vendor/laravel/framework/src/Illuminate/Routing/Router.php(786): Illuminate\\Routing\\Router->runRouteWithinStack()
#27 /home/cainan/Documents/wirechat-app/vendor/laravel/framework/src/Illuminate/Routing/Router.php(750): Illuminate\\Routing\\Router->runRoute()
#28 /home/cainan/Documents/wirechat-app/vendor/laravel/framework/src/Illuminate/Routing/Router.php(739): Illuminate\\Routing\\Router->dispatchToRoute()
#29 /home/cainan/Documents/wirechat-app/vendor/laravel/framework/src/Illuminate/Foundation/Http/Kernel.php(201): Illuminate\\Routing\\Router->dispatch()
#30 /home/cainan/Documents/wirechat-app/vendor/laravel/framework/src/Illuminate/Pipeline/Pipeline.php(144): Illuminate\\Foundation\\Http\\Kernel->Illuminate\\Foundation\\Http\\{closure}()
#31 /home/cainan/Documents/wirechat-app/vendor/livewire/livewire/src/Features/SupportDisablingBackButtonCache/DisableBackButtonCacheMiddleware.php(19): Illuminate\\Pipeline\\Pipeline->Illuminate\\Pipeline\\{closure}()
#32 /home/cainan/Documents/wirechat-app/vendor/laravel/framework/src/Illuminate/Pipeline/Pipeline.php(183): Livewire\\Features\\SupportDisablingBackButtonCache\\DisableBackButtonCacheMiddleware->handle()
#33 /home/cainan/Documents/wirechat-app/vendor/laravel/framework/src/Illuminate/Foundation/Http/Middleware/TransformsRequest.php(21): Illuminate\\Pipeline\\Pipeline->Illuminate\\Pipeline\\{closure}()
#34 /home/cainan/Documents/wirechat-app/vendor/laravel/framework/src/Illuminate/Foundation/Http/Middleware/ConvertEmptyStringsToNull.php(31): Illuminate\\Foundation\\Http\\Middleware\\TransformsRequest->handle()
#35 /home/cainan/Documents/wirechat-app/vendor/laravel/framework/src/Illuminate/Pipeline/Pipeline.php(183): Illuminate\\Foundation\\Http\\Middleware\\ConvertEmptyStringsToNull->handle()
#36 /home/cainan/Documents/wirechat-app/vendor/laravel/framework/src/Illuminate/Foundation/Http/Middleware/TransformsRequest.php(21): Illuminate\\Pipeline\\Pipeline->Illuminate\\Pipeline\\{closure}()
#37 /home/cainan/Documents/wirechat-app/vendor/laravel/framework/src/Illuminate/Foundation/Http/Middleware/TrimStrings.php(51): Illuminate\\Foundation\\Http\\Middleware\\TransformsRequest->handle()
#38 /home/cainan/Documents/wirechat-app/vendor/laravel/framework/src/Illuminate/Pipeline/Pipeline.php(183): Illuminate\\Foundation\\Http\\Middleware\\TrimStrings->handle()
#39 /home/cainan/Documents/wirechat-app/vendor/laravel/framework/src/Illuminate/Http/Middleware/ValidatePostSize.php(27): Illuminate\\Pipeline\\Pipeline->Illuminate\\Pipeline\\{closure}()
#40 /home/cainan/Documents/wirechat-app/vendor/laravel/framework/src/Illuminate/Pipeline/Pipeline.php(183): Illuminate\\Http\\Middleware\\ValidatePostSize->handle()
#41 /home/cainan/Documents/wirechat-app/vendor/laravel/framework/src/Illuminate/Foundation/Http/Middleware/PreventRequestsDuringMaintenance.php(110): Illuminate\\Pipeline\\Pipeline->Illuminate\\Pipeline\\{closure}()
#42 /home/cainan/Documents/wirechat-app/vendor/laravel/framework/src/Illuminate/Pipeline/Pipeline.php(183): Illuminate\\Foundation\\Http\\Middleware\\PreventRequestsDuringMaintenance->handle()
#43 /home/cainan/Documents/wirechat-app/vendor/laravel/framework/src/Illuminate/Http/Middleware/HandleCors.php(49): Illuminate\\Pipeline\\Pipeline->Illuminate\\Pipeline\\{closure}()
#44 /home/cainan/Documents/wirechat-app/vendor/laravel/framework/src/Illuminate/Pipeline/Pipeline.php(183): Illuminate\\Http\\Middleware\\HandleCors->handle()
#45 /home/cainan/Documents/wirechat-app/vendor/laravel/framework/src/Illuminate/Http/Middleware/TrustProxies.php(58): Illuminate\\Pipeline\\Pipeline->Illuminate\\Pipeline\\{closure}()
#46 /home/cainan/Documents/wirechat-app/vendor/laravel/framework/src/Illuminate/Pipeline/Pipeline.php(183): Illuminate\\Http\\Middleware\\TrustProxies->handle()
#47 /home/cainan/Documents/wirechat-app/vendor/laravel/framework/src/Illuminate/Foundation/Http/Middleware/InvokeDeferredCallbacks.php(22): Illuminate\\Pipeline\\Pipeline->Illuminate\\Pipeline\\{closure}()
#48 /home/cainan/Documents/wirechat-app/vendor/laravel/framework/src/Illuminate/Pipeline/Pipeline.php(183): Illuminate\\Foundation\\Http\\Middleware\\InvokeDeferredCallbacks->handle()
#49 /home/cainan/Documents/wirechat-app/vendor/laravel/framework/src/Illuminate/Pipeline/Pipeline.php(119): Illuminate\\Pipeline\\Pipeline->Illuminate\\Pipeline\\{closure}()
#50 /home/cainan/Documents/wirechat-app/vendor/laravel/framework/src/Illuminate/Foundation/Http/Kernel.php(176): Illuminate\\Pipeline\\Pipeline->then()
#51 /home/cainan/Documents/wirechat-app/vendor/laravel/framework/src/Illuminate/Foundation/Http/Kernel.php(145): Illuminate\\Foundation\\Http\\Kernel->sendRequestThroughRouter()
#52 /home/cainan/Documents/wirechat-app/vendor/laravel/framework/src/Illuminate/Foundation/Application.php(1190): Illuminate\\Foundation\\Http\\Kernel->handle()
#53 /home/cainan/Documents/wirechat-app/public/index.php(17): Illuminate\\Foundation\\Application->handleRequest()
#54 /home/cainan/Documents/wirechat-app/vendor/laravel/framework/src/Illuminate/Foundation/resources/server.php(23): require_once('...')
#55 {main}

[previous exception] [object] (PDOException(code: 2002): SQLSTATE[HY000] [2002] Network is unreachable at /home/cainan/Documents/wirechat-app/vendor/laravel/framework/src/Illuminate/Database/Connectors/Connector.php:66)
[stacktrace]
#0 /home/cainan/Documents/wirechat-app/vendor/laravel/framework/src/Illuminate/Database/Connectors/Connector.php(66): PDO->__construct()
#1 /home/cainan/Documents/wirechat-app/vendor/laravel/framework/src/Illuminate/Database/Connectors/Connector.php(85): Illuminate\\Database\\Connectors\\Connector->createPdoConnection()
#2 /home/cainan/Documents/wirechat-app/vendor/laravel/framework/src/Illuminate/Database/Connectors/Connector.php(48): Illuminate\\Database\\Connectors\\Connector->tryAgainIfCausedByLostConnection()
#3 /home/cainan/Documents/wirechat-app/vendor/laravel/framework/src/Illuminate/Database/Connectors/MySqlConnector.php(24): Illuminate\\Database\\Connectors\\Connector->createConnection()
#4 /home/cainan/Documents/wirechat-app/vendor/laravel/framework/src/Illuminate/Database/Connectors/ConnectionFactory.php(185): Illuminate\\Database\\Connectors\\MySqlConnector->connect()
#5 [internal function]: Illuminate\\Database\\Connectors\\ConnectionFactory->Illuminate\\Database\\Connectors\\{closure}()
#6 /home/cainan/Documents/wirechat-app/vendor/laravel/framework/src/Illuminate/Database/Connection.php(1231): call_user_func()
#7 /home/cainan/Documents/wirechat-app/vendor/laravel/framework/src/Illuminate/Database/Connection.php(1267): Illuminate\\Database\\Connection->getPdo()
#8 /home/cainan/Documents/wirechat-app/vendor/laravel/framework/src/Illuminate/Database/Connection.php(512): Illuminate\\Database\\Connection->getReadPdo()
#9 /home/cainan/Documents/wirechat-app/vendor/laravel/framework/src/Illuminate/Database/Connection.php(407): Illuminate\\Database\\Connection->getPdoForSelect()
#10 /home/cainan/Documents/wirechat-app/vendor/laravel/framework/src/Illuminate/Database/Connection.php(812): Illuminate\\Database\\Connection->Illuminate\\Database\\{closure}()
#11 /home/cainan/Documents/wirechat-app/vendor/laravel/framework/src/Illuminate/Database/Connection.php(979): Illuminate\\Database\\Connection->runQueryCallback()
#12 /home/cainan/Documents/wirechat-app/vendor/laravel/framework/src/Illuminate/Database/Connection.php(958): Illuminate\\Database\\Connection->tryAgainIfCausedByLostConnection()
#13 /home/cainan/Documents/wirechat-app/vendor/laravel/framework/src/Illuminate/Database/Connection.php(781): Illuminate\\Database\\Connection->handleQueryException()
#14 /home/cainan/Documents/wirechat-app/vendor/laravel/framework/src/Illuminate/Database/Connection.php(398): Illuminate\\Database\\Connection->run()
#15 /home/cainan/Documents/wirechat-app/vendor/laravel/framework/src/Illuminate/Database/Query/Builder.php(3133): Illuminate\\Database\\Connection->select()
#16 /home/cainan/Documents/wirechat-app/vendor/laravel/framework/src/Illuminate/Database/Query/Builder.php(3118): Illuminate\\Database\\Query\\Builder->runSelect()
#17 /home/cainan/Documents/wirechat-app/vendor/laravel/framework/src/Illuminate/Database/Query/Builder.php(3706): Illuminate\\Database\\Query\\Builder->Illuminate\\Database\\Query\\{closure}()
#18 /home/cainan/Documents/wirechat-app/vendor/laravel/framework/src/Illuminate/Database/Query/Builder.php(3117): Illuminate\\Database\\Query\\Builder->onceWithColumns()
#19 /home/cainan/Documents/wirechat-app/vendor/laravel/framework/src/Illuminate/Database/Concerns/BuildsQueries.php(344): Illuminate\\Database\\Query\\Builder->get()
#20 /home/cainan/Documents/wirechat-app/vendor/laravel/framework/src/Illuminate/Database/Query/Builder.php(3038): Illuminate\\Database\\Query\\Builder->first()
#21 /home/cainan/Documents/wirechat-app/vendor/laravel/framework/src/Illuminate/Session/DatabaseSessionHandler.php(97): Illuminate\\Database\\Query\\Builder->find()
#22 /home/cainan/Documents/wirechat-app/vendor/laravel/framework/src/Illuminate/Session/Store.php(114): Illuminate\\Session\\DatabaseSessionHandler->read()
#23 /home/cainan/Documents/wirechat-app/vendor/laravel/framework/src/Illuminate/Session/Store.php(102): Illuminate\\Session\\Store->readFromHandler()
#24 /home/cainan/Documents/wirechat-app/vendor/laravel/framework/src/Illuminate/Session/Store.php(86): Illuminate\\Session\\Store->loadSession()
#25 /home/cainan/Documents/wirechat-app/vendor/laravel/framework/src/Illuminate/Session/Middleware/StartSession.php(147): Illuminate\\Session\\Store->start()
#26 /home/cainan/Documents/wirechat-app/vendor/laravel/framework/src/Illuminate/Support/helpers.php(393): Illuminate\\Session\\Middleware\\StartSession->Illuminate\\Session\\Middleware\\{closure}()
#27 /home/cainan/Documents/wirechat-app/vendor/laravel/framework/src/Illuminate/Session/Middleware/StartSession.php(144): tap()
#28 /home/cainan/Documents/wirechat-app/vendor/laravel/framework/src/Illuminate/Session/Middleware/StartSession.php(116): Illuminate\\Session\\Middleware\\StartSession->startSession()
#29 /home/cainan/Documents/wirechat-app/vendor/laravel/framework/src/Illuminate/Session/Middleware/StartSession.php(64): Illuminate\\Session\\Middleware\\StartSession->handleStatefulRequest()
#30 /home/cainan/Documents/wirechat-app/vendor/laravel/framework/src/Illuminate/Pipeline/Pipeline.php(183): Illuminate\\Session\\Middleware\\StartSession->handle()
#31 /home/cainan/Documents/wirechat-app/vendor/laravel/framework/src/Illuminate/Cookie/Middleware/AddQueuedCookiesToResponse.php(37): Illuminate\\Pipeline\\Pipeline->Illuminate\\Pipeline\\{closure}()
#32 /home/cainan/Documents/wirechat-app/vendor/laravel/framework/src/Illuminate/Pipeline/Pipeline.php(183): Illuminate\\Cookie\\Middleware\\AddQueuedCookiesToResponse->handle()
#33 /home/cainan/Documents/wirechat-app/vendor/laravel/framework/src/Illuminate/Cookie/Middleware/EncryptCookies.php(75): Illuminate\\Pipeline\\Pipeline->Illuminate\\Pipeline\\{closure}()
#34 /home/cainan/Documents/wirechat-app/vendor/laravel/framework/src/Illuminate/Pipeline/Pipeline.php(183): Illuminate\\Cookie\\Middleware\\EncryptCookies->handle()
#35 /home/cainan/Documents/wirechat-app/vendor/laravel/framework/src/Illuminate/Pipeline/Pipeline.php(119): Illuminate\\Pipeline\\Pipeline->Illuminate\\Pipeline\\{closure}()
#36 /home/cainan/Documents/wirechat-app/vendor/laravel/framework/src/Illuminate/Routing/Router.php(807): Illuminate\\Pipeline\\Pipeline->then()
#37 /home/cainan/Documents/wirechat-app/vendor/laravel/framework/src/Illuminate/Routing/Router.php(786): Illuminate\\Routing\\Router->runRouteWithinStack()
#38 /home/cainan/Documents/wirechat-app/vendor/laravel/framework/src/Illuminate/Routing/Router.php(750): Illuminate\\Routing\\Router->runRoute()
#39 /home/cainan/Documents/wirechat-app/vendor/laravel/framework/src/Illuminate/Routing/Router.php(739): Illuminate\\Routing\\Router->dispatchToRoute()
#40 /home/cainan/Documents/wirechat-app/vendor/laravel/framework/src/Illuminate/Foundation/Http/Kernel.php(201): Illuminate\\Routing\\Router->dispatch()
#41 /home/cainan/Documents/wirechat-app/vendor/laravel/framework/src/Illuminate/Pipeline/Pipeline.php(144): Illuminate\\Foundation\\Http\\Kernel->Illuminate\\Foundation\\Http\\{closure}()
#42 /home/cainan/Documents/wirechat-app/vendor/livewire/livewire/src/Features/SupportDisablingBackButtonCache/DisableBackButtonCacheMiddleware.php(19): Illuminate\\Pipeline\\Pipeline->Illuminate\\Pipeline\\{closure}()
#43 /home/cainan/Documents/wirechat-app/vendor/laravel/framework/src/Illuminate/Pipeline/Pipeline.php(183): Livewire\\Features\\SupportDisablingBackButtonCache\\DisableBackButtonCacheMiddleware->handle()
#44 /home/cainan/Documents/wirechat-app/vendor/laravel/framework/src/Illuminate/Foundation/Http/Middleware/TransformsRequest.php(21): Illuminate\\Pipeline\\Pipeline->Illuminate\\Pipeline\\{closure}()
#45 /home/cainan/Documents/wirechat-app/vendor/laravel/framework/src/Illuminate/Foundation/Http/Middleware/ConvertEmptyStringsToNull.php(31): Illuminate\\Foundation\\Http\\Middleware\\TransformsRequest->handle()
#46 /home/cainan/Documents/wirechat-app/vendor/laravel/framework/src/Illuminate/Pipeline/Pipeline.php(183): Illuminate\\Foundation\\Http\\Middleware\\ConvertEmptyStringsToNull->handle()
#47 /home/cainan/Documents/wirechat-app/vendor/laravel/framework/src/Illuminate/Foundation/Http/Middleware/TransformsRequest.php(21): Illuminate\\Pipeline\\Pipeline->Illuminate\\Pipeline\\{closure}()
#48 /home/cainan/Documents/wirechat-app/vendor/laravel/framework/src/Illuminate/Foundation/Http/Middleware/TrimStrings.php(51): Illuminate\\Foundation\\Http\\Middleware\\TransformsRequest->handle()
#49 /home/cainan/Documents/wirechat-app/vendor/laravel/framework/src/Illuminate/Pipeline/Pipeline.php(183): Illuminate\\Foundation\\Http\\Middleware\\TrimStrings->handle()
#50 /home/cainan/Documents/wirechat-app/vendor/laravel/framework/src/Illuminate/Http/Middleware/ValidatePostSize.php(27): Illuminate\\Pipeline\\Pipeline->Illuminate\\Pipeline\\{closure}()
#51 /home/cainan/Documents/wirechat-app/vendor/laravel/framework/src/Illuminate/Pipeline/Pipeline.php(183): Illuminate\\Http\\Middleware\\ValidatePostSize->handle()
#52 /home/cainan/Documents/wirechat-app/vendor/laravel/framework/src/Illuminate/Foundation/Http/Middleware/PreventRequestsDuringMaintenance.php(110): Illuminate\\Pipeline\\Pipeline->Illuminate\\Pipeline\\{closure}()
#53 /home/cainan/Documents/wirechat-app/vendor/laravel/framework/src/Illuminate/Pipeline/Pipeline.php(183): Illuminate\\Foundation\\Http\\Middleware\\PreventRequestsDuringMaintenance->handle()
#54 /home/cainan/Documents/wirechat-app/vendor/laravel/framework/src/Illuminate/Http/Middleware/HandleCors.php(49): Illuminate\\Pipeline\\Pipeline->Illuminate\\Pipeline\\{closure}()
#55 /home/cainan/Documents/wirechat-app/vendor/laravel/framework/src/Illuminate/Pipeline/Pipeline.php(183): Illuminate\\Http\\Middleware\\HandleCors->handle()
#56 /home/cainan/Documents/wirechat-app/vendor/laravel/framework/src/Illuminate/Http/Middleware/TrustProxies.php(58): Illuminate\\Pipeline\\Pipeline->Illuminate\\Pipeline\\{closure}()
#57 /home/cainan/Documents/wirechat-app/vendor/laravel/framework/src/Illuminate/Pipeline/Pipeline.php(183): Illuminate\\Http\\Middleware\\TrustProxies->handle()
#58 /home/cainan/Documents/wirechat-app/vendor/laravel/framework/src/Illuminate/Foundation/Http/Middleware/InvokeDeferredCallbacks.php(22): Illuminate\\Pipeline\\Pipeline->Illuminate\\Pipeline\\{closure}()
#59 /home/cainan/Documents/wirechat-app/vendor/laravel/framework/src/Illuminate/Pipeline/Pipeline.php(183): Illuminate\\Foundation\\Http\\Middleware\\InvokeDeferredCallbacks->handle()
#60 /home/cainan/Documents/wirechat-app/vendor/laravel/framework/src/Illuminate/Pipeline/Pipeline.php(119): Illuminate\\Pipeline\\Pipeline->Illuminate\\Pipeline\\{closure}()
#61 /home/cainan/Documents/wirechat-app/vendor/laravel/framework/src/Illuminate/Foundation/Http/Kernel.php(176): Illuminate\\Pipeline\\Pipeline->then()
#62 /home/cainan/Documents/wirechat-app/vendor/laravel/framework/src/Illuminate/Foundation/Http/Kernel.php(145): Illuminate\\Foundation\\Http\\Kernel->sendRequestThroughRouter()
#63 /home/cainan/Documents/wirechat-app/vendor/laravel/framework/src/Illuminate/Foundation/Application.php(1190): Illuminate\\Foundation\\Http\\Kernel->handle()
#64 /home/cainan/Documents/wirechat-app/public/index.php(17): Illuminate\\Foundation\\Application->handleRequest()
#65 /home/cainan/Documents/wirechat-app/vendor/laravel/framework/src/Illuminate/Foundation/resources/server.php(23): require_once('...')
#66 {main}
"} 
[2024-12-16 21:24:56] local.ERROR: SQLSTATE[HY000] [2002] Network is unreachable (Connection: mysql, SQL: select * from `sessions` where `id` = zT3brD7sONxcdtHUrlFw9k3rcEUDQxYAbwDu2Xvb limit 1) {"exception":"[object] (Illuminate\\Database\\QueryException(code: 2002): SQLSTATE[HY000] [2002] Network is unreachable (Connection: mysql, SQL: select * from `sessions` where `id` = zT3brD7sONxcdtHUrlFw9k3rcEUDQxYAbwDu2Xvb limit 1) at /home/cainan/Documents/wirechat-app/vendor/laravel/framework/src/Illuminate/Database/Connection.php:825)
[stacktrace]
#0 /home/cainan/Documents/wirechat-app/vendor/laravel/framework/src/Illuminate/Database/Connection.php(979): Illuminate\\Database\\Connection->runQueryCallback()
#1 /home/cainan/Documents/wirechat-app/vendor/laravel/framework/src/Illuminate/Database/Connection.php(958): Illuminate\\Database\\Connection->tryAgainIfCausedByLostConnection()
#2 /home/cainan/Documents/wirechat-app/vendor/laravel/framework/src/Illuminate/Database/Connection.php(781): Illuminate\\Database\\Connection->handleQueryException()
#3 /home/cainan/Documents/wirechat-app/vendor/laravel/framework/src/Illuminate/Database/Connection.php(398): Illuminate\\Database\\Connection->run()
#4 /home/cainan/Documents/wirechat-app/vendor/laravel/framework/src/Illuminate/Database/Query/Builder.php(3133): Illuminate\\Database\\Connection->select()
#5 /home/cainan/Documents/wirechat-app/vendor/laravel/framework/src/Illuminate/Database/Query/Builder.php(3118): Illuminate\\Database\\Query\\Builder->runSelect()
#6 /home/cainan/Documents/wirechat-app/vendor/laravel/framework/src/Illuminate/Database/Query/Builder.php(3706): Illuminate\\Database\\Query\\Builder->Illuminate\\Database\\Query\\{closure}()
#7 /home/cainan/Documents/wirechat-app/vendor/laravel/framework/src/Illuminate/Database/Query/Builder.php(3117): Illuminate\\Database\\Query\\Builder->onceWithColumns()
#8 /home/cainan/Documents/wirechat-app/vendor/laravel/framework/src/Illuminate/Database/Concerns/BuildsQueries.php(344): Illuminate\\Database\\Query\\Builder->get()
#9 /home/cainan/Documents/wirechat-app/vendor/laravel/framework/src/Illuminate/Database/Query/Builder.php(3038): Illuminate\\Database\\Query\\Builder->first()
#10 /home/cainan/Documents/wirechat-app/vendor/laravel/framework/src/Illuminate/Session/DatabaseSessionHandler.php(97): Illuminate\\Database\\Query\\Builder->find()
#11 /home/cainan/Documents/wirechat-app/vendor/laravel/framework/src/Illuminate/Session/Store.php(114): Illuminate\\Session\\DatabaseSessionHandler->read()
#12 /home/cainan/Documents/wirechat-app/vendor/laravel/framework/src/Illuminate/Session/Store.php(102): Illuminate\\Session\\Store->readFromHandler()
#13 /home/cainan/Documents/wirechat-app/vendor/laravel/framework/src/Illuminate/Session/Store.php(86): Illuminate\\Session\\Store->loadSession()
#14 /home/cainan/Documents/wirechat-app/vendor/laravel/framework/src/Illuminate/Session/Middleware/StartSession.php(147): Illuminate\\Session\\Store->start()
#15 /home/cainan/Documents/wirechat-app/vendor/laravel/framework/src/Illuminate/Support/helpers.php(393): Illuminate\\Session\\Middleware\\StartSession->Illuminate\\Session\\Middleware\\{closure}()
#16 /home/cainan/Documents/wirechat-app/vendor/laravel/framework/src/Illuminate/Session/Middleware/StartSession.php(144): tap()
#17 /home/cainan/Documents/wirechat-app/vendor/laravel/framework/src/Illuminate/Session/Middleware/StartSession.php(116): Illuminate\\Session\\Middleware\\StartSession->startSession()
#18 /home/cainan/Documents/wirechat-app/vendor/laravel/framework/src/Illuminate/Session/Middleware/StartSession.php(64): Illuminate\\Session\\Middleware\\StartSession->handleStatefulRequest()
#19 /home/cainan/Documents/wirechat-app/vendor/laravel/framework/src/Illuminate/Pipeline/Pipeline.php(183): Illuminate\\Session\\Middleware\\StartSession->handle()
#20 /home/cainan/Documents/wirechat-app/vendor/laravel/framework/src/Illuminate/Cookie/Middleware/AddQueuedCookiesToResponse.php(37): Illuminate\\Pipeline\\Pipeline->Illuminate\\Pipeline\\{closure}()
#21 /home/cainan/Documents/wirechat-app/vendor/laravel/framework/src/Illuminate/Pipeline/Pipeline.php(183): Illuminate\\Cookie\\Middleware\\AddQueuedCookiesToResponse->handle()
#22 /home/cainan/Documents/wirechat-app/vendor/laravel/framework/src/Illuminate/Cookie/Middleware/EncryptCookies.php(75): Illuminate\\Pipeline\\Pipeline->Illuminate\\Pipeline\\{closure}()
#23 /home/cainan/Documents/wirechat-app/vendor/laravel/framework/src/Illuminate/Pipeline/Pipeline.php(183): Illuminate\\Cookie\\Middleware\\EncryptCookies->handle()
#24 /home/cainan/Documents/wirechat-app/vendor/laravel/framework/src/Illuminate/Pipeline/Pipeline.php(119): Illuminate\\Pipeline\\Pipeline->Illuminate\\Pipeline\\{closure}()
#25 /home/cainan/Documents/wirechat-app/vendor/laravel/framework/src/Illuminate/Routing/Router.php(807): Illuminate\\Pipeline\\Pipeline->then()
#26 /home/cainan/Documents/wirechat-app/vendor/laravel/framework/src/Illuminate/Routing/Router.php(786): Illuminate\\Routing\\Router->runRouteWithinStack()
#27 /home/cainan/Documents/wirechat-app/vendor/laravel/framework/src/Illuminate/Routing/Router.php(750): Illuminate\\Routing\\Router->runRoute()
#28 /home/cainan/Documents/wirechat-app/vendor/laravel/framework/src/Illuminate/Routing/Router.php(739): Illuminate\\Routing\\Router->dispatchToRoute()
#29 /home/cainan/Documents/wirechat-app/vendor/laravel/framework/src/Illuminate/Foundation/Http/Kernel.php(201): Illuminate\\Routing\\Router->dispatch()
#30 /home/cainan/Documents/wirechat-app/vendor/laravel/framework/src/Illuminate/Pipeline/Pipeline.php(144): Illuminate\\Foundation\\Http\\Kernel->Illuminate\\Foundation\\Http\\{closure}()
#31 /home/cainan/Documents/wirechat-app/vendor/livewire/livewire/src/Features/SupportDisablingBackButtonCache/DisableBackButtonCacheMiddleware.php(19): Illuminate\\Pipeline\\Pipeline->Illuminate\\Pipeline\\{closure}()
#32 /home/cainan/Documents/wirechat-app/vendor/laravel/framework/src/Illuminate/Pipeline/Pipeline.php(183): Livewire\\Features\\SupportDisablingBackButtonCache\\DisableBackButtonCacheMiddleware->handle()
#33 /home/cainan/Documents/wirechat-app/vendor/laravel/framework/src/Illuminate/Foundation/Http/Middleware/TransformsRequest.php(21): Illuminate\\Pipeline\\Pipeline->Illuminate\\Pipeline\\{closure}()
#34 /home/cainan/Documents/wirechat-app/vendor/laravel/framework/src/Illuminate/Foundation/Http/Middleware/ConvertEmptyStringsToNull.php(31): Illuminate\\Foundation\\Http\\Middleware\\TransformsRequest->handle()
#35 /home/cainan/Documents/wirechat-app/vendor/laravel/framework/src/Illuminate/Pipeline/Pipeline.php(183): Illuminate\\Foundation\\Http\\Middleware\\ConvertEmptyStringsToNull->handle()
#36 /home/cainan/Documents/wirechat-app/vendor/laravel/framework/src/Illuminate/Foundation/Http/Middleware/TransformsRequest.php(21): Illuminate\\Pipeline\\Pipeline->Illuminate\\Pipeline\\{closure}()
#37 /home/cainan/Documents/wirechat-app/vendor/laravel/framework/src/Illuminate/Foundation/Http/Middleware/TrimStrings.php(51): Illuminate\\Foundation\\Http\\Middleware\\TransformsRequest->handle()
#38 /home/cainan/Documents/wirechat-app/vendor/laravel/framework/src/Illuminate/Pipeline/Pipeline.php(183): Illuminate\\Foundation\\Http\\Middleware\\TrimStrings->handle()
#39 /home/cainan/Documents/wirechat-app/vendor/laravel/framework/src/Illuminate/Http/Middleware/ValidatePostSize.php(27): Illuminate\\Pipeline\\Pipeline->Illuminate\\Pipeline\\{closure}()
#40 /home/cainan/Documents/wirechat-app/vendor/laravel/framework/src/Illuminate/Pipeline/Pipeline.php(183): Illuminate\\Http\\Middleware\\ValidatePostSize->handle()
#41 /home/cainan/Documents/wirechat-app/vendor/laravel/framework/src/Illuminate/Foundation/Http/Middleware/PreventRequestsDuringMaintenance.php(110): Illuminate\\Pipeline\\Pipeline->Illuminate\\Pipeline\\{closure}()
#42 /home/cainan/Documents/wirechat-app/vendor/laravel/framework/src/Illuminate/Pipeline/Pipeline.php(183): Illuminate\\Foundation\\Http\\Middleware\\PreventRequestsDuringMaintenance->handle()
#43 /home/cainan/Documents/wirechat-app/vendor/laravel/framework/src/Illuminate/Http/Middleware/HandleCors.php(49): Illuminate\\Pipeline\\Pipeline->Illuminate\\Pipeline\\{closure}()
#44 /home/cainan/Documents/wirechat-app/vendor/laravel/framework/src/Illuminate/Pipeline/Pipeline.php(183): Illuminate\\Http\\Middleware\\HandleCors->handle()
#45 /home/cainan/Documents/wirechat-app/vendor/laravel/framework/src/Illuminate/Http/Middleware/TrustProxies.php(58): Illuminate\\Pipeline\\Pipeline->Illuminate\\Pipeline\\{closure}()
#46 /home/cainan/Documents/wirechat-app/vendor/laravel/framework/src/Illuminate/Pipeline/Pipeline.php(183): Illuminate\\Http\\Middleware\\TrustProxies->handle()
#47 /home/cainan/Documents/wirechat-app/vendor/laravel/framework/src/Illuminate/Foundation/Http/Middleware/InvokeDeferredCallbacks.php(22): Illuminate\\Pipeline\\Pipeline->Illuminate\\Pipeline\\{closure}()
#48 /home/cainan/Documents/wirechat-app/vendor/laravel/framework/src/Illuminate/Pipeline/Pipeline.php(183): Illuminate\\Foundation\\Http\\Middleware\\InvokeDeferredCallbacks->handle()
#49 /home/cainan/Documents/wirechat-app/vendor/laravel/framework/src/Illuminate/Pipeline/Pipeline.php(119): Illuminate\\Pipeline\\Pipeline->Illuminate\\Pipeline\\{closure}()
#50 /home/cainan/Documents/wirechat-app/vendor/laravel/framework/src/Illuminate/Foundation/Http/Kernel.php(176): Illuminate\\Pipeline\\Pipeline->then()
#51 /home/cainan/Documents/wirechat-app/vendor/laravel/framework/src/Illuminate/Foundation/Http/Kernel.php(145): Illuminate\\Foundation\\Http\\Kernel->sendRequestThroughRouter()
#52 /home/cainan/Documents/wirechat-app/vendor/laravel/framework/src/Illuminate/Foundation/Application.php(1190): Illuminate\\Foundation\\Http\\Kernel->handle()
#53 /home/cainan/Documents/wirechat-app/public/index.php(17): Illuminate\\Foundation\\Application->handleRequest()
#54 /home/cainan/Documents/wirechat-app/vendor/laravel/framework/src/Illuminate/Foundation/resources/server.php(23): require_once('...')
#55 {main}

[previous exception] [object] (PDOException(code: 2002): SQLSTATE[HY000] [2002] Network is unreachable at /home/cainan/Documents/wirechat-app/vendor/laravel/framework/src/Illuminate/Database/Connectors/Connector.php:66)
[stacktrace]
#0 /home/cainan/Documents/wirechat-app/vendor/laravel/framework/src/Illuminate/Database/Connectors/Connector.php(66): PDO->__construct()
#1 /home/cainan/Documents/wirechat-app/vendor/laravel/framework/src/Illuminate/Database/Connectors/Connector.php(85): Illuminate\\Database\\Connectors\\Connector->createPdoConnection()
#2 /home/cainan/Documents/wirechat-app/vendor/laravel/framework/src/Illuminate/Database/Connectors/Connector.php(48): Illuminate\\Database\\Connectors\\Connector->tryAgainIfCausedByLostConnection()
#3 /home/cainan/Documents/wirechat-app/vendor/laravel/framework/src/Illuminate/Database/Connectors/MySqlConnector.php(24): Illuminate\\Database\\Connectors\\Connector->createConnection()
#4 /home/cainan/Documents/wirechat-app/vendor/laravel/framework/src/Illuminate/Database/Connectors/ConnectionFactory.php(185): Illuminate\\Database\\Connectors\\MySqlConnector->connect()
#5 [internal function]: Illuminate\\Database\\Connectors\\ConnectionFactory->Illuminate\\Database\\Connectors\\{closure}()
#6 /home/cainan/Documents/wirechat-app/vendor/laravel/framework/src/Illuminate/Database/Connection.php(1231): call_user_func()
#7 /home/cainan/Documents/wirechat-app/vendor/laravel/framework/src/Illuminate/Database/Connection.php(1267): Illuminate\\Database\\Connection->getPdo()
#8 /home/cainan/Documents/wirechat-app/vendor/laravel/framework/src/Illuminate/Database/Connection.php(512): Illuminate\\Database\\Connection->getReadPdo()
#9 /home/cainan/Documents/wirechat-app/vendor/laravel/framework/src/Illuminate/Database/Connection.php(407): Illuminate\\Database\\Connection->getPdoForSelect()
#10 /home/cainan/Documents/wirechat-app/vendor/laravel/framework/src/Illuminate/Database/Connection.php(812): Illuminate\\Database\\Connection->Illuminate\\Database\\{closure}()
#11 /home/cainan/Documents/wirechat-app/vendor/laravel/framework/src/Illuminate/Database/Connection.php(979): Illuminate\\Database\\Connection->runQueryCallback()
#12 /home/cainan/Documents/wirechat-app/vendor/laravel/framework/src/Illuminate/Database/Connection.php(958): Illuminate\\Database\\Connection->tryAgainIfCausedByLostConnection()
#13 /home/cainan/Documents/wirechat-app/vendor/laravel/framework/src/Illuminate/Database/Connection.php(781): Illuminate\\Database\\Connection->handleQueryException()
#14 /home/cainan/Documents/wirechat-app/vendor/laravel/framework/src/Illuminate/Database/Connection.php(398): Illuminate\\Database\\Connection->run()
#15 /home/cainan/Documents/wirechat-app/vendor/laravel/framework/src/Illuminate/Database/Query/Builder.php(3133): Illuminate\\Database\\Connection->select()
#16 /home/cainan/Documents/wirechat-app/vendor/laravel/framework/src/Illuminate/Database/Query/Builder.php(3118): Illuminate\\Database\\Query\\Builder->runSelect()
#17 /home/cainan/Documents/wirechat-app/vendor/laravel/framework/src/Illuminate/Database/Query/Builder.php(3706): Illuminate\\Database\\Query\\Builder->Illuminate\\Database\\Query\\{closure}()
#18 /home/cainan/Documents/wirechat-app/vendor/laravel/framework/src/Illuminate/Database/Query/Builder.php(3117): Illuminate\\Database\\Query\\Builder->onceWithColumns()
#19 /home/cainan/Documents/wirechat-app/vendor/laravel/framework/src/Illuminate/Database/Concerns/BuildsQueries.php(344): Illuminate\\Database\\Query\\Builder->get()
#20 /home/cainan/Documents/wirechat-app/vendor/laravel/framework/src/Illuminate/Database/Query/Builder.php(3038): Illuminate\\Database\\Query\\Builder->first()
#21 /home/cainan/Documents/wirechat-app/vendor/laravel/framework/src/Illuminate/Session/DatabaseSessionHandler.php(97): Illuminate\\Database\\Query\\Builder->find()
#22 /home/cainan/Documents/wirechat-app/vendor/laravel/framework/src/Illuminate/Session/Store.php(114): Illuminate\\Session\\DatabaseSessionHandler->read()
#23 /home/cainan/Documents/wirechat-app/vendor/laravel/framework/src/Illuminate/Session/Store.php(102): Illuminate\\Session\\Store->readFromHandler()
#24 /home/cainan/Documents/wirechat-app/vendor/laravel/framework/src/Illuminate/Session/Store.php(86): Illuminate\\Session\\Store->loadSession()
#25 /home/cainan/Documents/wirechat-app/vendor/laravel/framework/src/Illuminate/Session/Middleware/StartSession.php(147): Illuminate\\Session\\Store->start()
#26 /home/cainan/Documents/wirechat-app/vendor/laravel/framework/src/Illuminate/Support/helpers.php(393): Illuminate\\Session\\Middleware\\StartSession->Illuminate\\Session\\Middleware\\{closure}()
#27 /home/cainan/Documents/wirechat-app/vendor/laravel/framework/src/Illuminate/Session/Middleware/StartSession.php(144): tap()
#28 /home/cainan/Documents/wirechat-app/vendor/laravel/framework/src/Illuminate/Session/Middleware/StartSession.php(116): Illuminate\\Session\\Middleware\\StartSession->startSession()
#29 /home/cainan/Documents/wirechat-app/vendor/laravel/framework/src/Illuminate/Session/Middleware/StartSession.php(64): Illuminate\\Session\\Middleware\\StartSession->handleStatefulRequest()
#30 /home/cainan/Documents/wirechat-app/vendor/laravel/framework/src/Illuminate/Pipeline/Pipeline.php(183): Illuminate\\Session\\Middleware\\StartSession->handle()
#31 /home/cainan/Documents/wirechat-app/vendor/laravel/framework/src/Illuminate/Cookie/Middleware/AddQueuedCookiesToResponse.php(37): Illuminate\\Pipeline\\Pipeline->Illuminate\\Pipeline\\{closure}()
#32 /home/cainan/Documents/wirechat-app/vendor/laravel/framework/src/Illuminate/Pipeline/Pipeline.php(183): Illuminate\\Cookie\\Middleware\\AddQueuedCookiesToResponse->handle()
#33 /home/cainan/Documents/wirechat-app/vendor/laravel/framework/src/Illuminate/Cookie/Middleware/EncryptCookies.php(75): Illuminate\\Pipeline\\Pipeline->Illuminate\\Pipeline\\{closure}()
#34 /home/cainan/Documents/wirechat-app/vendor/laravel/framework/src/Illuminate/Pipeline/Pipeline.php(183): Illuminate\\Cookie\\Middleware\\EncryptCookies->handle()
#35 /home/cainan/Documents/wirechat-app/vendor/laravel/framework/src/Illuminate/Pipeline/Pipeline.php(119): Illuminate\\Pipeline\\Pipeline->Illuminate\\Pipeline\\{closure}()
#36 /home/cainan/Documents/wirechat-app/vendor/laravel/framework/src/Illuminate/Routing/Router.php(807): Illuminate\\Pipeline\\Pipeline->then()
#37 /home/cainan/Documents/wirechat-app/vendor/laravel/framework/src/Illuminate/Routing/Router.php(786): Illuminate\\Routing\\Router->runRouteWithinStack()
#38 /home/cainan/Documents/wirechat-app/vendor/laravel/framework/src/Illuminate/Routing/Router.php(750): Illuminate\\Routing\\Router->runRoute()
#39 /home/cainan/Documents/wirechat-app/vendor/laravel/framework/src/Illuminate/Routing/Router.php(739): Illuminate\\Routing\\Router->dispatchToRoute()
#40 /home/cainan/Documents/wirechat-app/vendor/laravel/framework/src/Illuminate/Foundation/Http/Kernel.php(201): Illuminate\\Routing\\Router->dispatch()
#41 /home/cainan/Documents/wirechat-app/vendor/laravel/framework/src/Illuminate/Pipeline/Pipeline.php(144): Illuminate\\Foundation\\Http\\Kernel->Illuminate\\Foundation\\Http\\{closure}()
#42 /home/cainan/Documents/wirechat-app/vendor/livewire/livewire/src/Features/SupportDisablingBackButtonCache/DisableBackButtonCacheMiddleware.php(19): Illuminate\\Pipeline\\Pipeline->Illuminate\\Pipeline\\{closure}()
#43 /home/cainan/Documents/wirechat-app/vendor/laravel/framework/src/Illuminate/Pipeline/Pipeline.php(183): Livewire\\Features\\SupportDisablingBackButtonCache\\DisableBackButtonCacheMiddleware->handle()
#44 /home/cainan/Documents/wirechat-app/vendor/laravel/framework/src/Illuminate/Foundation/Http/Middleware/TransformsRequest.php(21): Illuminate\\Pipeline\\Pipeline->Illuminate\\Pipeline\\{closure}()
#45 /home/cainan/Documents/wirechat-app/vendor/laravel/framework/src/Illuminate/Foundation/Http/Middleware/ConvertEmptyStringsToNull.php(31): Illuminate\\Foundation\\Http\\Middleware\\TransformsRequest->handle()
#46 /home/cainan/Documents/wirechat-app/vendor/laravel/framework/src/Illuminate/Pipeline/Pipeline.php(183): Illuminate\\Foundation\\Http\\Middleware\\ConvertEmptyStringsToNull->handle()
#47 /home/cainan/Documents/wirechat-app/vendor/laravel/framework/src/Illuminate/Foundation/Http/Middleware/TransformsRequest.php(21): Illuminate\\Pipeline\\Pipeline->Illuminate\\Pipeline\\{closure}()
#48 /home/cainan/Documents/wirechat-app/vendor/laravel/framework/src/Illuminate/Foundation/Http/Middleware/TrimStrings.php(51): Illuminate\\Foundation\\Http\\Middleware\\TransformsRequest->handle()
#49 /home/cainan/Documents/wirechat-app/vendor/laravel/framework/src/Illuminate/Pipeline/Pipeline.php(183): Illuminate\\Foundation\\Http\\Middleware\\TrimStrings->handle()
#50 /home/cainan/Documents/wirechat-app/vendor/laravel/framework/src/Illuminate/Http/Middleware/ValidatePostSize.php(27): Illuminate\\Pipeline\\Pipeline->Illuminate\\Pipeline\\{closure}()
#51 /home/cainan/Documents/wirechat-app/vendor/laravel/framework/src/Illuminate/Pipeline/Pipeline.php(183): Illuminate\\Http\\Middleware\\ValidatePostSize->handle()
#52 /home/cainan/Documents/wirechat-app/vendor/laravel/framework/src/Illuminate/Foundation/Http/Middleware/PreventRequestsDuringMaintenance.php(110): Illuminate\\Pipeline\\Pipeline->Illuminate\\Pipeline\\{closure}()
#53 /home/cainan/Documents/wirechat-app/vendor/laravel/framework/src/Illuminate/Pipeline/Pipeline.php(183): Illuminate\\Foundation\\Http\\Middleware\\PreventRequestsDuringMaintenance->handle()
#54 /home/cainan/Documents/wirechat-app/vendor/laravel/framework/src/Illuminate/Http/Middleware/HandleCors.php(49): Illuminate\\Pipeline\\Pipeline->Illuminate\\Pipeline\\{closure}()
#55 /home/cainan/Documents/wirechat-app/vendor/laravel/framework/src/Illuminate/Pipeline/Pipeline.php(183): Illuminate\\Http\\Middleware\\HandleCors->handle()
#56 /home/cainan/Documents/wirechat-app/vendor/laravel/framework/src/Illuminate/Http/Middleware/TrustProxies.php(58): Illuminate\\Pipeline\\Pipeline->Illuminate\\Pipeline\\{closure}()
#57 /home/cainan/Documents/wirechat-app/vendor/laravel/framework/src/Illuminate/Pipeline/Pipeline.php(183): Illuminate\\Http\\Middleware\\TrustProxies->handle()
#58 /home/cainan/Documents/wirechat-app/vendor/laravel/framework/src/Illuminate/Foundation/Http/Middleware/InvokeDeferredCallbacks.php(22): Illuminate\\Pipeline\\Pipeline->Illuminate\\Pipeline\\{closure}()
#59 /home/cainan/Documents/wirechat-app/vendor/laravel/framework/src/Illuminate/Pipeline/Pipeline.php(183): Illuminate\\Foundation\\Http\\Middleware\\InvokeDeferredCallbacks->handle()
#60 /home/cainan/Documents/wirechat-app/vendor/laravel/framework/src/Illuminate/Pipeline/Pipeline.php(119): Illuminate\\Pipeline\\Pipeline->Illuminate\\Pipeline\\{closure}()
#61 /home/cainan/Documents/wirechat-app/vendor/laravel/framework/src/Illuminate/Foundation/Http/Kernel.php(176): Illuminate\\Pipeline\\Pipeline->then()
#62 /home/cainan/Documents/wirechat-app/vendor/laravel/framework/src/Illuminate/Foundation/Http/Kernel.php(145): Illuminate\\Foundation\\Http\\Kernel->sendRequestThroughRouter()
#63 /home/cainan/Documents/wirechat-app/vendor/laravel/framework/src/Illuminate/Foundation/Application.php(1190): Illuminate\\Foundation\\Http\\Kernel->handle()
#64 /home/cainan/Documents/wirechat-app/public/index.php(17): Illuminate\\Foundation\\Application->handleRequest()
#65 /home/cainan/Documents/wirechat-app/vendor/laravel/framework/src/Illuminate/Foundation/resources/server.php(23): require_once('...')
#66 {main}
"} 
[2024-12-16 21:25:02] local.ERROR: SQLSTATE[HY000] [2002] Network is unreachable (Connection: mysql, SQL: select * from `sessions` where `id` = zT3brD7sONxcdtHUrlFw9k3rcEUDQxYAbwDu2Xvb limit 1) {"exception":"[object] (Illuminate\\Database\\QueryException(code: 2002): SQLSTATE[HY000] [2002] Network is unreachable (Connection: mysql, SQL: select * from `sessions` where `id` = zT3brD7sONxcdtHUrlFw9k3rcEUDQxYAbwDu2Xvb limit 1) at /home/cainan/Documents/wirechat-app/vendor/laravel/framework/src/Illuminate/Database/Connection.php:825)
[stacktrace]
#0 /home/cainan/Documents/wirechat-app/vendor/laravel/framework/src/Illuminate/Database/Connection.php(979): Illuminate\\Database\\Connection->runQueryCallback()
#1 /home/cainan/Documents/wirechat-app/vendor/laravel/framework/src/Illuminate/Database/Connection.php(958): Illuminate\\Database\\Connection->tryAgainIfCausedByLostConnection()
#2 /home/cainan/Documents/wirechat-app/vendor/laravel/framework/src/Illuminate/Database/Connection.php(781): Illuminate\\Database\\Connection->handleQueryException()
#3 /home/cainan/Documents/wirechat-app/vendor/laravel/framework/src/Illuminate/Database/Connection.php(398): Illuminate\\Database\\Connection->run()
#4 /home/cainan/Documents/wirechat-app/vendor/laravel/framework/src/Illuminate/Database/Query/Builder.php(3133): Illuminate\\Database\\Connection->select()
#5 /home/cainan/Documents/wirechat-app/vendor/laravel/framework/src/Illuminate/Database/Query/Builder.php(3118): Illuminate\\Database\\Query\\Builder->runSelect()
#6 /home/cainan/Documents/wirechat-app/vendor/laravel/framework/src/Illuminate/Database/Query/Builder.php(3706): Illuminate\\Database\\Query\\Builder->Illuminate\\Database\\Query\\{closure}()
#7 /home/cainan/Documents/wirechat-app/vendor/laravel/framework/src/Illuminate/Database/Query/Builder.php(3117): Illuminate\\Database\\Query\\Builder->onceWithColumns()
#8 /home/cainan/Documents/wirechat-app/vendor/laravel/framework/src/Illuminate/Database/Concerns/BuildsQueries.php(344): Illuminate\\Database\\Query\\Builder->get()
#9 /home/cainan/Documents/wirechat-app/vendor/laravel/framework/src/Illuminate/Database/Query/Builder.php(3038): Illuminate\\Database\\Query\\Builder->first()
#10 /home/cainan/Documents/wirechat-app/vendor/laravel/framework/src/Illuminate/Session/DatabaseSessionHandler.php(97): Illuminate\\Database\\Query\\Builder->find()
#11 /home/cainan/Documents/wirechat-app/vendor/laravel/framework/src/Illuminate/Session/Store.php(114): Illuminate\\Session\\DatabaseSessionHandler->read()
#12 /home/cainan/Documents/wirechat-app/vendor/laravel/framework/src/Illuminate/Session/Store.php(102): Illuminate\\Session\\Store->readFromHandler()
#13 /home/cainan/Documents/wirechat-app/vendor/laravel/framework/src/Illuminate/Session/Store.php(86): Illuminate\\Session\\Store->loadSession()
#14 /home/cainan/Documents/wirechat-app/vendor/laravel/framework/src/Illuminate/Session/Middleware/StartSession.php(147): Illuminate\\Session\\Store->start()
#15 /home/cainan/Documents/wirechat-app/vendor/laravel/framework/src/Illuminate/Support/helpers.php(393): Illuminate\\Session\\Middleware\\StartSession->Illuminate\\Session\\Middleware\\{closure}()
#16 /home/cainan/Documents/wirechat-app/vendor/laravel/framework/src/Illuminate/Session/Middleware/StartSession.php(144): tap()
#17 /home/cainan/Documents/wirechat-app/vendor/laravel/framework/src/Illuminate/Session/Middleware/StartSession.php(116): Illuminate\\Session\\Middleware\\StartSession->startSession()
#18 /home/cainan/Documents/wirechat-app/vendor/laravel/framework/src/Illuminate/Session/Middleware/StartSession.php(64): Illuminate\\Session\\Middleware\\StartSession->handleStatefulRequest()
#19 /home/cainan/Documents/wirechat-app/vendor/laravel/framework/src/Illuminate/Pipeline/Pipeline.php(183): Illuminate\\Session\\Middleware\\StartSession->handle()
#20 /home/cainan/Documents/wirechat-app/vendor/laravel/framework/src/Illuminate/Cookie/Middleware/AddQueuedCookiesToResponse.php(37): Illuminate\\Pipeline\\Pipeline->Illuminate\\Pipeline\\{closure}()
#21 /home/cainan/Documents/wirechat-app/vendor/laravel/framework/src/Illuminate/Pipeline/Pipeline.php(183): Illuminate\\Cookie\\Middleware\\AddQueuedCookiesToResponse->handle()
#22 /home/cainan/Documents/wirechat-app/vendor/laravel/framework/src/Illuminate/Cookie/Middleware/EncryptCookies.php(75): Illuminate\\Pipeline\\Pipeline->Illuminate\\Pipeline\\{closure}()
#23 /home/cainan/Documents/wirechat-app/vendor/laravel/framework/src/Illuminate/Pipeline/Pipeline.php(183): Illuminate\\Cookie\\Middleware\\EncryptCookies->handle()
#24 /home/cainan/Documents/wirechat-app/vendor/laravel/framework/src/Illuminate/Pipeline/Pipeline.php(119): Illuminate\\Pipeline\\Pipeline->Illuminate\\Pipeline\\{closure}()
#25 /home/cainan/Documents/wirechat-app/vendor/laravel/framework/src/Illuminate/Routing/Router.php(807): Illuminate\\Pipeline\\Pipeline->then()
#26 /home/cainan/Documents/wirechat-app/vendor/laravel/framework/src/Illuminate/Routing/Router.php(786): Illuminate\\Routing\\Router->runRouteWithinStack()
#27 /home/cainan/Documents/wirechat-app/vendor/laravel/framework/src/Illuminate/Routing/Router.php(750): Illuminate\\Routing\\Router->runRoute()
#28 /home/cainan/Documents/wirechat-app/vendor/laravel/framework/src/Illuminate/Routing/Router.php(739): Illuminate\\Routing\\Router->dispatchToRoute()
#29 /home/cainan/Documents/wirechat-app/vendor/laravel/framework/src/Illuminate/Foundation/Http/Kernel.php(201): Illuminate\\Routing\\Router->dispatch()
#30 /home/cainan/Documents/wirechat-app/vendor/laravel/framework/src/Illuminate/Pipeline/Pipeline.php(144): Illuminate\\Foundation\\Http\\Kernel->Illuminate\\Foundation\\Http\\{closure}()
#31 /home/cainan/Documents/wirechat-app/vendor/livewire/livewire/src/Features/SupportDisablingBackButtonCache/DisableBackButtonCacheMiddleware.php(19): Illuminate\\Pipeline\\Pipeline->Illuminate\\Pipeline\\{closure}()
#32 /home/cainan/Documents/wirechat-app/vendor/laravel/framework/src/Illuminate/Pipeline/Pipeline.php(183): Livewire\\Features\\SupportDisablingBackButtonCache\\DisableBackButtonCacheMiddleware->handle()
#33 /home/cainan/Documents/wirechat-app/vendor/laravel/framework/src/Illuminate/Foundation/Http/Middleware/TransformsRequest.php(21): Illuminate\\Pipeline\\Pipeline->Illuminate\\Pipeline\\{closure}()
#34 /home/cainan/Documents/wirechat-app/vendor/laravel/framework/src/Illuminate/Foundation/Http/Middleware/ConvertEmptyStringsToNull.php(31): Illuminate\\Foundation\\Http\\Middleware\\TransformsRequest->handle()
#35 /home/cainan/Documents/wirechat-app/vendor/laravel/framework/src/Illuminate/Pipeline/Pipeline.php(183): Illuminate\\Foundation\\Http\\Middleware\\ConvertEmptyStringsToNull->handle()
#36 /home/cainan/Documents/wirechat-app/vendor/laravel/framework/src/Illuminate/Foundation/Http/Middleware/TransformsRequest.php(21): Illuminate\\Pipeline\\Pipeline->Illuminate\\Pipeline\\{closure}()
#37 /home/cainan/Documents/wirechat-app/vendor/laravel/framework/src/Illuminate/Foundation/Http/Middleware/TrimStrings.php(51): Illuminate\\Foundation\\Http\\Middleware\\TransformsRequest->handle()
#38 /home/cainan/Documents/wirechat-app/vendor/laravel/framework/src/Illuminate/Pipeline/Pipeline.php(183): Illuminate\\Foundation\\Http\\Middleware\\TrimStrings->handle()
#39 /home/cainan/Documents/wirechat-app/vendor/laravel/framework/src/Illuminate/Http/Middleware/ValidatePostSize.php(27): Illuminate\\Pipeline\\Pipeline->Illuminate\\Pipeline\\{closure}()
#40 /home/cainan/Documents/wirechat-app/vendor/laravel/framework/src/Illuminate/Pipeline/Pipeline.php(183): Illuminate\\Http\\Middleware\\ValidatePostSize->handle()
#41 /home/cainan/Documents/wirechat-app/vendor/laravel/framework/src/Illuminate/Foundation/Http/Middleware/PreventRequestsDuringMaintenance.php(110): Illuminate\\Pipeline\\Pipeline->Illuminate\\Pipeline\\{closure}()
#42 /home/cainan/Documents/wirechat-app/vendor/laravel/framework/src/Illuminate/Pipeline/Pipeline.php(183): Illuminate\\Foundation\\Http\\Middleware\\PreventRequestsDuringMaintenance->handle()
#43 /home/cainan/Documents/wirechat-app/vendor/laravel/framework/src/Illuminate/Http/Middleware/HandleCors.php(49): Illuminate\\Pipeline\\Pipeline->Illuminate\\Pipeline\\{closure}()
#44 /home/cainan/Documents/wirechat-app/vendor/laravel/framework/src/Illuminate/Pipeline/Pipeline.php(183): Illuminate\\Http\\Middleware\\HandleCors->handle()
#45 /home/cainan/Documents/wirechat-app/vendor/laravel/framework/src/Illuminate/Http/Middleware/TrustProxies.php(58): Illuminate\\Pipeline\\Pipeline->Illuminate\\Pipeline\\{closure}()
#46 /home/cainan/Documents/wirechat-app/vendor/laravel/framework/src/Illuminate/Pipeline/Pipeline.php(183): Illuminate\\Http\\Middleware\\TrustProxies->handle()
#47 /home/cainan/Documents/wirechat-app/vendor/laravel/framework/src/Illuminate/Foundation/Http/Middleware/InvokeDeferredCallbacks.php(22): Illuminate\\Pipeline\\Pipeline->Illuminate\\Pipeline\\{closure}()
#48 /home/cainan/Documents/wirechat-app/vendor/laravel/framework/src/Illuminate/Pipeline/Pipeline.php(183): Illuminate\\Foundation\\Http\\Middleware\\InvokeDeferredCallbacks->handle()
#49 /home/cainan/Documents/wirechat-app/vendor/laravel/framework/src/Illuminate/Pipeline/Pipeline.php(119): Illuminate\\Pipeline\\Pipeline->Illuminate\\Pipeline\\{closure}()
#50 /home/cainan/Documents/wirechat-app/vendor/laravel/framework/src/Illuminate/Foundation/Http/Kernel.php(176): Illuminate\\Pipeline\\Pipeline->then()
#51 /home/cainan/Documents/wirechat-app/vendor/laravel/framework/src/Illuminate/Foundation/Http/Kernel.php(145): Illuminate\\Foundation\\Http\\Kernel->sendRequestThroughRouter()
#52 /home/cainan/Documents/wirechat-app/vendor/laravel/framework/src/Illuminate/Foundation/Application.php(1190): Illuminate\\Foundation\\Http\\Kernel->handle()
#53 /home/cainan/Documents/wirechat-app/public/index.php(17): Illuminate\\Foundation\\Application->handleRequest()
#54 /home/cainan/Documents/wirechat-app/vendor/laravel/framework/src/Illuminate/Foundation/resources/server.php(23): require_once('...')
#55 {main}

[previous exception] [object] (PDOException(code: 2002): SQLSTATE[HY000] [2002] Network is unreachable at /home/cainan/Documents/wirechat-app/vendor/laravel/framework/src/Illuminate/Database/Connectors/Connector.php:66)
[stacktrace]
#0 /home/cainan/Documents/wirechat-app/vendor/laravel/framework/src/Illuminate/Database/Connectors/Connector.php(66): PDO->__construct()
#1 /home/cainan/Documents/wirechat-app/vendor/laravel/framework/src/Illuminate/Database/Connectors/Connector.php(85): Illuminate\\Database\\Connectors\\Connector->createPdoConnection()
#2 /home/cainan/Documents/wirechat-app/vendor/laravel/framework/src/Illuminate/Database/Connectors/Connector.php(48): Illuminate\\Database\\Connectors\\Connector->tryAgainIfCausedByLostConnection()
#3 /home/cainan/Documents/wirechat-app/vendor/laravel/framework/src/Illuminate/Database/Connectors/MySqlConnector.php(24): Illuminate\\Database\\Connectors\\Connector->createConnection()
#4 /home/cainan/Documents/wirechat-app/vendor/laravel/framework/src/Illuminate/Database/Connectors/ConnectionFactory.php(185): Illuminate\\Database\\Connectors\\MySqlConnector->connect()
#5 [internal function]: Illuminate\\Database\\Connectors\\ConnectionFactory->Illuminate\\Database\\Connectors\\{closure}()
#6 /home/cainan/Documents/wirechat-app/vendor/laravel/framework/src/Illuminate/Database/Connection.php(1231): call_user_func()
#7 /home/cainan/Documents/wirechat-app/vendor/laravel/framework/src/Illuminate/Database/Connection.php(1267): Illuminate\\Database\\Connection->getPdo()
#8 /home/cainan/Documents/wirechat-app/vendor/laravel/framework/src/Illuminate/Database/Connection.php(512): Illuminate\\Database\\Connection->getReadPdo()
#9 /home/cainan/Documents/wirechat-app/vendor/laravel/framework/src/Illuminate/Database/Connection.php(407): Illuminate\\Database\\Connection->getPdoForSelect()
#10 /home/cainan/Documents/wirechat-app/vendor/laravel/framework/src/Illuminate/Database/Connection.php(812): Illuminate\\Database\\Connection->Illuminate\\Database\\{closure}()
#11 /home/cainan/Documents/wirechat-app/vendor/laravel/framework/src/Illuminate/Database/Connection.php(979): Illuminate\\Database\\Connection->runQueryCallback()
#12 /home/cainan/Documents/wirechat-app/vendor/laravel/framework/src/Illuminate/Database/Connection.php(958): Illuminate\\Database\\Connection->tryAgainIfCausedByLostConnection()
#13 /home/cainan/Documents/wirechat-app/vendor/laravel/framework/src/Illuminate/Database/Connection.php(781): Illuminate\\Database\\Connection->handleQueryException()
#14 /home/cainan/Documents/wirechat-app/vendor/laravel/framework/src/Illuminate/Database/Connection.php(398): Illuminate\\Database\\Connection->run()
#15 /home/cainan/Documents/wirechat-app/vendor/laravel/framework/src/Illuminate/Database/Query/Builder.php(3133): Illuminate\\Database\\Connection->select()
#16 /home/cainan/Documents/wirechat-app/vendor/laravel/framework/src/Illuminate/Database/Query/Builder.php(3118): Illuminate\\Database\\Query\\Builder->runSelect()
#17 /home/cainan/Documents/wirechat-app/vendor/laravel/framework/src/Illuminate/Database/Query/Builder.php(3706): Illuminate\\Database\\Query\\Builder->Illuminate\\Database\\Query\\{closure}()
#18 /home/cainan/Documents/wirechat-app/vendor/laravel/framework/src/Illuminate/Database/Query/Builder.php(3117): Illuminate\\Database\\Query\\Builder->onceWithColumns()
#19 /home/cainan/Documents/wirechat-app/vendor/laravel/framework/src/Illuminate/Database/Concerns/BuildsQueries.php(344): Illuminate\\Database\\Query\\Builder->get()
#20 /home/cainan/Documents/wirechat-app/vendor/laravel/framework/src/Illuminate/Database/Query/Builder.php(3038): Illuminate\\Database\\Query\\Builder->first()
#21 /home/cainan/Documents/wirechat-app/vendor/laravel/framework/src/Illuminate/Session/DatabaseSessionHandler.php(97): Illuminate\\Database\\Query\\Builder->find()
#22 /home/cainan/Documents/wirechat-app/vendor/laravel/framework/src/Illuminate/Session/Store.php(114): Illuminate\\Session\\DatabaseSessionHandler->read()
#23 /home/cainan/Documents/wirechat-app/vendor/laravel/framework/src/Illuminate/Session/Store.php(102): Illuminate\\Session\\Store->readFromHandler()
#24 /home/cainan/Documents/wirechat-app/vendor/laravel/framework/src/Illuminate/Session/Store.php(86): Illuminate\\Session\\Store->loadSession()
#25 /home/cainan/Documents/wirechat-app/vendor/laravel/framework/src/Illuminate/Session/Middleware/StartSession.php(147): Illuminate\\Session\\Store->start()
#26 /home/cainan/Documents/wirechat-app/vendor/laravel/framework/src/Illuminate/Support/helpers.php(393): Illuminate\\Session\\Middleware\\StartSession->Illuminate\\Session\\Middleware\\{closure}()
#27 /home/cainan/Documents/wirechat-app/vendor/laravel/framework/src/Illuminate/Session/Middleware/StartSession.php(144): tap()
#28 /home/cainan/Documents/wirechat-app/vendor/laravel/framework/src/Illuminate/Session/Middleware/StartSession.php(116): Illuminate\\Session\\Middleware\\StartSession->startSession()
#29 /home/cainan/Documents/wirechat-app/vendor/laravel/framework/src/Illuminate/Session/Middleware/StartSession.php(64): Illuminate\\Session\\Middleware\\StartSession->handleStatefulRequest()
#30 /home/cainan/Documents/wirechat-app/vendor/laravel/framework/src/Illuminate/Pipeline/Pipeline.php(183): Illuminate\\Session\\Middleware\\StartSession->handle()
#31 /home/cainan/Documents/wirechat-app/vendor/laravel/framework/src/Illuminate/Cookie/Middleware/AddQueuedCookiesToResponse.php(37): Illuminate\\Pipeline\\Pipeline->Illuminate\\Pipeline\\{closure}()
#32 /home/cainan/Documents/wirechat-app/vendor/laravel/framework/src/Illuminate/Pipeline/Pipeline.php(183): Illuminate\\Cookie\\Middleware\\AddQueuedCookiesToResponse->handle()
#33 /home/cainan/Documents/wirechat-app/vendor/laravel/framework/src/Illuminate/Cookie/Middleware/EncryptCookies.php(75): Illuminate\\Pipeline\\Pipeline->Illuminate\\Pipeline\\{closure}()
#34 /home/cainan/Documents/wirechat-app/vendor/laravel/framework/src/Illuminate/Pipeline/Pipeline.php(183): Illuminate\\Cookie\\Middleware\\EncryptCookies->handle()
#35 /home/cainan/Documents/wirechat-app/vendor/laravel/framework/src/Illuminate/Pipeline/Pipeline.php(119): Illuminate\\Pipeline\\Pipeline->Illuminate\\Pipeline\\{closure}()
#36 /home/cainan/Documents/wirechat-app/vendor/laravel/framework/src/Illuminate/Routing/Router.php(807): Illuminate\\Pipeline\\Pipeline->then()
#37 /home/cainan/Documents/wirechat-app/vendor/laravel/framework/src/Illuminate/Routing/Router.php(786): Illuminate\\Routing\\Router->runRouteWithinStack()
#38 /home/cainan/Documents/wirechat-app/vendor/laravel/framework/src/Illuminate/Routing/Router.php(750): Illuminate\\Routing\\Router->runRoute()
#39 /home/cainan/Documents/wirechat-app/vendor/laravel/framework/src/Illuminate/Routing/Router.php(739): Illuminate\\Routing\\Router->dispatchToRoute()
#40 /home/cainan/Documents/wirechat-app/vendor/laravel/framework/src/Illuminate/Foundation/Http/Kernel.php(201): Illuminate\\Routing\\Router->dispatch()
#41 /home/cainan/Documents/wirechat-app/vendor/laravel/framework/src/Illuminate/Pipeline/Pipeline.php(144): Illuminate\\Foundation\\Http\\Kernel->Illuminate\\Foundation\\Http\\{closure}()
#42 /home/cainan/Documents/wirechat-app/vendor/livewire/livewire/src/Features/SupportDisablingBackButtonCache/DisableBackButtonCacheMiddleware.php(19): Illuminate\\Pipeline\\Pipeline->Illuminate\\Pipeline\\{closure}()
#43 /home/cainan/Documents/wirechat-app/vendor/laravel/framework/src/Illuminate/Pipeline/Pipeline.php(183): Livewire\\Features\\SupportDisablingBackButtonCache\\DisableBackButtonCacheMiddleware->handle()
#44 /home/cainan/Documents/wirechat-app/vendor/laravel/framework/src/Illuminate/Foundation/Http/Middleware/TransformsRequest.php(21): Illuminate\\Pipeline\\Pipeline->Illuminate\\Pipeline\\{closure}()
#45 /home/cainan/Documents/wirechat-app/vendor/laravel/framework/src/Illuminate/Foundation/Http/Middleware/ConvertEmptyStringsToNull.php(31): Illuminate\\Foundation\\Http\\Middleware\\TransformsRequest->handle()
#46 /home/cainan/Documents/wirechat-app/vendor/laravel/framework/src/Illuminate/Pipeline/Pipeline.php(183): Illuminate\\Foundation\\Http\\Middleware\\ConvertEmptyStringsToNull->handle()
#47 /home/cainan/Documents/wirechat-app/vendor/laravel/framework/src/Illuminate/Foundation/Http/Middleware/TransformsRequest.php(21): Illuminate\\Pipeline\\Pipeline->Illuminate\\Pipeline\\{closure}()
#48 /home/cainan/Documents/wirechat-app/vendor/laravel/framework/src/Illuminate/Foundation/Http/Middleware/TrimStrings.php(51): Illuminate\\Foundation\\Http\\Middleware\\TransformsRequest->handle()
#49 /home/cainan/Documents/wirechat-app/vendor/laravel/framework/src/Illuminate/Pipeline/Pipeline.php(183): Illuminate\\Foundation\\Http\\Middleware\\TrimStrings->handle()
#50 /home/cainan/Documents/wirechat-app/vendor/laravel/framework/src/Illuminate/Http/Middleware/ValidatePostSize.php(27): Illuminate\\Pipeline\\Pipeline->Illuminate\\Pipeline\\{closure}()
#51 /home/cainan/Documents/wirechat-app/vendor/laravel/framework/src/Illuminate/Pipeline/Pipeline.php(183): Illuminate\\Http\\Middleware\\ValidatePostSize->handle()
#52 /home/cainan/Documents/wirechat-app/vendor/laravel/framework/src/Illuminate/Foundation/Http/Middleware/PreventRequestsDuringMaintenance.php(110): Illuminate\\Pipeline\\Pipeline->Illuminate\\Pipeline\\{closure}()
#53 /home/cainan/Documents/wirechat-app/vendor/laravel/framework/src/Illuminate/Pipeline/Pipeline.php(183): Illuminate\\Foundation\\Http\\Middleware\\PreventRequestsDuringMaintenance->handle()
#54 /home/cainan/Documents/wirechat-app/vendor/laravel/framework/src/Illuminate/Http/Middleware/HandleCors.php(49): Illuminate\\Pipeline\\Pipeline->Illuminate\\Pipeline\\{closure}()
#55 /home/cainan/Documents/wirechat-app/vendor/laravel/framework/src/Illuminate/Pipeline/Pipeline.php(183): Illuminate\\Http\\Middleware\\HandleCors->handle()
#56 /home/cainan/Documents/wirechat-app/vendor/laravel/framework/src/Illuminate/Http/Middleware/TrustProxies.php(58): Illuminate\\Pipeline\\Pipeline->Illuminate\\Pipeline\\{closure}()
#57 /home/cainan/Documents/wirechat-app/vendor/laravel/framework/src/Illuminate/Pipeline/Pipeline.php(183): Illuminate\\Http\\Middleware\\TrustProxies->handle()
#58 /home/cainan/Documents/wirechat-app/vendor/laravel/framework/src/Illuminate/Foundation/Http/Middleware/InvokeDeferredCallbacks.php(22): Illuminate\\Pipeline\\Pipeline->Illuminate\\Pipeline\\{closure}()
#59 /home/cainan/Documents/wirechat-app/vendor/laravel/framework/src/Illuminate/Pipeline/Pipeline.php(183): Illuminate\\Foundation\\Http\\Middleware\\InvokeDeferredCallbacks->handle()
#60 /home/cainan/Documents/wirechat-app/vendor/laravel/framework/src/Illuminate/Pipeline/Pipeline.php(119): Illuminate\\Pipeline\\Pipeline->Illuminate\\Pipeline\\{closure}()
#61 /home/cainan/Documents/wirechat-app/vendor/laravel/framework/src/Illuminate/Foundation/Http/Kernel.php(176): Illuminate\\Pipeline\\Pipeline->then()
#62 /home/cainan/Documents/wirechat-app/vendor/laravel/framework/src/Illuminate/Foundation/Http/Kernel.php(145): Illuminate\\Foundation\\Http\\Kernel->sendRequestThroughRouter()
#63 /home/cainan/Documents/wirechat-app/vendor/laravel/framework/src/Illuminate/Foundation/Application.php(1190): Illuminate\\Foundation\\Http\\Kernel->handle()
#64 /home/cainan/Documents/wirechat-app/public/index.php(17): Illuminate\\Foundation\\Application->handleRequest()
#65 /home/cainan/Documents/wirechat-app/vendor/laravel/framework/src/Illuminate/Foundation/resources/server.php(23): require_once('...')
#66 {main}
"} 
[2024-12-16 21:26:14] local.ERROR: SQLSTATE[HY000] [2002] Network is unreachable (Connection: mysql, SQL: select * from `sessions` where `id` = NJUTnyST70GgcWBaMAYv3FKnxt7azHUtIfeiG3E9 limit 1) {"exception":"[object] (Illuminate\\Database\\QueryException(code: 2002): SQLSTATE[HY000] [2002] Network is unreachable (Connection: mysql, SQL: select * from `sessions` where `id` = NJUTnyST70GgcWBaMAYv3FKnxt7azHUtIfeiG3E9 limit 1) at /home/cainan/Documents/wirechat-app/vendor/laravel/framework/src/Illuminate/Database/Connection.php:825)
[stacktrace]
#0 /home/cainan/Documents/wirechat-app/vendor/laravel/framework/src/Illuminate/Database/Connection.php(979): Illuminate\\Database\\Connection->runQueryCallback()
#1 /home/cainan/Documents/wirechat-app/vendor/laravel/framework/src/Illuminate/Database/Connection.php(958): Illuminate\\Database\\Connection->tryAgainIfCausedByLostConnection()
#2 /home/cainan/Documents/wirechat-app/vendor/laravel/framework/src/Illuminate/Database/Connection.php(781): Illuminate\\Database\\Connection->handleQueryException()
#3 /home/cainan/Documents/wirechat-app/vendor/laravel/framework/src/Illuminate/Database/Connection.php(398): Illuminate\\Database\\Connection->run()
#4 /home/cainan/Documents/wirechat-app/vendor/laravel/framework/src/Illuminate/Database/Query/Builder.php(3133): Illuminate\\Database\\Connection->select()
#5 /home/cainan/Documents/wirechat-app/vendor/laravel/framework/src/Illuminate/Database/Query/Builder.php(3118): Illuminate\\Database\\Query\\Builder->runSelect()
#6 /home/cainan/Documents/wirechat-app/vendor/laravel/framework/src/Illuminate/Database/Query/Builder.php(3706): Illuminate\\Database\\Query\\Builder->Illuminate\\Database\\Query\\{closure}()
#7 /home/cainan/Documents/wirechat-app/vendor/laravel/framework/src/Illuminate/Database/Query/Builder.php(3117): Illuminate\\Database\\Query\\Builder->onceWithColumns()
#8 /home/cainan/Documents/wirechat-app/vendor/laravel/framework/src/Illuminate/Database/Concerns/BuildsQueries.php(344): Illuminate\\Database\\Query\\Builder->get()
#9 /home/cainan/Documents/wirechat-app/vendor/laravel/framework/src/Illuminate/Database/Query/Builder.php(3038): Illuminate\\Database\\Query\\Builder->first()
#10 /home/cainan/Documents/wirechat-app/vendor/laravel/framework/src/Illuminate/Session/DatabaseSessionHandler.php(97): Illuminate\\Database\\Query\\Builder->find()
#11 /home/cainan/Documents/wirechat-app/vendor/laravel/framework/src/Illuminate/Session/Store.php(114): Illuminate\\Session\\DatabaseSessionHandler->read()
#12 /home/cainan/Documents/wirechat-app/vendor/laravel/framework/src/Illuminate/Session/Store.php(102): Illuminate\\Session\\Store->readFromHandler()
#13 /home/cainan/Documents/wirechat-app/vendor/laravel/framework/src/Illuminate/Session/Store.php(86): Illuminate\\Session\\Store->loadSession()
#14 /home/cainan/Documents/wirechat-app/vendor/laravel/framework/src/Illuminate/Session/Middleware/StartSession.php(147): Illuminate\\Session\\Store->start()
#15 /home/cainan/Documents/wirechat-app/vendor/laravel/framework/src/Illuminate/Support/helpers.php(393): Illuminate\\Session\\Middleware\\StartSession->Illuminate\\Session\\Middleware\\{closure}()
#16 /home/cainan/Documents/wirechat-app/vendor/laravel/framework/src/Illuminate/Session/Middleware/StartSession.php(144): tap()
#17 /home/cainan/Documents/wirechat-app/vendor/laravel/framework/src/Illuminate/Session/Middleware/StartSession.php(116): Illuminate\\Session\\Middleware\\StartSession->startSession()
#18 /home/cainan/Documents/wirechat-app/vendor/laravel/framework/src/Illuminate/Session/Middleware/StartSession.php(64): Illuminate\\Session\\Middleware\\StartSession->handleStatefulRequest()
#19 /home/cainan/Documents/wirechat-app/vendor/laravel/framework/src/Illuminate/Pipeline/Pipeline.php(183): Illuminate\\Session\\Middleware\\StartSession->handle()
#20 /home/cainan/Documents/wirechat-app/vendor/laravel/framework/src/Illuminate/Cookie/Middleware/AddQueuedCookiesToResponse.php(37): Illuminate\\Pipeline\\Pipeline->Illuminate\\Pipeline\\{closure}()
#21 /home/cainan/Documents/wirechat-app/vendor/laravel/framework/src/Illuminate/Pipeline/Pipeline.php(183): Illuminate\\Cookie\\Middleware\\AddQueuedCookiesToResponse->handle()
#22 /home/cainan/Documents/wirechat-app/vendor/laravel/framework/src/Illuminate/Cookie/Middleware/EncryptCookies.php(75): Illuminate\\Pipeline\\Pipeline->Illuminate\\Pipeline\\{closure}()
#23 /home/cainan/Documents/wirechat-app/vendor/laravel/framework/src/Illuminate/Pipeline/Pipeline.php(183): Illuminate\\Cookie\\Middleware\\EncryptCookies->handle()
#24 /home/cainan/Documents/wirechat-app/vendor/laravel/framework/src/Illuminate/Pipeline/Pipeline.php(119): Illuminate\\Pipeline\\Pipeline->Illuminate\\Pipeline\\{closure}()
#25 /home/cainan/Documents/wirechat-app/vendor/laravel/framework/src/Illuminate/Routing/Router.php(807): Illuminate\\Pipeline\\Pipeline->then()
#26 /home/cainan/Documents/wirechat-app/vendor/laravel/framework/src/Illuminate/Routing/Router.php(786): Illuminate\\Routing\\Router->runRouteWithinStack()
#27 /home/cainan/Documents/wirechat-app/vendor/laravel/framework/src/Illuminate/Routing/Router.php(750): Illuminate\\Routing\\Router->runRoute()
#28 /home/cainan/Documents/wirechat-app/vendor/laravel/framework/src/Illuminate/Routing/Router.php(739): Illuminate\\Routing\\Router->dispatchToRoute()
#29 /home/cainan/Documents/wirechat-app/vendor/laravel/framework/src/Illuminate/Foundation/Http/Kernel.php(201): Illuminate\\Routing\\Router->dispatch()
#30 /home/cainan/Documents/wirechat-app/vendor/laravel/framework/src/Illuminate/Pipeline/Pipeline.php(144): Illuminate\\Foundation\\Http\\Kernel->Illuminate\\Foundation\\Http\\{closure}()
#31 /home/cainan/Documents/wirechat-app/vendor/livewire/livewire/src/Features/SupportDisablingBackButtonCache/DisableBackButtonCacheMiddleware.php(19): Illuminate\\Pipeline\\Pipeline->Illuminate\\Pipeline\\{closure}()
#32 /home/cainan/Documents/wirechat-app/vendor/laravel/framework/src/Illuminate/Pipeline/Pipeline.php(183): Livewire\\Features\\SupportDisablingBackButtonCache\\DisableBackButtonCacheMiddleware->handle()
#33 /home/cainan/Documents/wirechat-app/vendor/laravel/framework/src/Illuminate/Foundation/Http/Middleware/TransformsRequest.php(21): Illuminate\\Pipeline\\Pipeline->Illuminate\\Pipeline\\{closure}()
#34 /home/cainan/Documents/wirechat-app/vendor/laravel/framework/src/Illuminate/Foundation/Http/Middleware/ConvertEmptyStringsToNull.php(31): Illuminate\\Foundation\\Http\\Middleware\\TransformsRequest->handle()
#35 /home/cainan/Documents/wirechat-app/vendor/laravel/framework/src/Illuminate/Pipeline/Pipeline.php(183): Illuminate\\Foundation\\Http\\Middleware\\ConvertEmptyStringsToNull->handle()
#36 /home/cainan/Documents/wirechat-app/vendor/laravel/framework/src/Illuminate/Foundation/Http/Middleware/TransformsRequest.php(21): Illuminate\\Pipeline\\Pipeline->Illuminate\\Pipeline\\{closure}()
#37 /home/cainan/Documents/wirechat-app/vendor/laravel/framework/src/Illuminate/Foundation/Http/Middleware/TrimStrings.php(51): Illuminate\\Foundation\\Http\\Middleware\\TransformsRequest->handle()
#38 /home/cainan/Documents/wirechat-app/vendor/laravel/framework/src/Illuminate/Pipeline/Pipeline.php(183): Illuminate\\Foundation\\Http\\Middleware\\TrimStrings->handle()
#39 /home/cainan/Documents/wirechat-app/vendor/laravel/framework/src/Illuminate/Http/Middleware/ValidatePostSize.php(27): Illuminate\\Pipeline\\Pipeline->Illuminate\\Pipeline\\{closure}()
#40 /home/cainan/Documents/wirechat-app/vendor/laravel/framework/src/Illuminate/Pipeline/Pipeline.php(183): Illuminate\\Http\\Middleware\\ValidatePostSize->handle()
#41 /home/cainan/Documents/wirechat-app/vendor/laravel/framework/src/Illuminate/Foundation/Http/Middleware/PreventRequestsDuringMaintenance.php(110): Illuminate\\Pipeline\\Pipeline->Illuminate\\Pipeline\\{closure}()
#42 /home/cainan/Documents/wirechat-app/vendor/laravel/framework/src/Illuminate/Pipeline/Pipeline.php(183): Illuminate\\Foundation\\Http\\Middleware\\PreventRequestsDuringMaintenance->handle()
#43 /home/cainan/Documents/wirechat-app/vendor/laravel/framework/src/Illuminate/Http/Middleware/HandleCors.php(49): Illuminate\\Pipeline\\Pipeline->Illuminate\\Pipeline\\{closure}()
#44 /home/cainan/Documents/wirechat-app/vendor/laravel/framework/src/Illuminate/Pipeline/Pipeline.php(183): Illuminate\\Http\\Middleware\\HandleCors->handle()
#45 /home/cainan/Documents/wirechat-app/vendor/laravel/framework/src/Illuminate/Http/Middleware/TrustProxies.php(58): Illuminate\\Pipeline\\Pipeline->Illuminate\\Pipeline\\{closure}()
#46 /home/cainan/Documents/wirechat-app/vendor/laravel/framework/src/Illuminate/Pipeline/Pipeline.php(183): Illuminate\\Http\\Middleware\\TrustProxies->handle()
#47 /home/cainan/Documents/wirechat-app/vendor/laravel/framework/src/Illuminate/Foundation/Http/Middleware/InvokeDeferredCallbacks.php(22): Illuminate\\Pipeline\\Pipeline->Illuminate\\Pipeline\\{closure}()
#48 /home/cainan/Documents/wirechat-app/vendor/laravel/framework/src/Illuminate/Pipeline/Pipeline.php(183): Illuminate\\Foundation\\Http\\Middleware\\InvokeDeferredCallbacks->handle()
#49 /home/cainan/Documents/wirechat-app/vendor/laravel/framework/src/Illuminate/Pipeline/Pipeline.php(119): Illuminate\\Pipeline\\Pipeline->Illuminate\\Pipeline\\{closure}()
#50 /home/cainan/Documents/wirechat-app/vendor/laravel/framework/src/Illuminate/Foundation/Http/Kernel.php(176): Illuminate\\Pipeline\\Pipeline->then()
#51 /home/cainan/Documents/wirechat-app/vendor/laravel/framework/src/Illuminate/Foundation/Http/Kernel.php(145): Illuminate\\Foundation\\Http\\Kernel->sendRequestThroughRouter()
#52 /home/cainan/Documents/wirechat-app/vendor/laravel/framework/src/Illuminate/Foundation/Application.php(1190): Illuminate\\Foundation\\Http\\Kernel->handle()
#53 /home/cainan/Documents/wirechat-app/public/index.php(17): Illuminate\\Foundation\\Application->handleRequest()
#54 /home/cainan/Documents/wirechat-app/vendor/laravel/framework/src/Illuminate/Foundation/resources/server.php(23): require_once('...')
#55 {main}

[previous exception] [object] (PDOException(code: 2002): SQLSTATE[HY000] [2002] Network is unreachable at /home/cainan/Documents/wirechat-app/vendor/laravel/framework/src/Illuminate/Database/Connectors/Connector.php:66)
[stacktrace]
#0 /home/cainan/Documents/wirechat-app/vendor/laravel/framework/src/Illuminate/Database/Connectors/Connector.php(66): PDO->__construct()
#1 /home/cainan/Documents/wirechat-app/vendor/laravel/framework/src/Illuminate/Database/Connectors/Connector.php(85): Illuminate\\Database\\Connectors\\Connector->createPdoConnection()
#2 /home/cainan/Documents/wirechat-app/vendor/laravel/framework/src/Illuminate/Database/Connectors/Connector.php(48): Illuminate\\Database\\Connectors\\Connector->tryAgainIfCausedByLostConnection()
#3 /home/cainan/Documents/wirechat-app/vendor/laravel/framework/src/Illuminate/Database/Connectors/MySqlConnector.php(24): Illuminate\\Database\\Connectors\\Connector->createConnection()
#4 /home/cainan/Documents/wirechat-app/vendor/laravel/framework/src/Illuminate/Database/Connectors/ConnectionFactory.php(185): Illuminate\\Database\\Connectors\\MySqlConnector->connect()
#5 [internal function]: Illuminate\\Database\\Connectors\\ConnectionFactory->Illuminate\\Database\\Connectors\\{closure}()
#6 /home/cainan/Documents/wirechat-app/vendor/laravel/framework/src/Illuminate/Database/Connection.php(1231): call_user_func()
#7 /home/cainan/Documents/wirechat-app/vendor/laravel/framework/src/Illuminate/Database/Connection.php(1267): Illuminate\\Database\\Connection->getPdo()
#8 /home/cainan/Documents/wirechat-app/vendor/laravel/framework/src/Illuminate/Database/Connection.php(512): Illuminate\\Database\\Connection->getReadPdo()
#9 /home/cainan/Documents/wirechat-app/vendor/laravel/framework/src/Illuminate/Database/Connection.php(407): Illuminate\\Database\\Connection->getPdoForSelect()
#10 /home/cainan/Documents/wirechat-app/vendor/laravel/framework/src/Illuminate/Database/Connection.php(812): Illuminate\\Database\\Connection->Illuminate\\Database\\{closure}()
#11 /home/cainan/Documents/wirechat-app/vendor/laravel/framework/src/Illuminate/Database/Connection.php(979): Illuminate\\Database\\Connection->runQueryCallback()
#12 /home/cainan/Documents/wirechat-app/vendor/laravel/framework/src/Illuminate/Database/Connection.php(958): Illuminate\\Database\\Connection->tryAgainIfCausedByLostConnection()
#13 /home/cainan/Documents/wirechat-app/vendor/laravel/framework/src/Illuminate/Database/Connection.php(781): Illuminate\\Database\\Connection->handleQueryException()
#14 /home/cainan/Documents/wirechat-app/vendor/laravel/framework/src/Illuminate/Database/Connection.php(398): Illuminate\\Database\\Connection->run()
#15 /home/cainan/Documents/wirechat-app/vendor/laravel/framework/src/Illuminate/Database/Query/Builder.php(3133): Illuminate\\Database\\Connection->select()
#16 /home/cainan/Documents/wirechat-app/vendor/laravel/framework/src/Illuminate/Database/Query/Builder.php(3118): Illuminate\\Database\\Query\\Builder->runSelect()
#17 /home/cainan/Documents/wirechat-app/vendor/laravel/framework/src/Illuminate/Database/Query/Builder.php(3706): Illuminate\\Database\\Query\\Builder->Illuminate\\Database\\Query\\{closure}()
#18 /home/cainan/Documents/wirechat-app/vendor/laravel/framework/src/Illuminate/Database/Query/Builder.php(3117): Illuminate\\Database\\Query\\Builder->onceWithColumns()
#19 /home/cainan/Documents/wirechat-app/vendor/laravel/framework/src/Illuminate/Database/Concerns/BuildsQueries.php(344): Illuminate\\Database\\Query\\Builder->get()
#20 /home/cainan/Documents/wirechat-app/vendor/laravel/framework/src/Illuminate/Database/Query/Builder.php(3038): Illuminate\\Database\\Query\\Builder->first()
#21 /home/cainan/Documents/wirechat-app/vendor/laravel/framework/src/Illuminate/Session/DatabaseSessionHandler.php(97): Illuminate\\Database\\Query\\Builder->find()
#22 /home/cainan/Documents/wirechat-app/vendor/laravel/framework/src/Illuminate/Session/Store.php(114): Illuminate\\Session\\DatabaseSessionHandler->read()
#23 /home/cainan/Documents/wirechat-app/vendor/laravel/framework/src/Illuminate/Session/Store.php(102): Illuminate\\Session\\Store->readFromHandler()
#24 /home/cainan/Documents/wirechat-app/vendor/laravel/framework/src/Illuminate/Session/Store.php(86): Illuminate\\Session\\Store->loadSession()
#25 /home/cainan/Documents/wirechat-app/vendor/laravel/framework/src/Illuminate/Session/Middleware/StartSession.php(147): Illuminate\\Session\\Store->start()
#26 /home/cainan/Documents/wirechat-app/vendor/laravel/framework/src/Illuminate/Support/helpers.php(393): Illuminate\\Session\\Middleware\\StartSession->Illuminate\\Session\\Middleware\\{closure}()
#27 /home/cainan/Documents/wirechat-app/vendor/laravel/framework/src/Illuminate/Session/Middleware/StartSession.php(144): tap()
#28 /home/cainan/Documents/wirechat-app/vendor/laravel/framework/src/Illuminate/Session/Middleware/StartSession.php(116): Illuminate\\Session\\Middleware\\StartSession->startSession()
#29 /home/cainan/Documents/wirechat-app/vendor/laravel/framework/src/Illuminate/Session/Middleware/StartSession.php(64): Illuminate\\Session\\Middleware\\StartSession->handleStatefulRequest()
#30 /home/cainan/Documents/wirechat-app/vendor/laravel/framework/src/Illuminate/Pipeline/Pipeline.php(183): Illuminate\\Session\\Middleware\\StartSession->handle()
#31 /home/cainan/Documents/wirechat-app/vendor/laravel/framework/src/Illuminate/Cookie/Middleware/AddQueuedCookiesToResponse.php(37): Illuminate\\Pipeline\\Pipeline->Illuminate\\Pipeline\\{closure}()
#32 /home/cainan/Documents/wirechat-app/vendor/laravel/framework/src/Illuminate/Pipeline/Pipeline.php(183): Illuminate\\Cookie\\Middleware\\AddQueuedCookiesToResponse->handle()
#33 /home/cainan/Documents/wirechat-app/vendor/laravel/framework/src/Illuminate/Cookie/Middleware/EncryptCookies.php(75): Illuminate\\Pipeline\\Pipeline->Illuminate\\Pipeline\\{closure}()
#34 /home/cainan/Documents/wirechat-app/vendor/laravel/framework/src/Illuminate/Pipeline/Pipeline.php(183): Illuminate\\Cookie\\Middleware\\EncryptCookies->handle()
#35 /home/cainan/Documents/wirechat-app/vendor/laravel/framework/src/Illuminate/Pipeline/Pipeline.php(119): Illuminate\\Pipeline\\Pipeline->Illuminate\\Pipeline\\{closure}()
#36 /home/cainan/Documents/wirechat-app/vendor/laravel/framework/src/Illuminate/Routing/Router.php(807): Illuminate\\Pipeline\\Pipeline->then()
#37 /home/cainan/Documents/wirechat-app/vendor/laravel/framework/src/Illuminate/Routing/Router.php(786): Illuminate\\Routing\\Router->runRouteWithinStack()
#38 /home/cainan/Documents/wirechat-app/vendor/laravel/framework/src/Illuminate/Routing/Router.php(750): Illuminate\\Routing\\Router->runRoute()
#39 /home/cainan/Documents/wirechat-app/vendor/laravel/framework/src/Illuminate/Routing/Router.php(739): Illuminate\\Routing\\Router->dispatchToRoute()
#40 /home/cainan/Documents/wirechat-app/vendor/laravel/framework/src/Illuminate/Foundation/Http/Kernel.php(201): Illuminate\\Routing\\Router->dispatch()
#41 /home/cainan/Documents/wirechat-app/vendor/laravel/framework/src/Illuminate/Pipeline/Pipeline.php(144): Illuminate\\Foundation\\Http\\Kernel->Illuminate\\Foundation\\Http\\{closure}()
#42 /home/cainan/Documents/wirechat-app/vendor/livewire/livewire/src/Features/SupportDisablingBackButtonCache/DisableBackButtonCacheMiddleware.php(19): Illuminate\\Pipeline\\Pipeline->Illuminate\\Pipeline\\{closure}()
#43 /home/cainan/Documents/wirechat-app/vendor/laravel/framework/src/Illuminate/Pipeline/Pipeline.php(183): Livewire\\Features\\SupportDisablingBackButtonCache\\DisableBackButtonCacheMiddleware->handle()
#44 /home/cainan/Documents/wirechat-app/vendor/laravel/framework/src/Illuminate/Foundation/Http/Middleware/TransformsRequest.php(21): Illuminate\\Pipeline\\Pipeline->Illuminate\\Pipeline\\{closure}()
#45 /home/cainan/Documents/wirechat-app/vendor/laravel/framework/src/Illuminate/Foundation/Http/Middleware/ConvertEmptyStringsToNull.php(31): Illuminate\\Foundation\\Http\\Middleware\\TransformsRequest->handle()
#46 /home/cainan/Documents/wirechat-app/vendor/laravel/framework/src/Illuminate/Pipeline/Pipeline.php(183): Illuminate\\Foundation\\Http\\Middleware\\ConvertEmptyStringsToNull->handle()
#47 /home/cainan/Documents/wirechat-app/vendor/laravel/framework/src/Illuminate/Foundation/Http/Middleware/TransformsRequest.php(21): Illuminate\\Pipeline\\Pipeline->Illuminate\\Pipeline\\{closure}()
#48 /home/cainan/Documents/wirechat-app/vendor/laravel/framework/src/Illuminate/Foundation/Http/Middleware/TrimStrings.php(51): Illuminate\\Foundation\\Http\\Middleware\\TransformsRequest->handle()
#49 /home/cainan/Documents/wirechat-app/vendor/laravel/framework/src/Illuminate/Pipeline/Pipeline.php(183): Illuminate\\Foundation\\Http\\Middleware\\TrimStrings->handle()
#50 /home/cainan/Documents/wirechat-app/vendor/laravel/framework/src/Illuminate/Http/Middleware/ValidatePostSize.php(27): Illuminate\\Pipeline\\Pipeline->Illuminate\\Pipeline\\{closure}()
#51 /home/cainan/Documents/wirechat-app/vendor/laravel/framework/src/Illuminate/Pipeline/Pipeline.php(183): Illuminate\\Http\\Middleware\\ValidatePostSize->handle()
#52 /home/cainan/Documents/wirechat-app/vendor/laravel/framework/src/Illuminate/Foundation/Http/Middleware/PreventRequestsDuringMaintenance.php(110): Illuminate\\Pipeline\\Pipeline->Illuminate\\Pipeline\\{closure}()
#53 /home/cainan/Documents/wirechat-app/vendor/laravel/framework/src/Illuminate/Pipeline/Pipeline.php(183): Illuminate\\Foundation\\Http\\Middleware\\PreventRequestsDuringMaintenance->handle()
#54 /home/cainan/Documents/wirechat-app/vendor/laravel/framework/src/Illuminate/Http/Middleware/HandleCors.php(49): Illuminate\\Pipeline\\Pipeline->Illuminate\\Pipeline\\{closure}()
#55 /home/cainan/Documents/wirechat-app/vendor/laravel/framework/src/Illuminate/Pipeline/Pipeline.php(183): Illuminate\\Http\\Middleware\\HandleCors->handle()
#56 /home/cainan/Documents/wirechat-app/vendor/laravel/framework/src/Illuminate/Http/Middleware/TrustProxies.php(58): Illuminate\\Pipeline\\Pipeline->Illuminate\\Pipeline\\{closure}()
#57 /home/cainan/Documents/wirechat-app/vendor/laravel/framework/src/Illuminate/Pipeline/Pipeline.php(183): Illuminate\\Http\\Middleware\\TrustProxies->handle()
#58 /home/cainan/Documents/wirechat-app/vendor/laravel/framework/src/Illuminate/Foundation/Http/Middleware/InvokeDeferredCallbacks.php(22): Illuminate\\Pipeline\\Pipeline->Illuminate\\Pipeline\\{closure}()
#59 /home/cainan/Documents/wirechat-app/vendor/laravel/framework/src/Illuminate/Pipeline/Pipeline.php(183): Illuminate\\Foundation\\Http\\Middleware\\InvokeDeferredCallbacks->handle()
#60 /home/cainan/Documents/wirechat-app/vendor/laravel/framework/src/Illuminate/Pipeline/Pipeline.php(119): Illuminate\\Pipeline\\Pipeline->Illuminate\\Pipeline\\{closure}()
#61 /home/cainan/Documents/wirechat-app/vendor/laravel/framework/src/Illuminate/Foundation/Http/Kernel.php(176): Illuminate\\Pipeline\\Pipeline->then()
#62 /home/cainan/Documents/wirechat-app/vendor/laravel/framework/src/Illuminate/Foundation/Http/Kernel.php(145): Illuminate\\Foundation\\Http\\Kernel->sendRequestThroughRouter()
#63 /home/cainan/Documents/wirechat-app/vendor/laravel/framework/src/Illuminate/Foundation/Application.php(1190): Illuminate\\Foundation\\Http\\Kernel->handle()
#64 /home/cainan/Documents/wirechat-app/public/index.php(17): Illuminate\\Foundation\\Application->handleRequest()
#65 /home/cainan/Documents/wirechat-app/vendor/laravel/framework/src/Illuminate/Foundation/resources/server.php(23): require_once('...')
#66 {main}
"} 
[2024-12-16 21:26:14] local.ERROR: SQLSTATE[HY000] [2002] Network is unreachable (Connection: mysql, SQL: select * from `sessions` where `id` = zT3brD7sONxcdtHUrlFw9k3rcEUDQxYAbwDu2Xvb limit 1) {"exception":"[object] (Illuminate\\Database\\QueryException(code: 2002): SQLSTATE[HY000] [2002] Network is unreachable (Connection: mysql, SQL: select * from `sessions` where `id` = zT3brD7sONxcdtHUrlFw9k3rcEUDQxYAbwDu2Xvb limit 1) at /home/cainan/Documents/wirechat-app/vendor/laravel/framework/src/Illuminate/Database/Connection.php:825)
[stacktrace]
#0 /home/cainan/Documents/wirechat-app/vendor/laravel/framework/src/Illuminate/Database/Connection.php(979): Illuminate\\Database\\Connection->runQueryCallback()
#1 /home/cainan/Documents/wirechat-app/vendor/laravel/framework/src/Illuminate/Database/Connection.php(958): Illuminate\\Database\\Connection->tryAgainIfCausedByLostConnection()
#2 /home/cainan/Documents/wirechat-app/vendor/laravel/framework/src/Illuminate/Database/Connection.php(781): Illuminate\\Database\\Connection->handleQueryException()
#3 /home/cainan/Documents/wirechat-app/vendor/laravel/framework/src/Illuminate/Database/Connection.php(398): Illuminate\\Database\\Connection->run()
#4 /home/cainan/Documents/wirechat-app/vendor/laravel/framework/src/Illuminate/Database/Query/Builder.php(3133): Illuminate\\Database\\Connection->select()
#5 /home/cainan/Documents/wirechat-app/vendor/laravel/framework/src/Illuminate/Database/Query/Builder.php(3118): Illuminate\\Database\\Query\\Builder->runSelect()
#6 /home/cainan/Documents/wirechat-app/vendor/laravel/framework/src/Illuminate/Database/Query/Builder.php(3706): Illuminate\\Database\\Query\\Builder->Illuminate\\Database\\Query\\{closure}()
#7 /home/cainan/Documents/wirechat-app/vendor/laravel/framework/src/Illuminate/Database/Query/Builder.php(3117): Illuminate\\Database\\Query\\Builder->onceWithColumns()
#8 /home/cainan/Documents/wirechat-app/vendor/laravel/framework/src/Illuminate/Database/Concerns/BuildsQueries.php(344): Illuminate\\Database\\Query\\Builder->get()
#9 /home/cainan/Documents/wirechat-app/vendor/laravel/framework/src/Illuminate/Database/Query/Builder.php(3038): Illuminate\\Database\\Query\\Builder->first()
#10 /home/cainan/Documents/wirechat-app/vendor/laravel/framework/src/Illuminate/Session/DatabaseSessionHandler.php(97): Illuminate\\Database\\Query\\Builder->find()
#11 /home/cainan/Documents/wirechat-app/vendor/laravel/framework/src/Illuminate/Session/Store.php(114): Illuminate\\Session\\DatabaseSessionHandler->read()
#12 /home/cainan/Documents/wirechat-app/vendor/laravel/framework/src/Illuminate/Session/Store.php(102): Illuminate\\Session\\Store->readFromHandler()
#13 /home/cainan/Documents/wirechat-app/vendor/laravel/framework/src/Illuminate/Session/Store.php(86): Illuminate\\Session\\Store->loadSession()
#14 /home/cainan/Documents/wirechat-app/vendor/laravel/framework/src/Illuminate/Session/Middleware/StartSession.php(147): Illuminate\\Session\\Store->start()
#15 /home/cainan/Documents/wirechat-app/vendor/laravel/framework/src/Illuminate/Support/helpers.php(393): Illuminate\\Session\\Middleware\\StartSession->Illuminate\\Session\\Middleware\\{closure}()
#16 /home/cainan/Documents/wirechat-app/vendor/laravel/framework/src/Illuminate/Session/Middleware/StartSession.php(144): tap()
#17 /home/cainan/Documents/wirechat-app/vendor/laravel/framework/src/Illuminate/Session/Middleware/StartSession.php(116): Illuminate\\Session\\Middleware\\StartSession->startSession()
#18 /home/cainan/Documents/wirechat-app/vendor/laravel/framework/src/Illuminate/Session/Middleware/StartSession.php(64): Illuminate\\Session\\Middleware\\StartSession->handleStatefulRequest()
#19 /home/cainan/Documents/wirechat-app/vendor/laravel/framework/src/Illuminate/Pipeline/Pipeline.php(183): Illuminate\\Session\\Middleware\\StartSession->handle()
#20 /home/cainan/Documents/wirechat-app/vendor/laravel/framework/src/Illuminate/Cookie/Middleware/AddQueuedCookiesToResponse.php(37): Illuminate\\Pipeline\\Pipeline->Illuminate\\Pipeline\\{closure}()
#21 /home/cainan/Documents/wirechat-app/vendor/laravel/framework/src/Illuminate/Pipeline/Pipeline.php(183): Illuminate\\Cookie\\Middleware\\AddQueuedCookiesToResponse->handle()
#22 /home/cainan/Documents/wirechat-app/vendor/laravel/framework/src/Illuminate/Cookie/Middleware/EncryptCookies.php(75): Illuminate\\Pipeline\\Pipeline->Illuminate\\Pipeline\\{closure}()
#23 /home/cainan/Documents/wirechat-app/vendor/laravel/framework/src/Illuminate/Pipeline/Pipeline.php(183): Illuminate\\Cookie\\Middleware\\EncryptCookies->handle()
#24 /home/cainan/Documents/wirechat-app/vendor/laravel/framework/src/Illuminate/Pipeline/Pipeline.php(119): Illuminate\\Pipeline\\Pipeline->Illuminate\\Pipeline\\{closure}()
#25 /home/cainan/Documents/wirechat-app/vendor/laravel/framework/src/Illuminate/Routing/Router.php(807): Illuminate\\Pipeline\\Pipeline->then()
#26 /home/cainan/Documents/wirechat-app/vendor/laravel/framework/src/Illuminate/Routing/Router.php(786): Illuminate\\Routing\\Router->runRouteWithinStack()
#27 /home/cainan/Documents/wirechat-app/vendor/laravel/framework/src/Illuminate/Routing/Router.php(750): Illuminate\\Routing\\Router->runRoute()
#28 /home/cainan/Documents/wirechat-app/vendor/laravel/framework/src/Illuminate/Routing/Router.php(739): Illuminate\\Routing\\Router->dispatchToRoute()
#29 /home/cainan/Documents/wirechat-app/vendor/laravel/framework/src/Illuminate/Foundation/Http/Kernel.php(201): Illuminate\\Routing\\Router->dispatch()
#30 /home/cainan/Documents/wirechat-app/vendor/laravel/framework/src/Illuminate/Pipeline/Pipeline.php(144): Illuminate\\Foundation\\Http\\Kernel->Illuminate\\Foundation\\Http\\{closure}()
#31 /home/cainan/Documents/wirechat-app/vendor/livewire/livewire/src/Features/SupportDisablingBackButtonCache/DisableBackButtonCacheMiddleware.php(19): Illuminate\\Pipeline\\Pipeline->Illuminate\\Pipeline\\{closure}()
#32 /home/cainan/Documents/wirechat-app/vendor/laravel/framework/src/Illuminate/Pipeline/Pipeline.php(183): Livewire\\Features\\SupportDisablingBackButtonCache\\DisableBackButtonCacheMiddleware->handle()
#33 /home/cainan/Documents/wirechat-app/vendor/laravel/framework/src/Illuminate/Foundation/Http/Middleware/TransformsRequest.php(21): Illuminate\\Pipeline\\Pipeline->Illuminate\\Pipeline\\{closure}()
#34 /home/cainan/Documents/wirechat-app/vendor/laravel/framework/src/Illuminate/Foundation/Http/Middleware/ConvertEmptyStringsToNull.php(31): Illuminate\\Foundation\\Http\\Middleware\\TransformsRequest->handle()
#35 /home/cainan/Documents/wirechat-app/vendor/laravel/framework/src/Illuminate/Pipeline/Pipeline.php(183): Illuminate\\Foundation\\Http\\Middleware\\ConvertEmptyStringsToNull->handle()
#36 /home/cainan/Documents/wirechat-app/vendor/laravel/framework/src/Illuminate/Foundation/Http/Middleware/TransformsRequest.php(21): Illuminate\\Pipeline\\Pipeline->Illuminate\\Pipeline\\{closure}()
#37 /home/cainan/Documents/wirechat-app/vendor/laravel/framework/src/Illuminate/Foundation/Http/Middleware/TrimStrings.php(51): Illuminate\\Foundation\\Http\\Middleware\\TransformsRequest->handle()
#38 /home/cainan/Documents/wirechat-app/vendor/laravel/framework/src/Illuminate/Pipeline/Pipeline.php(183): Illuminate\\Foundation\\Http\\Middleware\\TrimStrings->handle()
#39 /home/cainan/Documents/wirechat-app/vendor/laravel/framework/src/Illuminate/Http/Middleware/ValidatePostSize.php(27): Illuminate\\Pipeline\\Pipeline->Illuminate\\Pipeline\\{closure}()
#40 /home/cainan/Documents/wirechat-app/vendor/laravel/framework/src/Illuminate/Pipeline/Pipeline.php(183): Illuminate\\Http\\Middleware\\ValidatePostSize->handle()
#41 /home/cainan/Documents/wirechat-app/vendor/laravel/framework/src/Illuminate/Foundation/Http/Middleware/PreventRequestsDuringMaintenance.php(110): Illuminate\\Pipeline\\Pipeline->Illuminate\\Pipeline\\{closure}()
#42 /home/cainan/Documents/wirechat-app/vendor/laravel/framework/src/Illuminate/Pipeline/Pipeline.php(183): Illuminate\\Foundation\\Http\\Middleware\\PreventRequestsDuringMaintenance->handle()
#43 /home/cainan/Documents/wirechat-app/vendor/laravel/framework/src/Illuminate/Http/Middleware/HandleCors.php(49): Illuminate\\Pipeline\\Pipeline->Illuminate\\Pipeline\\{closure}()
#44 /home/cainan/Documents/wirechat-app/vendor/laravel/framework/src/Illuminate/Pipeline/Pipeline.php(183): Illuminate\\Http\\Middleware\\HandleCors->handle()
#45 /home/cainan/Documents/wirechat-app/vendor/laravel/framework/src/Illuminate/Http/Middleware/TrustProxies.php(58): Illuminate\\Pipeline\\Pipeline->Illuminate\\Pipeline\\{closure}()
#46 /home/cainan/Documents/wirechat-app/vendor/laravel/framework/src/Illuminate/Pipeline/Pipeline.php(183): Illuminate\\Http\\Middleware\\TrustProxies->handle()
#47 /home/cainan/Documents/wirechat-app/vendor/laravel/framework/src/Illuminate/Foundation/Http/Middleware/InvokeDeferredCallbacks.php(22): Illuminate\\Pipeline\\Pipeline->Illuminate\\Pipeline\\{closure}()
#48 /home/cainan/Documents/wirechat-app/vendor/laravel/framework/src/Illuminate/Pipeline/Pipeline.php(183): Illuminate\\Foundation\\Http\\Middleware\\InvokeDeferredCallbacks->handle()
#49 /home/cainan/Documents/wirechat-app/vendor/laravel/framework/src/Illuminate/Pipeline/Pipeline.php(119): Illuminate\\Pipeline\\Pipeline->Illuminate\\Pipeline\\{closure}()
#50 /home/cainan/Documents/wirechat-app/vendor/laravel/framework/src/Illuminate/Foundation/Http/Kernel.php(176): Illuminate\\Pipeline\\Pipeline->then()
#51 /home/cainan/Documents/wirechat-app/vendor/laravel/framework/src/Illuminate/Foundation/Http/Kernel.php(145): Illuminate\\Foundation\\Http\\Kernel->sendRequestThroughRouter()
#52 /home/cainan/Documents/wirechat-app/vendor/laravel/framework/src/Illuminate/Foundation/Application.php(1190): Illuminate\\Foundation\\Http\\Kernel->handle()
#53 /home/cainan/Documents/wirechat-app/public/index.php(17): Illuminate\\Foundation\\Application->handleRequest()
#54 /home/cainan/Documents/wirechat-app/vendor/laravel/framework/src/Illuminate/Foundation/resources/server.php(23): require_once('...')
#55 {main}

[previous exception] [object] (PDOException(code: 2002): SQLSTATE[HY000] [2002] Network is unreachable at /home/cainan/Documents/wirechat-app/vendor/laravel/framework/src/Illuminate/Database/Connectors/Connector.php:66)
[stacktrace]
#0 /home/cainan/Documents/wirechat-app/vendor/laravel/framework/src/Illuminate/Database/Connectors/Connector.php(66): PDO->__construct()
#1 /home/cainan/Documents/wirechat-app/vendor/laravel/framework/src/Illuminate/Database/Connectors/Connector.php(85): Illuminate\\Database\\Connectors\\Connector->createPdoConnection()
#2 /home/cainan/Documents/wirechat-app/vendor/laravel/framework/src/Illuminate/Database/Connectors/Connector.php(48): Illuminate\\Database\\Connectors\\Connector->tryAgainIfCausedByLostConnection()
#3 /home/cainan/Documents/wirechat-app/vendor/laravel/framework/src/Illuminate/Database/Connectors/MySqlConnector.php(24): Illuminate\\Database\\Connectors\\Connector->createConnection()
#4 /home/cainan/Documents/wirechat-app/vendor/laravel/framework/src/Illuminate/Database/Connectors/ConnectionFactory.php(185): Illuminate\\Database\\Connectors\\MySqlConnector->connect()
#5 [internal function]: Illuminate\\Database\\Connectors\\ConnectionFactory->Illuminate\\Database\\Connectors\\{closure}()
#6 /home/cainan/Documents/wirechat-app/vendor/laravel/framework/src/Illuminate/Database/Connection.php(1231): call_user_func()
#7 /home/cainan/Documents/wirechat-app/vendor/laravel/framework/src/Illuminate/Database/Connection.php(1267): Illuminate\\Database\\Connection->getPdo()
#8 /home/cainan/Documents/wirechat-app/vendor/laravel/framework/src/Illuminate/Database/Connection.php(512): Illuminate\\Database\\Connection->getReadPdo()
#9 /home/cainan/Documents/wirechat-app/vendor/laravel/framework/src/Illuminate/Database/Connection.php(407): Illuminate\\Database\\Connection->getPdoForSelect()
#10 /home/cainan/Documents/wirechat-app/vendor/laravel/framework/src/Illuminate/Database/Connection.php(812): Illuminate\\Database\\Connection->Illuminate\\Database\\{closure}()
#11 /home/cainan/Documents/wirechat-app/vendor/laravel/framework/src/Illuminate/Database/Connection.php(979): Illuminate\\Database\\Connection->runQueryCallback()
#12 /home/cainan/Documents/wirechat-app/vendor/laravel/framework/src/Illuminate/Database/Connection.php(958): Illuminate\\Database\\Connection->tryAgainIfCausedByLostConnection()
#13 /home/cainan/Documents/wirechat-app/vendor/laravel/framework/src/Illuminate/Database/Connection.php(781): Illuminate\\Database\\Connection->handleQueryException()
#14 /home/cainan/Documents/wirechat-app/vendor/laravel/framework/src/Illuminate/Database/Connection.php(398): Illuminate\\Database\\Connection->run()
#15 /home/cainan/Documents/wirechat-app/vendor/laravel/framework/src/Illuminate/Database/Query/Builder.php(3133): Illuminate\\Database\\Connection->select()
#16 /home/cainan/Documents/wirechat-app/vendor/laravel/framework/src/Illuminate/Database/Query/Builder.php(3118): Illuminate\\Database\\Query\\Builder->runSelect()
#17 /home/cainan/Documents/wirechat-app/vendor/laravel/framework/src/Illuminate/Database/Query/Builder.php(3706): Illuminate\\Database\\Query\\Builder->Illuminate\\Database\\Query\\{closure}()
#18 /home/cainan/Documents/wirechat-app/vendor/laravel/framework/src/Illuminate/Database/Query/Builder.php(3117): Illuminate\\Database\\Query\\Builder->onceWithColumns()
#19 /home/cainan/Documents/wirechat-app/vendor/laravel/framework/src/Illuminate/Database/Concerns/BuildsQueries.php(344): Illuminate\\Database\\Query\\Builder->get()
#20 /home/cainan/Documents/wirechat-app/vendor/laravel/framework/src/Illuminate/Database/Query/Builder.php(3038): Illuminate\\Database\\Query\\Builder->first()
#21 /home/cainan/Documents/wirechat-app/vendor/laravel/framework/src/Illuminate/Session/DatabaseSessionHandler.php(97): Illuminate\\Database\\Query\\Builder->find()
#22 /home/cainan/Documents/wirechat-app/vendor/laravel/framework/src/Illuminate/Session/Store.php(114): Illuminate\\Session\\DatabaseSessionHandler->read()
#23 /home/cainan/Documents/wirechat-app/vendor/laravel/framework/src/Illuminate/Session/Store.php(102): Illuminate\\Session\\Store->readFromHandler()
#24 /home/cainan/Documents/wirechat-app/vendor/laravel/framework/src/Illuminate/Session/Store.php(86): Illuminate\\Session\\Store->loadSession()
#25 /home/cainan/Documents/wirechat-app/vendor/laravel/framework/src/Illuminate/Session/Middleware/StartSession.php(147): Illuminate\\Session\\Store->start()
#26 /home/cainan/Documents/wirechat-app/vendor/laravel/framework/src/Illuminate/Support/helpers.php(393): Illuminate\\Session\\Middleware\\StartSession->Illuminate\\Session\\Middleware\\{closure}()
#27 /home/cainan/Documents/wirechat-app/vendor/laravel/framework/src/Illuminate/Session/Middleware/StartSession.php(144): tap()
#28 /home/cainan/Documents/wirechat-app/vendor/laravel/framework/src/Illuminate/Session/Middleware/StartSession.php(116): Illuminate\\Session\\Middleware\\StartSession->startSession()
#29 /home/cainan/Documents/wirechat-app/vendor/laravel/framework/src/Illuminate/Session/Middleware/StartSession.php(64): Illuminate\\Session\\Middleware\\StartSession->handleStatefulRequest()
#30 /home/cainan/Documents/wirechat-app/vendor/laravel/framework/src/Illuminate/Pipeline/Pipeline.php(183): Illuminate\\Session\\Middleware\\StartSession->handle()
#31 /home/cainan/Documents/wirechat-app/vendor/laravel/framework/src/Illuminate/Cookie/Middleware/AddQueuedCookiesToResponse.php(37): Illuminate\\Pipeline\\Pipeline->Illuminate\\Pipeline\\{closure}()
#32 /home/cainan/Documents/wirechat-app/vendor/laravel/framework/src/Illuminate/Pipeline/Pipeline.php(183): Illuminate\\Cookie\\Middleware\\AddQueuedCookiesToResponse->handle()
#33 /home/cainan/Documents/wirechat-app/vendor/laravel/framework/src/Illuminate/Cookie/Middleware/EncryptCookies.php(75): Illuminate\\Pipeline\\Pipeline->Illuminate\\Pipeline\\{closure}()
#34 /home/cainan/Documents/wirechat-app/vendor/laravel/framework/src/Illuminate/Pipeline/Pipeline.php(183): Illuminate\\Cookie\\Middleware\\EncryptCookies->handle()
#35 /home/cainan/Documents/wirechat-app/vendor/laravel/framework/src/Illuminate/Pipeline/Pipeline.php(119): Illuminate\\Pipeline\\Pipeline->Illuminate\\Pipeline\\{closure}()
#36 /home/cainan/Documents/wirechat-app/vendor/laravel/framework/src/Illuminate/Routing/Router.php(807): Illuminate\\Pipeline\\Pipeline->then()
#37 /home/cainan/Documents/wirechat-app/vendor/laravel/framework/src/Illuminate/Routing/Router.php(786): Illuminate\\Routing\\Router->runRouteWithinStack()
#38 /home/cainan/Documents/wirechat-app/vendor/laravel/framework/src/Illuminate/Routing/Router.php(750): Illuminate\\Routing\\Router->runRoute()
#39 /home/cainan/Documents/wirechat-app/vendor/laravel/framework/src/Illuminate/Routing/Router.php(739): Illuminate\\Routing\\Router->dispatchToRoute()
#40 /home/cainan/Documents/wirechat-app/vendor/laravel/framework/src/Illuminate/Foundation/Http/Kernel.php(201): Illuminate\\Routing\\Router->dispatch()
#41 /home/cainan/Documents/wirechat-app/vendor/laravel/framework/src/Illuminate/Pipeline/Pipeline.php(144): Illuminate\\Foundation\\Http\\Kernel->Illuminate\\Foundation\\Http\\{closure}()
#42 /home/cainan/Documents/wirechat-app/vendor/livewire/livewire/src/Features/SupportDisablingBackButtonCache/DisableBackButtonCacheMiddleware.php(19): Illuminate\\Pipeline\\Pipeline->Illuminate\\Pipeline\\{closure}()
#43 /home/cainan/Documents/wirechat-app/vendor/laravel/framework/src/Illuminate/Pipeline/Pipeline.php(183): Livewire\\Features\\SupportDisablingBackButtonCache\\DisableBackButtonCacheMiddleware->handle()
#44 /home/cainan/Documents/wirechat-app/vendor/laravel/framework/src/Illuminate/Foundation/Http/Middleware/TransformsRequest.php(21): Illuminate\\Pipeline\\Pipeline->Illuminate\\Pipeline\\{closure}()
#45 /home/cainan/Documents/wirechat-app/vendor/laravel/framework/src/Illuminate/Foundation/Http/Middleware/ConvertEmptyStringsToNull.php(31): Illuminate\\Foundation\\Http\\Middleware\\TransformsRequest->handle()
#46 /home/cainan/Documents/wirechat-app/vendor/laravel/framework/src/Illuminate/Pipeline/Pipeline.php(183): Illuminate\\Foundation\\Http\\Middleware\\ConvertEmptyStringsToNull->handle()
#47 /home/cainan/Documents/wirechat-app/vendor/laravel/framework/src/Illuminate/Foundation/Http/Middleware/TransformsRequest.php(21): Illuminate\\Pipeline\\Pipeline->Illuminate\\Pipeline\\{closure}()
#48 /home/cainan/Documents/wirechat-app/vendor/laravel/framework/src/Illuminate/Foundation/Http/Middleware/TrimStrings.php(51): Illuminate\\Foundation\\Http\\Middleware\\TransformsRequest->handle()
#49 /home/cainan/Documents/wirechat-app/vendor/laravel/framework/src/Illuminate/Pipeline/Pipeline.php(183): Illuminate\\Foundation\\Http\\Middleware\\TrimStrings->handle()
#50 /home/cainan/Documents/wirechat-app/vendor/laravel/framework/src/Illuminate/Http/Middleware/ValidatePostSize.php(27): Illuminate\\Pipeline\\Pipeline->Illuminate\\Pipeline\\{closure}()
#51 /home/cainan/Documents/wirechat-app/vendor/laravel/framework/src/Illuminate/Pipeline/Pipeline.php(183): Illuminate\\Http\\Middleware\\ValidatePostSize->handle()
#52 /home/cainan/Documents/wirechat-app/vendor/laravel/framework/src/Illuminate/Foundation/Http/Middleware/PreventRequestsDuringMaintenance.php(110): Illuminate\\Pipeline\\Pipeline->Illuminate\\Pipeline\\{closure}()
#53 /home/cainan/Documents/wirechat-app/vendor/laravel/framework/src/Illuminate/Pipeline/Pipeline.php(183): Illuminate\\Foundation\\Http\\Middleware\\PreventRequestsDuringMaintenance->handle()
#54 /home/cainan/Documents/wirechat-app/vendor/laravel/framework/src/Illuminate/Http/Middleware/HandleCors.php(49): Illuminate\\Pipeline\\Pipeline->Illuminate\\Pipeline\\{closure}()
#55 /home/cainan/Documents/wirechat-app/vendor/laravel/framework/src/Illuminate/Pipeline/Pipeline.php(183): Illuminate\\Http\\Middleware\\HandleCors->handle()
#56 /home/cainan/Documents/wirechat-app/vendor/laravel/framework/src/Illuminate/Http/Middleware/TrustProxies.php(58): Illuminate\\Pipeline\\Pipeline->Illuminate\\Pipeline\\{closure}()
#57 /home/cainan/Documents/wirechat-app/vendor/laravel/framework/src/Illuminate/Pipeline/Pipeline.php(183): Illuminate\\Http\\Middleware\\TrustProxies->handle()
#58 /home/cainan/Documents/wirechat-app/vendor/laravel/framework/src/Illuminate/Foundation/Http/Middleware/InvokeDeferredCallbacks.php(22): Illuminate\\Pipeline\\Pipeline->Illuminate\\Pipeline\\{closure}()
#59 /home/cainan/Documents/wirechat-app/vendor/laravel/framework/src/Illuminate/Pipeline/Pipeline.php(183): Illuminate\\Foundation\\Http\\Middleware\\InvokeDeferredCallbacks->handle()
#60 /home/cainan/Documents/wirechat-app/vendor/laravel/framework/src/Illuminate/Pipeline/Pipeline.php(119): Illuminate\\Pipeline\\Pipeline->Illuminate\\Pipeline\\{closure}()
#61 /home/cainan/Documents/wirechat-app/vendor/laravel/framework/src/Illuminate/Foundation/Http/Kernel.php(176): Illuminate\\Pipeline\\Pipeline->then()
#62 /home/cainan/Documents/wirechat-app/vendor/laravel/framework/src/Illuminate/Foundation/Http/Kernel.php(145): Illuminate\\Foundation\\Http\\Kernel->sendRequestThroughRouter()
#63 /home/cainan/Documents/wirechat-app/vendor/laravel/framework/src/Illuminate/Foundation/Application.php(1190): Illuminate\\Foundation\\Http\\Kernel->handle()
#64 /home/cainan/Documents/wirechat-app/public/index.php(17): Illuminate\\Foundation\\Application->handleRequest()
#65 /home/cainan/Documents/wirechat-app/vendor/laravel/framework/src/Illuminate/Foundation/resources/server.php(23): require_once('...')
#66 {main}
"} 
[2024-12-16 21:32:46] local.ERROR: Pusher error: <!DOCTYPE html>
<html lang="en">
    <head>
        <meta charset="utf-8">
        <meta name="viewport" content="width=device-width, initial-scale=1">

        <title>Not Found</title>

        <style>
            /*! normalize.css v8.0.1 | MIT License | github.com/necolas/normalize.css */html{line-height:1.15;-webkit-text-size-adjust:100%}body{margin:0}a{background-color:transparent}code{font-family:monospace,monospace;font-size:1em}[hidden]{display:none}html{font-family:system-ui,-apple-system,BlinkMacSystemFont,Segoe UI,Roboto,Helvetica Neue,Arial,Noto Sans,sans-serif,Apple Color Emoji,Segoe UI Emoji,Segoe UI Symbol,Noto Color Emoji;line-height:1.5}*,:after,:before{box-sizing:border-box;border:0 solid #e2e8f0}a{color:inherit;text-decoration:inherit}code{font-family:Menlo,Monaco,Consolas,Liberation Mono,Courier New,monospace}svg,video{display:block;vertical-align:middle}video{max-width:100%;height:auto}.bg-white{--bg-opacity:1;background-color:#fff;background-color:rgba(255,255,255,var(--bg-opacity))}.bg-gray-100{--bg-opacity:1;background-color:#f7fafc;background-color:rgba(247,250,252,var(--bg-opacity))}.border-gray-200{--border-opacity:1;border-color:#edf2f7;border-color:rgba(237,242,247,var(--border-opacity))}.border-gray-400{--border-opacity:1;border-color:#cbd5e0;border-color:rgba(203,213,224,var(--border-opacity))}.border-t{border-top-width:1px}.border-r{border-right-width:1px}.flex{display:flex}.grid{display:grid}.hidden{display:none}.items-center{align-items:center}.justify-center{justify-content:center}.font-semibold{font-weight:600}.h-5{height:1.25rem}.h-8{height:2rem}.h-16{height:4rem}.text-sm{font-size:.875rem}.text-lg{font-size:1.125rem}.leading-7{line-height:1.75rem}.mx-auto{margin-left:auto;margin-right:auto}.ml-1{margin-left:.25rem}.mt-2{margin-top:.5rem}.mr-2{margin-right:.5rem}.ml-2{margin-left:.5rem}.mt-4{margin-top:1rem}.ml-4{margin-left:1rem}.mt-8{margin-top:2rem}.ml-12{margin-left:3rem}.-mt-px{margin-top:-1px}.max-w-xl{max-width:36rem}.max-w-6xl{max-width:72rem}.min-h-screen{min-height:100vh}.overflow-hidden{overflow:hidden}.p-6{padding:1.5rem}.py-4{padding-top:1rem;padding-bottom:1rem}.px-4{padding-left:1rem;padding-right:1rem}.px-6{padding-left:1.5rem;padding-right:1.5rem}.pt-8{padding-top:2rem}.fixed{position:fixed}.relative{position:relative}.top-0{top:0}.right-0{right:0}.shadow{box-shadow:0 1px 3px 0 rgba(0,0,0,.1),0 1px 2px 0 rgba(0,0,0,.06)}.text-center{text-align:center}.text-gray-200{--text-opacity:1;color:#edf2f7;color:rgba(237,242,247,var(--text-opacity))}.text-gray-300{--text-opacity:1;color:#e2e8f0;color:rgba(226,232,240,var(--text-opacity))}.text-gray-400{--text-opacity:1;color:#cbd5e0;color:rgba(203,213,224,var(--text-opacity))}.text-gray-500{--text-opacity:1;color:#a0aec0;color:rgba(160,174,192,var(--text-opacity))}.text-gray-600{--text-opacity:1;color:#718096;color:rgba(113,128,150,var(--text-opacity))}.text-gray-700{--text-opacity:1;color:#4a5568;color:rgba(74,85,104,var(--text-opacity))}.text-gray-900{--text-opacity:1;color:#1a202c;color:rgba(26,32,44,var(--text-opacity))}.uppercase{text-transform:uppercase}.underline{text-decoration:underline}.antialiased{-webkit-font-smoothing:antialiased;-moz-osx-font-smoothing:grayscale}.tracking-wider{letter-spacing:.05em}.w-5{width:1.25rem}.w-8{width:2rem}.w-auto{width:auto}.grid-cols-1{grid-template-columns:repeat(1,minmax(0,1fr))}@-webkit-keyframes spin{0%{transform:rotate(0deg)}to{transform:rotate(1turn)}}@keyframes spin{0%{transform:rotate(0deg)}to{transform:rotate(1turn)}}@-webkit-keyframes ping{0%{transform:scale(1);opacity:1}75%,to{transform:scale(2);opacity:0}}@keyframes ping{0%{transform:scale(1);opacity:1}75%,to{transform:scale(2);opacity:0}}@-webkit-keyframes pulse{0%,to{opacity:1}50%{opacity:.5}}@keyframes pulse{0%,to{opacity:1}50%{opacity:.5}}@-webkit-keyframes bounce{0%,to{transform:translateY(-25%);-webkit-animation-timing-function:cubic-bezier(.8,0,1,1);animation-timing-function:cubic-bezier(.8,0,1,1)}50%{transform:translateY(0);-webkit-animation-timing-function:cubic-bezier(0,0,.2,1);animation-timing-function:cubic-bezier(0,0,.2,1)}}@keyframes bounce{0%,to{transform:translateY(-25%);-webkit-animation-timing-function:cubic-bezier(.8,0,1,1);animation-timing-function:cubic-bezier(.8,0,1,1)}50%{transform:translateY(0);-webkit-animation-timing-function:cubic-bezier(0,0,.2,1);animation-timing-function:cubic-bezier(0,0,.2,1)}}@media (min-width:640px){.sm\:rounded-lg{border-radius:.5rem}.sm\:block{display:block}.sm\:items-center{align-items:center}.sm\:justify-start{justify-content:flex-start}.sm\:justify-between{justify-content:space-between}.sm\:h-20{height:5rem}.sm\:ml-0{margin-left:0}.sm\:px-6{padding-left:1.5rem;padding-right:1.5rem}.sm\:pt-0{padding-top:0}.sm\:text-left{text-align:left}.sm\:text-right{text-align:right}}@media (min-width:768px){.md\:border-t-0{border-top-width:0}.md\:border-l{border-left-width:1px}.md\:grid-cols-2{grid-template-columns:repeat(2,minmax(0,1fr))}}@media (min-width:1024px){.lg\:px-8{padding-left:2rem;padding-right:2rem}}@media (prefers-color-scheme:dark){.dark\:bg-gray-800{--bg-opacity:1;background-color:#2d3748;background-color:rgba(45,55,72,var(--bg-opacity))}.dark\:bg-gray-900{--bg-opacity:1;background-color:#1a202c;background-color:rgba(26,32,44,var(--bg-opacity))}.dark\:border-gray-700{--border-opacity:1;border-color:#4a5568;border-color:rgba(74,85,104,var(--border-opacity))}.dark\:text-white{--text-opacity:1;color:#fff;color:rgba(255,255,255,var(--text-opacity))}.dark\:text-gray-400{--text-opacity:1;color:#cbd5e0;color:rgba(203,213,224,var(--text-opacity))}}
        </style>

        <style>
            body {
                font-family: ui-sans-serif, system-ui, -apple-system, BlinkMacSystemFont, "Segoe UI", Roboto, "Helvetica Neue", Arial, "Noto Sans", sans-serif, "Apple Color Emoji", "Segoe UI Emoji", "Segoe UI Symbol", "Noto Color Emoji";
            }
        </style>
    </head>
    <body class="antialiased">
        <div class="relative flex items-top justify-center min-h-screen bg-gray-100 dark:bg-gray-900 sm:items-center sm:pt-0">
            <div class="max-w-xl mx-auto sm:px-6 lg:px-8">
                <div class="flex items-center pt-8 sm:justify-start sm:pt-0">
                    <div class="px-4 text-lg text-gray-500 border-r border-gray-400 tracking-wider">
                        404                    </div>

                    <div class="ml-4 text-lg text-gray-500 uppercase tracking-wider">
                        Not Found                    </div>
                </div>
            </div>
        </div>
    </body>
</html>
. {"exception":"[object] (Illuminate\\Broadcasting\\BroadcastException(code: 0): Pusher error: <!DOCTYPE html>
<html lang=\"en\">
    <head>
        <meta charset=\"utf-8\">
        <meta name=\"viewport\" content=\"width=device-width, initial-scale=1\">

        <title>Not Found</title>

        <style>
            /*! normalize.css v8.0.1 | MIT License | github.com/necolas/normalize.css */html{line-height:1.15;-webkit-text-size-adjust:100%}body{margin:0}a{background-color:transparent}code{font-family:monospace,monospace;font-size:1em}[hidden]{display:none}html{font-family:system-ui,-apple-system,BlinkMacSystemFont,Segoe UI,Roboto,Helvetica Neue,Arial,Noto Sans,sans-serif,Apple Color Emoji,Segoe UI Emoji,Segoe UI Symbol,Noto Color Emoji;line-height:1.5}*,:after,:before{box-sizing:border-box;border:0 solid #e2e8f0}a{color:inherit;text-decoration:inherit}code{font-family:Menlo,Monaco,Consolas,Liberation Mono,Courier New,monospace}svg,video{display:block;vertical-align:middle}video{max-width:100%;height:auto}.bg-white{--bg-opacity:1;background-color:#fff;background-color:rgba(255,255,255,var(--bg-opacity))}.bg-gray-100{--bg-opacity:1;background-color:#f7fafc;background-color:rgba(247,250,252,var(--bg-opacity))}.border-gray-200{--border-opacity:1;border-color:#edf2f7;border-color:rgba(237,242,247,var(--border-opacity))}.border-gray-400{--border-opacity:1;border-color:#cbd5e0;border-color:rgba(203,213,224,var(--border-opacity))}.border-t{border-top-width:1px}.border-r{border-right-width:1px}.flex{display:flex}.grid{display:grid}.hidden{display:none}.items-center{align-items:center}.justify-center{justify-content:center}.font-semibold{font-weight:600}.h-5{height:1.25rem}.h-8{height:2rem}.h-16{height:4rem}.text-sm{font-size:.875rem}.text-lg{font-size:1.125rem}.leading-7{line-height:1.75rem}.mx-auto{margin-left:auto;margin-right:auto}.ml-1{margin-left:.25rem}.mt-2{margin-top:.5rem}.mr-2{margin-right:.5rem}.ml-2{margin-left:.5rem}.mt-4{margin-top:1rem}.ml-4{margin-left:1rem}.mt-8{margin-top:2rem}.ml-12{margin-left:3rem}.-mt-px{margin-top:-1px}.max-w-xl{max-width:36rem}.max-w-6xl{max-width:72rem}.min-h-screen{min-height:100vh}.overflow-hidden{overflow:hidden}.p-6{padding:1.5rem}.py-4{padding-top:1rem;padding-bottom:1rem}.px-4{padding-left:1rem;padding-right:1rem}.px-6{padding-left:1.5rem;padding-right:1.5rem}.pt-8{padding-top:2rem}.fixed{position:fixed}.relative{position:relative}.top-0{top:0}.right-0{right:0}.shadow{box-shadow:0 1px 3px 0 rgba(0,0,0,.1),0 1px 2px 0 rgba(0,0,0,.06)}.text-center{text-align:center}.text-gray-200{--text-opacity:1;color:#edf2f7;color:rgba(237,242,247,var(--text-opacity))}.text-gray-300{--text-opacity:1;color:#e2e8f0;color:rgba(226,232,240,var(--text-opacity))}.text-gray-400{--text-opacity:1;color:#cbd5e0;color:rgba(203,213,224,var(--text-opacity))}.text-gray-500{--text-opacity:1;color:#a0aec0;color:rgba(160,174,192,var(--text-opacity))}.text-gray-600{--text-opacity:1;color:#718096;color:rgba(113,128,150,var(--text-opacity))}.text-gray-700{--text-opacity:1;color:#4a5568;color:rgba(74,85,104,var(--text-opacity))}.text-gray-900{--text-opacity:1;color:#1a202c;color:rgba(26,32,44,var(--text-opacity))}.uppercase{text-transform:uppercase}.underline{text-decoration:underline}.antialiased{-webkit-font-smoothing:antialiased;-moz-osx-font-smoothing:grayscale}.tracking-wider{letter-spacing:.05em}.w-5{width:1.25rem}.w-8{width:2rem}.w-auto{width:auto}.grid-cols-1{grid-template-columns:repeat(1,minmax(0,1fr))}@-webkit-keyframes spin{0%{transform:rotate(0deg)}to{transform:rotate(1turn)}}@keyframes spin{0%{transform:rotate(0deg)}to{transform:rotate(1turn)}}@-webkit-keyframes ping{0%{transform:scale(1);opacity:1}75%,to{transform:scale(2);opacity:0}}@keyframes ping{0%{transform:scale(1);opacity:1}75%,to{transform:scale(2);opacity:0}}@-webkit-keyframes pulse{0%,to{opacity:1}50%{opacity:.5}}@keyframes pulse{0%,to{opacity:1}50%{opacity:.5}}@-webkit-keyframes bounce{0%,to{transform:translateY(-25%);-webkit-animation-timing-function:cubic-bezier(.8,0,1,1);animation-timing-function:cubic-bezier(.8,0,1,1)}50%{transform:translateY(0);-webkit-animation-timing-function:cubic-bezier(0,0,.2,1);animation-timing-function:cubic-bezier(0,0,.2,1)}}@keyframes bounce{0%,to{transform:translateY(-25%);-webkit-animation-timing-function:cubic-bezier(.8,0,1,1);animation-timing-function:cubic-bezier(.8,0,1,1)}50%{transform:translateY(0);-webkit-animation-timing-function:cubic-bezier(0,0,.2,1);animation-timing-function:cubic-bezier(0,0,.2,1)}}@media (min-width:640px){.sm\\:rounded-lg{border-radius:.5rem}.sm\\:block{display:block}.sm\\:items-center{align-items:center}.sm\\:justify-start{justify-content:flex-start}.sm\\:justify-between{justify-content:space-between}.sm\\:h-20{height:5rem}.sm\\:ml-0{margin-left:0}.sm\\:px-6{padding-left:1.5rem;padding-right:1.5rem}.sm\\:pt-0{padding-top:0}.sm\\:text-left{text-align:left}.sm\\:text-right{text-align:right}}@media (min-width:768px){.md\\:border-t-0{border-top-width:0}.md\\:border-l{border-left-width:1px}.md\\:grid-cols-2{grid-template-columns:repeat(2,minmax(0,1fr))}}@media (min-width:1024px){.lg\\:px-8{padding-left:2rem;padding-right:2rem}}@media (prefers-color-scheme:dark){.dark\\:bg-gray-800{--bg-opacity:1;background-color:#2d3748;background-color:rgba(45,55,72,var(--bg-opacity))}.dark\\:bg-gray-900{--bg-opacity:1;background-color:#1a202c;background-color:rgba(26,32,44,var(--bg-opacity))}.dark\\:border-gray-700{--border-opacity:1;border-color:#4a5568;border-color:rgba(74,85,104,var(--border-opacity))}.dark\\:text-white{--text-opacity:1;color:#fff;color:rgba(255,255,255,var(--text-opacity))}.dark\\:text-gray-400{--text-opacity:1;color:#cbd5e0;color:rgba(203,213,224,var(--text-opacity))}}
        </style>

        <style>
            body {
                font-family: ui-sans-serif, system-ui, -apple-system, BlinkMacSystemFont, \"Segoe UI\", Roboto, \"Helvetica Neue\", Arial, \"Noto Sans\", sans-serif, \"Apple Color Emoji\", \"Segoe UI Emoji\", \"Segoe UI Symbol\", \"Noto Color Emoji\";
            }
        </style>
    </head>
    <body class=\"antialiased\">
        <div class=\"relative flex items-top justify-center min-h-screen bg-gray-100 dark:bg-gray-900 sm:items-center sm:pt-0\">
            <div class=\"max-w-xl mx-auto sm:px-6 lg:px-8\">
                <div class=\"flex items-center pt-8 sm:justify-start sm:pt-0\">
                    <div class=\"px-4 text-lg text-gray-500 border-r border-gray-400 tracking-wider\">
                        404                    </div>

                    <div class=\"ml-4 text-lg text-gray-500 uppercase tracking-wider\">
                        Not Found                    </div>
                </div>
            </div>
        </div>
    </body>
</html>
. at /home/cainan/Documents/wirechat-app/vendor/laravel/framework/src/Illuminate/Broadcasting/Broadcasters/PusherBroadcaster.php:164)
[stacktrace]
#0 /home/cainan/Documents/wirechat-app/vendor/laravel/framework/src/Illuminate/Broadcasting/BroadcastEvent.php(92): Illuminate\\Broadcasting\\Broadcasters\\PusherBroadcaster->broadcast()
#1 /home/cainan/Documents/wirechat-app/vendor/laravel/framework/src/Illuminate/Container/BoundMethod.php(36): Illuminate\\Broadcasting\\BroadcastEvent->handle()
#2 /home/cainan/Documents/wirechat-app/vendor/laravel/framework/src/Illuminate/Container/Util.php(43): Illuminate\\Container\\BoundMethod::Illuminate\\Container\\{closure}()
#3 /home/cainan/Documents/wirechat-app/vendor/laravel/framework/src/Illuminate/Container/BoundMethod.php(95): Illuminate\\Container\\Util::unwrapIfClosure()
#4 /home/cainan/Documents/wirechat-app/vendor/laravel/framework/src/Illuminate/Container/BoundMethod.php(35): Illuminate\\Container\\BoundMethod::callBoundMethod()
#5 /home/cainan/Documents/wirechat-app/vendor/laravel/framework/src/Illuminate/Container/Container.php(694): Illuminate\\Container\\BoundMethod::call()
#6 /home/cainan/Documents/wirechat-app/vendor/laravel/framework/src/Illuminate/Bus/Dispatcher.php(126): Illuminate\\Container\\Container->call()
#7 /home/cainan/Documents/wirechat-app/vendor/laravel/framework/src/Illuminate/Pipeline/Pipeline.php(144): Illuminate\\Bus\\Dispatcher->Illuminate\\Bus\\{closure}()
#8 /home/cainan/Documents/wirechat-app/vendor/laravel/framework/src/Illuminate/Pipeline/Pipeline.php(119): Illuminate\\Pipeline\\Pipeline->Illuminate\\Pipeline\\{closure}()
#9 /home/cainan/Documents/wirechat-app/vendor/laravel/framework/src/Illuminate/Bus/Dispatcher.php(130): Illuminate\\Pipeline\\Pipeline->then()
#10 /home/cainan/Documents/wirechat-app/vendor/laravel/framework/src/Illuminate/Queue/CallQueuedHandler.php(124): Illuminate\\Bus\\Dispatcher->dispatchNow()
#11 /home/cainan/Documents/wirechat-app/vendor/laravel/framework/src/Illuminate/Pipeline/Pipeline.php(144): Illuminate\\Queue\\CallQueuedHandler->Illuminate\\Queue\\{closure}()
#12 /home/cainan/Documents/wirechat-app/vendor/laravel/framework/src/Illuminate/Pipeline/Pipeline.php(119): Illuminate\\Pipeline\\Pipeline->Illuminate\\Pipeline\\{closure}()
#13 /home/cainan/Documents/wirechat-app/vendor/laravel/framework/src/Illuminate/Queue/CallQueuedHandler.php(123): Illuminate\\Pipeline\\Pipeline->then()
#14 /home/cainan/Documents/wirechat-app/vendor/laravel/framework/src/Illuminate/Queue/CallQueuedHandler.php(71): Illuminate\\Queue\\CallQueuedHandler->dispatchThroughMiddleware()
#15 /home/cainan/Documents/wirechat-app/vendor/laravel/framework/src/Illuminate/Queue/Jobs/Job.php(102): Illuminate\\Queue\\CallQueuedHandler->call()
#16 /home/cainan/Documents/wirechat-app/vendor/laravel/framework/src/Illuminate/Queue/Worker.php(441): Illuminate\\Queue\\Jobs\\Job->fire()
#17 /home/cainan/Documents/wirechat-app/vendor/laravel/framework/src/Illuminate/Queue/Worker.php(391): Illuminate\\Queue\\Worker->process()
#18 /home/cainan/Documents/wirechat-app/vendor/laravel/framework/src/Illuminate/Queue/Worker.php(178): Illuminate\\Queue\\Worker->runJob()
#19 /home/cainan/Documents/wirechat-app/vendor/laravel/framework/src/Illuminate/Queue/Console/WorkCommand.php(148): Illuminate\\Queue\\Worker->daemon()
#20 /home/cainan/Documents/wirechat-app/vendor/laravel/framework/src/Illuminate/Queue/Console/WorkCommand.php(131): Illuminate\\Queue\\Console\\WorkCommand->runWorker()
#21 /home/cainan/Documents/wirechat-app/vendor/laravel/framework/src/Illuminate/Container/BoundMethod.php(36): Illuminate\\Queue\\Console\\WorkCommand->handle()
#22 /home/cainan/Documents/wirechat-app/vendor/laravel/framework/src/Illuminate/Container/Util.php(43): Illuminate\\Container\\BoundMethod::Illuminate\\Container\\{closure}()
#23 /home/cainan/Documents/wirechat-app/vendor/laravel/framework/src/Illuminate/Container/BoundMethod.php(95): Illuminate\\Container\\Util::unwrapIfClosure()
#24 /home/cainan/Documents/wirechat-app/vendor/laravel/framework/src/Illuminate/Container/BoundMethod.php(35): Illuminate\\Container\\BoundMethod::callBoundMethod()
#25 /home/cainan/Documents/wirechat-app/vendor/laravel/framework/src/Illuminate/Container/Container.php(694): Illuminate\\Container\\BoundMethod::call()
#26 /home/cainan/Documents/wirechat-app/vendor/laravel/framework/src/Illuminate/Console/Command.php(213): Illuminate\\Container\\Container->call()
#27 /home/cainan/Documents/wirechat-app/vendor/symfony/console/Command/Command.php(279): Illuminate\\Console\\Command->execute()
#28 /home/cainan/Documents/wirechat-app/vendor/laravel/framework/src/Illuminate/Console/Command.php(182): Symfony\\Component\\Console\\Command\\Command->run()
#29 /home/cainan/Documents/wirechat-app/vendor/symfony/console/Application.php(1094): Illuminate\\Console\\Command->run()
#30 /home/cainan/Documents/wirechat-app/vendor/symfony/console/Application.php(342): Symfony\\Component\\Console\\Application->doRunCommand()
#31 /home/cainan/Documents/wirechat-app/vendor/symfony/console/Application.php(193): Symfony\\Component\\Console\\Application->doRun()
#32 /home/cainan/Documents/wirechat-app/vendor/laravel/framework/src/Illuminate/Foundation/Console/Kernel.php(198): Symfony\\Component\\Console\\Application->run()
#33 /home/cainan/Documents/wirechat-app/vendor/laravel/framework/src/Illuminate/Foundation/Application.php(1205): Illuminate\\Foundation\\Console\\Kernel->handle()
#34 /home/cainan/Documents/wirechat-app/artisan(13): Illuminate\\Foundation\\Application->handleCommand()
#35 {main}
"} 
[2024-12-16 21:32:51] local.ERROR: Pusher error: <!DOCTYPE html>
<html lang="en">
    <head>
        <meta charset="utf-8">
        <meta name="viewport" content="width=device-width, initial-scale=1">

        <title>Not Found</title>

        <style>
            /*! normalize.css v8.0.1 | MIT License | github.com/necolas/normalize.css */html{line-height:1.15;-webkit-text-size-adjust:100%}body{margin:0}a{background-color:transparent}code{font-family:monospace,monospace;font-size:1em}[hidden]{display:none}html{font-family:system-ui,-apple-system,BlinkMacSystemFont,Segoe UI,Roboto,Helvetica Neue,Arial,Noto Sans,sans-serif,Apple Color Emoji,Segoe UI Emoji,Segoe UI Symbol,Noto Color Emoji;line-height:1.5}*,:after,:before{box-sizing:border-box;border:0 solid #e2e8f0}a{color:inherit;text-decoration:inherit}code{font-family:Menlo,Monaco,Consolas,Liberation Mono,Courier New,monospace}svg,video{display:block;vertical-align:middle}video{max-width:100%;height:auto}.bg-white{--bg-opacity:1;background-color:#fff;background-color:rgba(255,255,255,var(--bg-opacity))}.bg-gray-100{--bg-opacity:1;background-color:#f7fafc;background-color:rgba(247,250,252,var(--bg-opacity))}.border-gray-200{--border-opacity:1;border-color:#edf2f7;border-color:rgba(237,242,247,var(--border-opacity))}.border-gray-400{--border-opacity:1;border-color:#cbd5e0;border-color:rgba(203,213,224,var(--border-opacity))}.border-t{border-top-width:1px}.border-r{border-right-width:1px}.flex{display:flex}.grid{display:grid}.hidden{display:none}.items-center{align-items:center}.justify-center{justify-content:center}.font-semibold{font-weight:600}.h-5{height:1.25rem}.h-8{height:2rem}.h-16{height:4rem}.text-sm{font-size:.875rem}.text-lg{font-size:1.125rem}.leading-7{line-height:1.75rem}.mx-auto{margin-left:auto;margin-right:auto}.ml-1{margin-left:.25rem}.mt-2{margin-top:.5rem}.mr-2{margin-right:.5rem}.ml-2{margin-left:.5rem}.mt-4{margin-top:1rem}.ml-4{margin-left:1rem}.mt-8{margin-top:2rem}.ml-12{margin-left:3rem}.-mt-px{margin-top:-1px}.max-w-xl{max-width:36rem}.max-w-6xl{max-width:72rem}.min-h-screen{min-height:100vh}.overflow-hidden{overflow:hidden}.p-6{padding:1.5rem}.py-4{padding-top:1rem;padding-bottom:1rem}.px-4{padding-left:1rem;padding-right:1rem}.px-6{padding-left:1.5rem;padding-right:1.5rem}.pt-8{padding-top:2rem}.fixed{position:fixed}.relative{position:relative}.top-0{top:0}.right-0{right:0}.shadow{box-shadow:0 1px 3px 0 rgba(0,0,0,.1),0 1px 2px 0 rgba(0,0,0,.06)}.text-center{text-align:center}.text-gray-200{--text-opacity:1;color:#edf2f7;color:rgba(237,242,247,var(--text-opacity))}.text-gray-300{--text-opacity:1;color:#e2e8f0;color:rgba(226,232,240,var(--text-opacity))}.text-gray-400{--text-opacity:1;color:#cbd5e0;color:rgba(203,213,224,var(--text-opacity))}.text-gray-500{--text-opacity:1;color:#a0aec0;color:rgba(160,174,192,var(--text-opacity))}.text-gray-600{--text-opacity:1;color:#718096;color:rgba(113,128,150,var(--text-opacity))}.text-gray-700{--text-opacity:1;color:#4a5568;color:rgba(74,85,104,var(--text-opacity))}.text-gray-900{--text-opacity:1;color:#1a202c;color:rgba(26,32,44,var(--text-opacity))}.uppercase{text-transform:uppercase}.underline{text-decoration:underline}.antialiased{-webkit-font-smoothing:antialiased;-moz-osx-font-smoothing:grayscale}.tracking-wider{letter-spacing:.05em}.w-5{width:1.25rem}.w-8{width:2rem}.w-auto{width:auto}.grid-cols-1{grid-template-columns:repeat(1,minmax(0,1fr))}@-webkit-keyframes spin{0%{transform:rotate(0deg)}to{transform:rotate(1turn)}}@keyframes spin{0%{transform:rotate(0deg)}to{transform:rotate(1turn)}}@-webkit-keyframes ping{0%{transform:scale(1);opacity:1}75%,to{transform:scale(2);opacity:0}}@keyframes ping{0%{transform:scale(1);opacity:1}75%,to{transform:scale(2);opacity:0}}@-webkit-keyframes pulse{0%,to{opacity:1}50%{opacity:.5}}@keyframes pulse{0%,to{opacity:1}50%{opacity:.5}}@-webkit-keyframes bounce{0%,to{transform:translateY(-25%);-webkit-animation-timing-function:cubic-bezier(.8,0,1,1);animation-timing-function:cubic-bezier(.8,0,1,1)}50%{transform:translateY(0);-webkit-animation-timing-function:cubic-bezier(0,0,.2,1);animation-timing-function:cubic-bezier(0,0,.2,1)}}@keyframes bounce{0%,to{transform:translateY(-25%);-webkit-animation-timing-function:cubic-bezier(.8,0,1,1);animation-timing-function:cubic-bezier(.8,0,1,1)}50%{transform:translateY(0);-webkit-animation-timing-function:cubic-bezier(0,0,.2,1);animation-timing-function:cubic-bezier(0,0,.2,1)}}@media (min-width:640px){.sm\:rounded-lg{border-radius:.5rem}.sm\:block{display:block}.sm\:items-center{align-items:center}.sm\:justify-start{justify-content:flex-start}.sm\:justify-between{justify-content:space-between}.sm\:h-20{height:5rem}.sm\:ml-0{margin-left:0}.sm\:px-6{padding-left:1.5rem;padding-right:1.5rem}.sm\:pt-0{padding-top:0}.sm\:text-left{text-align:left}.sm\:text-right{text-align:right}}@media (min-width:768px){.md\:border-t-0{border-top-width:0}.md\:border-l{border-left-width:1px}.md\:grid-cols-2{grid-template-columns:repeat(2,minmax(0,1fr))}}@media (min-width:1024px){.lg\:px-8{padding-left:2rem;padding-right:2rem}}@media (prefers-color-scheme:dark){.dark\:bg-gray-800{--bg-opacity:1;background-color:#2d3748;background-color:rgba(45,55,72,var(--bg-opacity))}.dark\:bg-gray-900{--bg-opacity:1;background-color:#1a202c;background-color:rgba(26,32,44,var(--bg-opacity))}.dark\:border-gray-700{--border-opacity:1;border-color:#4a5568;border-color:rgba(74,85,104,var(--border-opacity))}.dark\:text-white{--text-opacity:1;color:#fff;color:rgba(255,255,255,var(--text-opacity))}.dark\:text-gray-400{--text-opacity:1;color:#cbd5e0;color:rgba(203,213,224,var(--text-opacity))}}
        </style>

        <style>
            body {
                font-family: ui-sans-serif, system-ui, -apple-system, BlinkMacSystemFont, "Segoe UI", Roboto, "Helvetica Neue", Arial, "Noto Sans", sans-serif, "Apple Color Emoji", "Segoe UI Emoji", "Segoe UI Symbol", "Noto Color Emoji";
            }
        </style>
    </head>
    <body class="antialiased">
        <div class="relative flex items-top justify-center min-h-screen bg-gray-100 dark:bg-gray-900 sm:items-center sm:pt-0">
            <div class="max-w-xl mx-auto sm:px-6 lg:px-8">
                <div class="flex items-center pt-8 sm:justify-start sm:pt-0">
                    <div class="px-4 text-lg text-gray-500 border-r border-gray-400 tracking-wider">
                        404                    </div>

                    <div class="ml-4 text-lg text-gray-500 uppercase tracking-wider">
                        Not Found                    </div>
                </div>
            </div>
        </div>
    </body>
</html>
. {"exception":"[object] (Illuminate\\Broadcasting\\BroadcastException(code: 0): Pusher error: <!DOCTYPE html>
<html lang=\"en\">
    <head>
        <meta charset=\"utf-8\">
        <meta name=\"viewport\" content=\"width=device-width, initial-scale=1\">

        <title>Not Found</title>

        <style>
            /*! normalize.css v8.0.1 | MIT License | github.com/necolas/normalize.css */html{line-height:1.15;-webkit-text-size-adjust:100%}body{margin:0}a{background-color:transparent}code{font-family:monospace,monospace;font-size:1em}[hidden]{display:none}html{font-family:system-ui,-apple-system,BlinkMacSystemFont,Segoe UI,Roboto,Helvetica Neue,Arial,Noto Sans,sans-serif,Apple Color Emoji,Segoe UI Emoji,Segoe UI Symbol,Noto Color Emoji;line-height:1.5}*,:after,:before{box-sizing:border-box;border:0 solid #e2e8f0}a{color:inherit;text-decoration:inherit}code{font-family:Menlo,Monaco,Consolas,Liberation Mono,Courier New,monospace}svg,video{display:block;vertical-align:middle}video{max-width:100%;height:auto}.bg-white{--bg-opacity:1;background-color:#fff;background-color:rgba(255,255,255,var(--bg-opacity))}.bg-gray-100{--bg-opacity:1;background-color:#f7fafc;background-color:rgba(247,250,252,var(--bg-opacity))}.border-gray-200{--border-opacity:1;border-color:#edf2f7;border-color:rgba(237,242,247,var(--border-opacity))}.border-gray-400{--border-opacity:1;border-color:#cbd5e0;border-color:rgba(203,213,224,var(--border-opacity))}.border-t{border-top-width:1px}.border-r{border-right-width:1px}.flex{display:flex}.grid{display:grid}.hidden{display:none}.items-center{align-items:center}.justify-center{justify-content:center}.font-semibold{font-weight:600}.h-5{height:1.25rem}.h-8{height:2rem}.h-16{height:4rem}.text-sm{font-size:.875rem}.text-lg{font-size:1.125rem}.leading-7{line-height:1.75rem}.mx-auto{margin-left:auto;margin-right:auto}.ml-1{margin-left:.25rem}.mt-2{margin-top:.5rem}.mr-2{margin-right:.5rem}.ml-2{margin-left:.5rem}.mt-4{margin-top:1rem}.ml-4{margin-left:1rem}.mt-8{margin-top:2rem}.ml-12{margin-left:3rem}.-mt-px{margin-top:-1px}.max-w-xl{max-width:36rem}.max-w-6xl{max-width:72rem}.min-h-screen{min-height:100vh}.overflow-hidden{overflow:hidden}.p-6{padding:1.5rem}.py-4{padding-top:1rem;padding-bottom:1rem}.px-4{padding-left:1rem;padding-right:1rem}.px-6{padding-left:1.5rem;padding-right:1.5rem}.pt-8{padding-top:2rem}.fixed{position:fixed}.relative{position:relative}.top-0{top:0}.right-0{right:0}.shadow{box-shadow:0 1px 3px 0 rgba(0,0,0,.1),0 1px 2px 0 rgba(0,0,0,.06)}.text-center{text-align:center}.text-gray-200{--text-opacity:1;color:#edf2f7;color:rgba(237,242,247,var(--text-opacity))}.text-gray-300{--text-opacity:1;color:#e2e8f0;color:rgba(226,232,240,var(--text-opacity))}.text-gray-400{--text-opacity:1;color:#cbd5e0;color:rgba(203,213,224,var(--text-opacity))}.text-gray-500{--text-opacity:1;color:#a0aec0;color:rgba(160,174,192,var(--text-opacity))}.text-gray-600{--text-opacity:1;color:#718096;color:rgba(113,128,150,var(--text-opacity))}.text-gray-700{--text-opacity:1;color:#4a5568;color:rgba(74,85,104,var(--text-opacity))}.text-gray-900{--text-opacity:1;color:#1a202c;color:rgba(26,32,44,var(--text-opacity))}.uppercase{text-transform:uppercase}.underline{text-decoration:underline}.antialiased{-webkit-font-smoothing:antialiased;-moz-osx-font-smoothing:grayscale}.tracking-wider{letter-spacing:.05em}.w-5{width:1.25rem}.w-8{width:2rem}.w-auto{width:auto}.grid-cols-1{grid-template-columns:repeat(1,minmax(0,1fr))}@-webkit-keyframes spin{0%{transform:rotate(0deg)}to{transform:rotate(1turn)}}@keyframes spin{0%{transform:rotate(0deg)}to{transform:rotate(1turn)}}@-webkit-keyframes ping{0%{transform:scale(1);opacity:1}75%,to{transform:scale(2);opacity:0}}@keyframes ping{0%{transform:scale(1);opacity:1}75%,to{transform:scale(2);opacity:0}}@-webkit-keyframes pulse{0%,to{opacity:1}50%{opacity:.5}}@keyframes pulse{0%,to{opacity:1}50%{opacity:.5}}@-webkit-keyframes bounce{0%,to{transform:translateY(-25%);-webkit-animation-timing-function:cubic-bezier(.8,0,1,1);animation-timing-function:cubic-bezier(.8,0,1,1)}50%{transform:translateY(0);-webkit-animation-timing-function:cubic-bezier(0,0,.2,1);animation-timing-function:cubic-bezier(0,0,.2,1)}}@keyframes bounce{0%,to{transform:translateY(-25%);-webkit-animation-timing-function:cubic-bezier(.8,0,1,1);animation-timing-function:cubic-bezier(.8,0,1,1)}50%{transform:translateY(0);-webkit-animation-timing-function:cubic-bezier(0,0,.2,1);animation-timing-function:cubic-bezier(0,0,.2,1)}}@media (min-width:640px){.sm\\:rounded-lg{border-radius:.5rem}.sm\\:block{display:block}.sm\\:items-center{align-items:center}.sm\\:justify-start{justify-content:flex-start}.sm\\:justify-between{justify-content:space-between}.sm\\:h-20{height:5rem}.sm\\:ml-0{margin-left:0}.sm\\:px-6{padding-left:1.5rem;padding-right:1.5rem}.sm\\:pt-0{padding-top:0}.sm\\:text-left{text-align:left}.sm\\:text-right{text-align:right}}@media (min-width:768px){.md\\:border-t-0{border-top-width:0}.md\\:border-l{border-left-width:1px}.md\\:grid-cols-2{grid-template-columns:repeat(2,minmax(0,1fr))}}@media (min-width:1024px){.lg\\:px-8{padding-left:2rem;padding-right:2rem}}@media (prefers-color-scheme:dark){.dark\\:bg-gray-800{--bg-opacity:1;background-color:#2d3748;background-color:rgba(45,55,72,var(--bg-opacity))}.dark\\:bg-gray-900{--bg-opacity:1;background-color:#1a202c;background-color:rgba(26,32,44,var(--bg-opacity))}.dark\\:border-gray-700{--border-opacity:1;border-color:#4a5568;border-color:rgba(74,85,104,var(--border-opacity))}.dark\\:text-white{--text-opacity:1;color:#fff;color:rgba(255,255,255,var(--text-opacity))}.dark\\:text-gray-400{--text-opacity:1;color:#cbd5e0;color:rgba(203,213,224,var(--text-opacity))}}
        </style>

        <style>
            body {
                font-family: ui-sans-serif, system-ui, -apple-system, BlinkMacSystemFont, \"Segoe UI\", Roboto, \"Helvetica Neue\", Arial, \"Noto Sans\", sans-serif, \"Apple Color Emoji\", \"Segoe UI Emoji\", \"Segoe UI Symbol\", \"Noto Color Emoji\";
            }
        </style>
    </head>
    <body class=\"antialiased\">
        <div class=\"relative flex items-top justify-center min-h-screen bg-gray-100 dark:bg-gray-900 sm:items-center sm:pt-0\">
            <div class=\"max-w-xl mx-auto sm:px-6 lg:px-8\">
                <div class=\"flex items-center pt-8 sm:justify-start sm:pt-0\">
                    <div class=\"px-4 text-lg text-gray-500 border-r border-gray-400 tracking-wider\">
                        404                    </div>

                    <div class=\"ml-4 text-lg text-gray-500 uppercase tracking-wider\">
                        Not Found                    </div>
                </div>
            </div>
        </div>
    </body>
</html>
. at /home/cainan/Documents/wirechat-app/vendor/laravel/framework/src/Illuminate/Broadcasting/Broadcasters/PusherBroadcaster.php:164)
[stacktrace]
#0 /home/cainan/Documents/wirechat-app/vendor/laravel/framework/src/Illuminate/Broadcasting/BroadcastEvent.php(92): Illuminate\\Broadcasting\\Broadcasters\\PusherBroadcaster->broadcast()
#1 /home/cainan/Documents/wirechat-app/vendor/laravel/framework/src/Illuminate/Container/BoundMethod.php(36): Illuminate\\Broadcasting\\BroadcastEvent->handle()
#2 /home/cainan/Documents/wirechat-app/vendor/laravel/framework/src/Illuminate/Container/Util.php(43): Illuminate\\Container\\BoundMethod::Illuminate\\Container\\{closure}()
#3 /home/cainan/Documents/wirechat-app/vendor/laravel/framework/src/Illuminate/Container/BoundMethod.php(95): Illuminate\\Container\\Util::unwrapIfClosure()
#4 /home/cainan/Documents/wirechat-app/vendor/laravel/framework/src/Illuminate/Container/BoundMethod.php(35): Illuminate\\Container\\BoundMethod::callBoundMethod()
#5 /home/cainan/Documents/wirechat-app/vendor/laravel/framework/src/Illuminate/Container/Container.php(694): Illuminate\\Container\\BoundMethod::call()
#6 /home/cainan/Documents/wirechat-app/vendor/laravel/framework/src/Illuminate/Bus/Dispatcher.php(126): Illuminate\\Container\\Container->call()
#7 /home/cainan/Documents/wirechat-app/vendor/laravel/framework/src/Illuminate/Pipeline/Pipeline.php(144): Illuminate\\Bus\\Dispatcher->Illuminate\\Bus\\{closure}()
#8 /home/cainan/Documents/wirechat-app/vendor/laravel/framework/src/Illuminate/Pipeline/Pipeline.php(119): Illuminate\\Pipeline\\Pipeline->Illuminate\\Pipeline\\{closure}()
#9 /home/cainan/Documents/wirechat-app/vendor/laravel/framework/src/Illuminate/Bus/Dispatcher.php(130): Illuminate\\Pipeline\\Pipeline->then()
#10 /home/cainan/Documents/wirechat-app/vendor/laravel/framework/src/Illuminate/Broadcasting/BroadcastManager.php(182): Illuminate\\Bus\\Dispatcher->dispatchNow()
#11 /home/cainan/Documents/wirechat-app/vendor/laravel/framework/src/Illuminate/Events/Dispatcher.php(358): Illuminate\\Broadcasting\\BroadcastManager->queue()
#12 /home/cainan/Documents/wirechat-app/vendor/laravel/framework/src/Illuminate/Events/Dispatcher.php(281): Illuminate\\Events\\Dispatcher->broadcastEvent()
#13 /home/cainan/Documents/wirechat-app/vendor/laravel/framework/src/Illuminate/Events/Dispatcher.php(267): Illuminate\\Events\\Dispatcher->invokeListeners()
#14 /home/cainan/Documents/wirechat-app/vendor/laravel/framework/src/Illuminate/Broadcasting/PendingBroadcast.php(72): Illuminate\\Events\\Dispatcher->dispatch()
#15 /home/cainan/Documents/wirechat-app/vendor/laravel/framework/src/Illuminate/Foundation/helpers.php(223): Illuminate\\Broadcasting\\PendingBroadcast->__destruct()
#16 /home/cainan/Documents/wirechat-app/vendor/namu/wirechat/src/Jobs/NotifyParticipants.php(97): broadcast()
#17 /home/cainan/Documents/wirechat-app/vendor/laravel/framework/src/Illuminate/Database/Concerns/BuildsQueries.php(60): Namu\\WireChat\\Jobs\\NotifyParticipants->Namu\\WireChat\\Jobs\\{closure}()
#18 /home/cainan/Documents/wirechat-app/vendor/namu/wirechat/src/Jobs/NotifyParticipants.php(95): Illuminate\\Database\\Eloquent\\Builder->chunk()
#19 /home/cainan/Documents/wirechat-app/vendor/laravel/framework/src/Illuminate/Container/BoundMethod.php(36): Namu\\WireChat\\Jobs\\NotifyParticipants->handle()
#20 /home/cainan/Documents/wirechat-app/vendor/laravel/framework/src/Illuminate/Container/Util.php(43): Illuminate\\Container\\BoundMethod::Illuminate\\Container\\{closure}()
#21 /home/cainan/Documents/wirechat-app/vendor/laravel/framework/src/Illuminate/Container/BoundMethod.php(95): Illuminate\\Container\\Util::unwrapIfClosure()
#22 /home/cainan/Documents/wirechat-app/vendor/laravel/framework/src/Illuminate/Container/BoundMethod.php(35): Illuminate\\Container\\BoundMethod::callBoundMethod()
#23 /home/cainan/Documents/wirechat-app/vendor/laravel/framework/src/Illuminate/Container/Container.php(694): Illuminate\\Container\\BoundMethod::call()
#24 /home/cainan/Documents/wirechat-app/vendor/laravel/framework/src/Illuminate/Bus/Dispatcher.php(126): Illuminate\\Container\\Container->call()
#25 /home/cainan/Documents/wirechat-app/vendor/laravel/framework/src/Illuminate/Pipeline/Pipeline.php(144): Illuminate\\Bus\\Dispatcher->Illuminate\\Bus\\{closure}()
#26 /home/cainan/Documents/wirechat-app/vendor/laravel/framework/src/Illuminate/Pipeline/Pipeline.php(119): Illuminate\\Pipeline\\Pipeline->Illuminate\\Pipeline\\{closure}()
#27 /home/cainan/Documents/wirechat-app/vendor/laravel/framework/src/Illuminate/Bus/Dispatcher.php(130): Illuminate\\Pipeline\\Pipeline->then()
#28 /home/cainan/Documents/wirechat-app/vendor/laravel/framework/src/Illuminate/Queue/CallQueuedHandler.php(124): Illuminate\\Bus\\Dispatcher->dispatchNow()
#29 /home/cainan/Documents/wirechat-app/vendor/laravel/framework/src/Illuminate/Pipeline/Pipeline.php(144): Illuminate\\Queue\\CallQueuedHandler->Illuminate\\Queue\\{closure}()
#30 /home/cainan/Documents/wirechat-app/vendor/laravel/framework/src/Illuminate/Pipeline/Pipeline.php(119): Illuminate\\Pipeline\\Pipeline->Illuminate\\Pipeline\\{closure}()
#31 /home/cainan/Documents/wirechat-app/vendor/laravel/framework/src/Illuminate/Queue/CallQueuedHandler.php(123): Illuminate\\Pipeline\\Pipeline->then()
#32 /home/cainan/Documents/wirechat-app/vendor/laravel/framework/src/Illuminate/Queue/CallQueuedHandler.php(71): Illuminate\\Queue\\CallQueuedHandler->dispatchThroughMiddleware()
#33 /home/cainan/Documents/wirechat-app/vendor/laravel/framework/src/Illuminate/Queue/Jobs/Job.php(102): Illuminate\\Queue\\CallQueuedHandler->call()
#34 /home/cainan/Documents/wirechat-app/vendor/laravel/framework/src/Illuminate/Queue/Worker.php(441): Illuminate\\Queue\\Jobs\\Job->fire()
#35 /home/cainan/Documents/wirechat-app/vendor/laravel/framework/src/Illuminate/Queue/Worker.php(391): Illuminate\\Queue\\Worker->process()
#36 /home/cainan/Documents/wirechat-app/vendor/laravel/framework/src/Illuminate/Queue/Worker.php(178): Illuminate\\Queue\\Worker->runJob()
#37 /home/cainan/Documents/wirechat-app/vendor/laravel/framework/src/Illuminate/Queue/Console/WorkCommand.php(148): Illuminate\\Queue\\Worker->daemon()
#38 /home/cainan/Documents/wirechat-app/vendor/laravel/framework/src/Illuminate/Queue/Console/WorkCommand.php(131): Illuminate\\Queue\\Console\\WorkCommand->runWorker()
#39 /home/cainan/Documents/wirechat-app/vendor/laravel/framework/src/Illuminate/Container/BoundMethod.php(36): Illuminate\\Queue\\Console\\WorkCommand->handle()
#40 /home/cainan/Documents/wirechat-app/vendor/laravel/framework/src/Illuminate/Container/Util.php(43): Illuminate\\Container\\BoundMethod::Illuminate\\Container\\{closure}()
#41 /home/cainan/Documents/wirechat-app/vendor/laravel/framework/src/Illuminate/Container/BoundMethod.php(95): Illuminate\\Container\\Util::unwrapIfClosure()
#42 /home/cainan/Documents/wirechat-app/vendor/laravel/framework/src/Illuminate/Container/BoundMethod.php(35): Illuminate\\Container\\BoundMethod::callBoundMethod()
#43 /home/cainan/Documents/wirechat-app/vendor/laravel/framework/src/Illuminate/Container/Container.php(694): Illuminate\\Container\\BoundMethod::call()
#44 /home/cainan/Documents/wirechat-app/vendor/laravel/framework/src/Illuminate/Console/Command.php(213): Illuminate\\Container\\Container->call()
#45 /home/cainan/Documents/wirechat-app/vendor/symfony/console/Command/Command.php(279): Illuminate\\Console\\Command->execute()
#46 /home/cainan/Documents/wirechat-app/vendor/laravel/framework/src/Illuminate/Console/Command.php(182): Symfony\\Component\\Console\\Command\\Command->run()
#47 /home/cainan/Documents/wirechat-app/vendor/symfony/console/Application.php(1094): Illuminate\\Console\\Command->run()
#48 /home/cainan/Documents/wirechat-app/vendor/symfony/console/Application.php(342): Symfony\\Component\\Console\\Application->doRunCommand()
#49 /home/cainan/Documents/wirechat-app/vendor/symfony/console/Application.php(193): Symfony\\Component\\Console\\Application->doRun()
#50 /home/cainan/Documents/wirechat-app/vendor/laravel/framework/src/Illuminate/Foundation/Console/Kernel.php(198): Symfony\\Component\\Console\\Application->run()
#51 /home/cainan/Documents/wirechat-app/vendor/laravel/framework/src/Illuminate/Foundation/Application.php(1205): Illuminate\\Foundation\\Console\\Kernel->handle()
#52 /home/cainan/Documents/wirechat-app/artisan(13): Illuminate\\Foundation\\Application->handleCommand()
#53 {main}
"} 
[2024-12-16 21:34:31] local.ERROR: Pusher error: <!DOCTYPE html>
<html lang="en">
    <head>
        <meta charset="utf-8">
        <meta name="viewport" content="width=device-width, initial-scale=1">

        <title>Not Found</title>

        <style>
            /*! normalize.css v8.0.1 | MIT License | github.com/necolas/normalize.css */html{line-height:1.15;-webkit-text-size-adjust:100%}body{margin:0}a{background-color:transparent}code{font-family:monospace,monospace;font-size:1em}[hidden]{display:none}html{font-family:system-ui,-apple-system,BlinkMacSystemFont,Segoe UI,Roboto,Helvetica Neue,Arial,Noto Sans,sans-serif,Apple Color Emoji,Segoe UI Emoji,Segoe UI Symbol,Noto Color Emoji;line-height:1.5}*,:after,:before{box-sizing:border-box;border:0 solid #e2e8f0}a{color:inherit;text-decoration:inherit}code{font-family:Menlo,Monaco,Consolas,Liberation Mono,Courier New,monospace}svg,video{display:block;vertical-align:middle}video{max-width:100%;height:auto}.bg-white{--bg-opacity:1;background-color:#fff;background-color:rgba(255,255,255,var(--bg-opacity))}.bg-gray-100{--bg-opacity:1;background-color:#f7fafc;background-color:rgba(247,250,252,var(--bg-opacity))}.border-gray-200{--border-opacity:1;border-color:#edf2f7;border-color:rgba(237,242,247,var(--border-opacity))}.border-gray-400{--border-opacity:1;border-color:#cbd5e0;border-color:rgba(203,213,224,var(--border-opacity))}.border-t{border-top-width:1px}.border-r{border-right-width:1px}.flex{display:flex}.grid{display:grid}.hidden{display:none}.items-center{align-items:center}.justify-center{justify-content:center}.font-semibold{font-weight:600}.h-5{height:1.25rem}.h-8{height:2rem}.h-16{height:4rem}.text-sm{font-size:.875rem}.text-lg{font-size:1.125rem}.leading-7{line-height:1.75rem}.mx-auto{margin-left:auto;margin-right:auto}.ml-1{margin-left:.25rem}.mt-2{margin-top:.5rem}.mr-2{margin-right:.5rem}.ml-2{margin-left:.5rem}.mt-4{margin-top:1rem}.ml-4{margin-left:1rem}.mt-8{margin-top:2rem}.ml-12{margin-left:3rem}.-mt-px{margin-top:-1px}.max-w-xl{max-width:36rem}.max-w-6xl{max-width:72rem}.min-h-screen{min-height:100vh}.overflow-hidden{overflow:hidden}.p-6{padding:1.5rem}.py-4{padding-top:1rem;padding-bottom:1rem}.px-4{padding-left:1rem;padding-right:1rem}.px-6{padding-left:1.5rem;padding-right:1.5rem}.pt-8{padding-top:2rem}.fixed{position:fixed}.relative{position:relative}.top-0{top:0}.right-0{right:0}.shadow{box-shadow:0 1px 3px 0 rgba(0,0,0,.1),0 1px 2px 0 rgba(0,0,0,.06)}.text-center{text-align:center}.text-gray-200{--text-opacity:1;color:#edf2f7;color:rgba(237,242,247,var(--text-opacity))}.text-gray-300{--text-opacity:1;color:#e2e8f0;color:rgba(226,232,240,var(--text-opacity))}.text-gray-400{--text-opacity:1;color:#cbd5e0;color:rgba(203,213,224,var(--text-opacity))}.text-gray-500{--text-opacity:1;color:#a0aec0;color:rgba(160,174,192,var(--text-opacity))}.text-gray-600{--text-opacity:1;color:#718096;color:rgba(113,128,150,var(--text-opacity))}.text-gray-700{--text-opacity:1;color:#4a5568;color:rgba(74,85,104,var(--text-opacity))}.text-gray-900{--text-opacity:1;color:#1a202c;color:rgba(26,32,44,var(--text-opacity))}.uppercase{text-transform:uppercase}.underline{text-decoration:underline}.antialiased{-webkit-font-smoothing:antialiased;-moz-osx-font-smoothing:grayscale}.tracking-wider{letter-spacing:.05em}.w-5{width:1.25rem}.w-8{width:2rem}.w-auto{width:auto}.grid-cols-1{grid-template-columns:repeat(1,minmax(0,1fr))}@-webkit-keyframes spin{0%{transform:rotate(0deg)}to{transform:rotate(1turn)}}@keyframes spin{0%{transform:rotate(0deg)}to{transform:rotate(1turn)}}@-webkit-keyframes ping{0%{transform:scale(1);opacity:1}75%,to{transform:scale(2);opacity:0}}@keyframes ping{0%{transform:scale(1);opacity:1}75%,to{transform:scale(2);opacity:0}}@-webkit-keyframes pulse{0%,to{opacity:1}50%{opacity:.5}}@keyframes pulse{0%,to{opacity:1}50%{opacity:.5}}@-webkit-keyframes bounce{0%,to{transform:translateY(-25%);-webkit-animation-timing-function:cubic-bezier(.8,0,1,1);animation-timing-function:cubic-bezier(.8,0,1,1)}50%{transform:translateY(0);-webkit-animation-timing-function:cubic-bezier(0,0,.2,1);animation-timing-function:cubic-bezier(0,0,.2,1)}}@keyframes bounce{0%,to{transform:translateY(-25%);-webkit-animation-timing-function:cubic-bezier(.8,0,1,1);animation-timing-function:cubic-bezier(.8,0,1,1)}50%{transform:translateY(0);-webkit-animation-timing-function:cubic-bezier(0,0,.2,1);animation-timing-function:cubic-bezier(0,0,.2,1)}}@media (min-width:640px){.sm\:rounded-lg{border-radius:.5rem}.sm\:block{display:block}.sm\:items-center{align-items:center}.sm\:justify-start{justify-content:flex-start}.sm\:justify-between{justify-content:space-between}.sm\:h-20{height:5rem}.sm\:ml-0{margin-left:0}.sm\:px-6{padding-left:1.5rem;padding-right:1.5rem}.sm\:pt-0{padding-top:0}.sm\:text-left{text-align:left}.sm\:text-right{text-align:right}}@media (min-width:768px){.md\:border-t-0{border-top-width:0}.md\:border-l{border-left-width:1px}.md\:grid-cols-2{grid-template-columns:repeat(2,minmax(0,1fr))}}@media (min-width:1024px){.lg\:px-8{padding-left:2rem;padding-right:2rem}}@media (prefers-color-scheme:dark){.dark\:bg-gray-800{--bg-opacity:1;background-color:#2d3748;background-color:rgba(45,55,72,var(--bg-opacity))}.dark\:bg-gray-900{--bg-opacity:1;background-color:#1a202c;background-color:rgba(26,32,44,var(--bg-opacity))}.dark\:border-gray-700{--border-opacity:1;border-color:#4a5568;border-color:rgba(74,85,104,var(--border-opacity))}.dark\:text-white{--text-opacity:1;color:#fff;color:rgba(255,255,255,var(--text-opacity))}.dark\:text-gray-400{--text-opacity:1;color:#cbd5e0;color:rgba(203,213,224,var(--text-opacity))}}
        </style>

        <style>
            body {
                font-family: ui-sans-serif, system-ui, -apple-system, BlinkMacSystemFont, "Segoe UI", Roboto, "Helvetica Neue", Arial, "Noto Sans", sans-serif, "Apple Color Emoji", "Segoe UI Emoji", "Segoe UI Symbol", "Noto Color Emoji";
            }
        </style>
    </head>
    <body class="antialiased">
        <div class="relative flex items-top justify-center min-h-screen bg-gray-100 dark:bg-gray-900 sm:items-center sm:pt-0">
            <div class="max-w-xl mx-auto sm:px-6 lg:px-8">
                <div class="flex items-center pt-8 sm:justify-start sm:pt-0">
                    <div class="px-4 text-lg text-gray-500 border-r border-gray-400 tracking-wider">
                        404                    </div>

                    <div class="ml-4 text-lg text-gray-500 uppercase tracking-wider">
                        Not Found                    </div>
                </div>
            </div>
        </div>
    </body>
</html>
. {"exception":"[object] (Illuminate\\Broadcasting\\BroadcastException(code: 0): Pusher error: <!DOCTYPE html>
<html lang=\"en\">
    <head>
        <meta charset=\"utf-8\">
        <meta name=\"viewport\" content=\"width=device-width, initial-scale=1\">

        <title>Not Found</title>

        <style>
            /*! normalize.css v8.0.1 | MIT License | github.com/necolas/normalize.css */html{line-height:1.15;-webkit-text-size-adjust:100%}body{margin:0}a{background-color:transparent}code{font-family:monospace,monospace;font-size:1em}[hidden]{display:none}html{font-family:system-ui,-apple-system,BlinkMacSystemFont,Segoe UI,Roboto,Helvetica Neue,Arial,Noto Sans,sans-serif,Apple Color Emoji,Segoe UI Emoji,Segoe UI Symbol,Noto Color Emoji;line-height:1.5}*,:after,:before{box-sizing:border-box;border:0 solid #e2e8f0}a{color:inherit;text-decoration:inherit}code{font-family:Menlo,Monaco,Consolas,Liberation Mono,Courier New,monospace}svg,video{display:block;vertical-align:middle}video{max-width:100%;height:auto}.bg-white{--bg-opacity:1;background-color:#fff;background-color:rgba(255,255,255,var(--bg-opacity))}.bg-gray-100{--bg-opacity:1;background-color:#f7fafc;background-color:rgba(247,250,252,var(--bg-opacity))}.border-gray-200{--border-opacity:1;border-color:#edf2f7;border-color:rgba(237,242,247,var(--border-opacity))}.border-gray-400{--border-opacity:1;border-color:#cbd5e0;border-color:rgba(203,213,224,var(--border-opacity))}.border-t{border-top-width:1px}.border-r{border-right-width:1px}.flex{display:flex}.grid{display:grid}.hidden{display:none}.items-center{align-items:center}.justify-center{justify-content:center}.font-semibold{font-weight:600}.h-5{height:1.25rem}.h-8{height:2rem}.h-16{height:4rem}.text-sm{font-size:.875rem}.text-lg{font-size:1.125rem}.leading-7{line-height:1.75rem}.mx-auto{margin-left:auto;margin-right:auto}.ml-1{margin-left:.25rem}.mt-2{margin-top:.5rem}.mr-2{margin-right:.5rem}.ml-2{margin-left:.5rem}.mt-4{margin-top:1rem}.ml-4{margin-left:1rem}.mt-8{margin-top:2rem}.ml-12{margin-left:3rem}.-mt-px{margin-top:-1px}.max-w-xl{max-width:36rem}.max-w-6xl{max-width:72rem}.min-h-screen{min-height:100vh}.overflow-hidden{overflow:hidden}.p-6{padding:1.5rem}.py-4{padding-top:1rem;padding-bottom:1rem}.px-4{padding-left:1rem;padding-right:1rem}.px-6{padding-left:1.5rem;padding-right:1.5rem}.pt-8{padding-top:2rem}.fixed{position:fixed}.relative{position:relative}.top-0{top:0}.right-0{right:0}.shadow{box-shadow:0 1px 3px 0 rgba(0,0,0,.1),0 1px 2px 0 rgba(0,0,0,.06)}.text-center{text-align:center}.text-gray-200{--text-opacity:1;color:#edf2f7;color:rgba(237,242,247,var(--text-opacity))}.text-gray-300{--text-opacity:1;color:#e2e8f0;color:rgba(226,232,240,var(--text-opacity))}.text-gray-400{--text-opacity:1;color:#cbd5e0;color:rgba(203,213,224,var(--text-opacity))}.text-gray-500{--text-opacity:1;color:#a0aec0;color:rgba(160,174,192,var(--text-opacity))}.text-gray-600{--text-opacity:1;color:#718096;color:rgba(113,128,150,var(--text-opacity))}.text-gray-700{--text-opacity:1;color:#4a5568;color:rgba(74,85,104,var(--text-opacity))}.text-gray-900{--text-opacity:1;color:#1a202c;color:rgba(26,32,44,var(--text-opacity))}.uppercase{text-transform:uppercase}.underline{text-decoration:underline}.antialiased{-webkit-font-smoothing:antialiased;-moz-osx-font-smoothing:grayscale}.tracking-wider{letter-spacing:.05em}.w-5{width:1.25rem}.w-8{width:2rem}.w-auto{width:auto}.grid-cols-1{grid-template-columns:repeat(1,minmax(0,1fr))}@-webkit-keyframes spin{0%{transform:rotate(0deg)}to{transform:rotate(1turn)}}@keyframes spin{0%{transform:rotate(0deg)}to{transform:rotate(1turn)}}@-webkit-keyframes ping{0%{transform:scale(1);opacity:1}75%,to{transform:scale(2);opacity:0}}@keyframes ping{0%{transform:scale(1);opacity:1}75%,to{transform:scale(2);opacity:0}}@-webkit-keyframes pulse{0%,to{opacity:1}50%{opacity:.5}}@keyframes pulse{0%,to{opacity:1}50%{opacity:.5}}@-webkit-keyframes bounce{0%,to{transform:translateY(-25%);-webkit-animation-timing-function:cubic-bezier(.8,0,1,1);animation-timing-function:cubic-bezier(.8,0,1,1)}50%{transform:translateY(0);-webkit-animation-timing-function:cubic-bezier(0,0,.2,1);animation-timing-function:cubic-bezier(0,0,.2,1)}}@keyframes bounce{0%,to{transform:translateY(-25%);-webkit-animation-timing-function:cubic-bezier(.8,0,1,1);animation-timing-function:cubic-bezier(.8,0,1,1)}50%{transform:translateY(0);-webkit-animation-timing-function:cubic-bezier(0,0,.2,1);animation-timing-function:cubic-bezier(0,0,.2,1)}}@media (min-width:640px){.sm\\:rounded-lg{border-radius:.5rem}.sm\\:block{display:block}.sm\\:items-center{align-items:center}.sm\\:justify-start{justify-content:flex-start}.sm\\:justify-between{justify-content:space-between}.sm\\:h-20{height:5rem}.sm\\:ml-0{margin-left:0}.sm\\:px-6{padding-left:1.5rem;padding-right:1.5rem}.sm\\:pt-0{padding-top:0}.sm\\:text-left{text-align:left}.sm\\:text-right{text-align:right}}@media (min-width:768px){.md\\:border-t-0{border-top-width:0}.md\\:border-l{border-left-width:1px}.md\\:grid-cols-2{grid-template-columns:repeat(2,minmax(0,1fr))}}@media (min-width:1024px){.lg\\:px-8{padding-left:2rem;padding-right:2rem}}@media (prefers-color-scheme:dark){.dark\\:bg-gray-800{--bg-opacity:1;background-color:#2d3748;background-color:rgba(45,55,72,var(--bg-opacity))}.dark\\:bg-gray-900{--bg-opacity:1;background-color:#1a202c;background-color:rgba(26,32,44,var(--bg-opacity))}.dark\\:border-gray-700{--border-opacity:1;border-color:#4a5568;border-color:rgba(74,85,104,var(--border-opacity))}.dark\\:text-white{--text-opacity:1;color:#fff;color:rgba(255,255,255,var(--text-opacity))}.dark\\:text-gray-400{--text-opacity:1;color:#cbd5e0;color:rgba(203,213,224,var(--text-opacity))}}
        </style>

        <style>
            body {
                font-family: ui-sans-serif, system-ui, -apple-system, BlinkMacSystemFont, \"Segoe UI\", Roboto, \"Helvetica Neue\", Arial, \"Noto Sans\", sans-serif, \"Apple Color Emoji\", \"Segoe UI Emoji\", \"Segoe UI Symbol\", \"Noto Color Emoji\";
            }
        </style>
    </head>
    <body class=\"antialiased\">
        <div class=\"relative flex items-top justify-center min-h-screen bg-gray-100 dark:bg-gray-900 sm:items-center sm:pt-0\">
            <div class=\"max-w-xl mx-auto sm:px-6 lg:px-8\">
                <div class=\"flex items-center pt-8 sm:justify-start sm:pt-0\">
                    <div class=\"px-4 text-lg text-gray-500 border-r border-gray-400 tracking-wider\">
                        404                    </div>

                    <div class=\"ml-4 text-lg text-gray-500 uppercase tracking-wider\">
                        Not Found                    </div>
                </div>
            </div>
        </div>
    </body>
</html>
. at /home/cainan/Documents/wirechat-app/vendor/laravel/framework/src/Illuminate/Broadcasting/Broadcasters/PusherBroadcaster.php:164)
[stacktrace]
#0 /home/cainan/Documents/wirechat-app/vendor/laravel/framework/src/Illuminate/Broadcasting/BroadcastEvent.php(92): Illuminate\\Broadcasting\\Broadcasters\\PusherBroadcaster->broadcast()
#1 /home/cainan/Documents/wirechat-app/vendor/laravel/framework/src/Illuminate/Container/BoundMethod.php(36): Illuminate\\Broadcasting\\BroadcastEvent->handle()
#2 /home/cainan/Documents/wirechat-app/vendor/laravel/framework/src/Illuminate/Container/Util.php(43): Illuminate\\Container\\BoundMethod::Illuminate\\Container\\{closure}()
#3 /home/cainan/Documents/wirechat-app/vendor/laravel/framework/src/Illuminate/Container/BoundMethod.php(95): Illuminate\\Container\\Util::unwrapIfClosure()
#4 /home/cainan/Documents/wirechat-app/vendor/laravel/framework/src/Illuminate/Container/BoundMethod.php(35): Illuminate\\Container\\BoundMethod::callBoundMethod()
#5 /home/cainan/Documents/wirechat-app/vendor/laravel/framework/src/Illuminate/Container/Container.php(694): Illuminate\\Container\\BoundMethod::call()
#6 /home/cainan/Documents/wirechat-app/vendor/laravel/framework/src/Illuminate/Bus/Dispatcher.php(126): Illuminate\\Container\\Container->call()
#7 /home/cainan/Documents/wirechat-app/vendor/laravel/framework/src/Illuminate/Pipeline/Pipeline.php(144): Illuminate\\Bus\\Dispatcher->Illuminate\\Bus\\{closure}()
#8 /home/cainan/Documents/wirechat-app/vendor/laravel/framework/src/Illuminate/Pipeline/Pipeline.php(119): Illuminate\\Pipeline\\Pipeline->Illuminate\\Pipeline\\{closure}()
#9 /home/cainan/Documents/wirechat-app/vendor/laravel/framework/src/Illuminate/Bus/Dispatcher.php(130): Illuminate\\Pipeline\\Pipeline->then()
#10 /home/cainan/Documents/wirechat-app/vendor/laravel/framework/src/Illuminate/Queue/CallQueuedHandler.php(124): Illuminate\\Bus\\Dispatcher->dispatchNow()
#11 /home/cainan/Documents/wirechat-app/vendor/laravel/framework/src/Illuminate/Pipeline/Pipeline.php(144): Illuminate\\Queue\\CallQueuedHandler->Illuminate\\Queue\\{closure}()
#12 /home/cainan/Documents/wirechat-app/vendor/laravel/framework/src/Illuminate/Pipeline/Pipeline.php(119): Illuminate\\Pipeline\\Pipeline->Illuminate\\Pipeline\\{closure}()
#13 /home/cainan/Documents/wirechat-app/vendor/laravel/framework/src/Illuminate/Queue/CallQueuedHandler.php(123): Illuminate\\Pipeline\\Pipeline->then()
#14 /home/cainan/Documents/wirechat-app/vendor/laravel/framework/src/Illuminate/Queue/CallQueuedHandler.php(71): Illuminate\\Queue\\CallQueuedHandler->dispatchThroughMiddleware()
#15 /home/cainan/Documents/wirechat-app/vendor/laravel/framework/src/Illuminate/Queue/Jobs/Job.php(102): Illuminate\\Queue\\CallQueuedHandler->call()
#16 /home/cainan/Documents/wirechat-app/vendor/laravel/framework/src/Illuminate/Queue/Worker.php(441): Illuminate\\Queue\\Jobs\\Job->fire()
#17 /home/cainan/Documents/wirechat-app/vendor/laravel/framework/src/Illuminate/Queue/Worker.php(391): Illuminate\\Queue\\Worker->process()
#18 /home/cainan/Documents/wirechat-app/vendor/laravel/framework/src/Illuminate/Queue/Worker.php(178): Illuminate\\Queue\\Worker->runJob()
#19 /home/cainan/Documents/wirechat-app/vendor/laravel/framework/src/Illuminate/Queue/Console/WorkCommand.php(148): Illuminate\\Queue\\Worker->daemon()
#20 /home/cainan/Documents/wirechat-app/vendor/laravel/framework/src/Illuminate/Queue/Console/WorkCommand.php(131): Illuminate\\Queue\\Console\\WorkCommand->runWorker()
#21 /home/cainan/Documents/wirechat-app/vendor/laravel/framework/src/Illuminate/Container/BoundMethod.php(36): Illuminate\\Queue\\Console\\WorkCommand->handle()
#22 /home/cainan/Documents/wirechat-app/vendor/laravel/framework/src/Illuminate/Container/Util.php(43): Illuminate\\Container\\BoundMethod::Illuminate\\Container\\{closure}()
#23 /home/cainan/Documents/wirechat-app/vendor/laravel/framework/src/Illuminate/Container/BoundMethod.php(95): Illuminate\\Container\\Util::unwrapIfClosure()
#24 /home/cainan/Documents/wirechat-app/vendor/laravel/framework/src/Illuminate/Container/BoundMethod.php(35): Illuminate\\Container\\BoundMethod::callBoundMethod()
#25 /home/cainan/Documents/wirechat-app/vendor/laravel/framework/src/Illuminate/Container/Container.php(694): Illuminate\\Container\\BoundMethod::call()
#26 /home/cainan/Documents/wirechat-app/vendor/laravel/framework/src/Illuminate/Console/Command.php(213): Illuminate\\Container\\Container->call()
#27 /home/cainan/Documents/wirechat-app/vendor/symfony/console/Command/Command.php(279): Illuminate\\Console\\Command->execute()
#28 /home/cainan/Documents/wirechat-app/vendor/laravel/framework/src/Illuminate/Console/Command.php(182): Symfony\\Component\\Console\\Command\\Command->run()
#29 /home/cainan/Documents/wirechat-app/vendor/symfony/console/Application.php(1094): Illuminate\\Console\\Command->run()
#30 /home/cainan/Documents/wirechat-app/vendor/symfony/console/Application.php(342): Symfony\\Component\\Console\\Application->doRunCommand()
#31 /home/cainan/Documents/wirechat-app/vendor/symfony/console/Application.php(193): Symfony\\Component\\Console\\Application->doRun()
#32 /home/cainan/Documents/wirechat-app/vendor/laravel/framework/src/Illuminate/Foundation/Console/Kernel.php(198): Symfony\\Component\\Console\\Application->run()
#33 /home/cainan/Documents/wirechat-app/vendor/laravel/framework/src/Illuminate/Foundation/Application.php(1205): Illuminate\\Foundation\\Console\\Kernel->handle()
#34 /home/cainan/Documents/wirechat-app/artisan(13): Illuminate\\Foundation\\Application->handleCommand()
#35 {main}
"} 
[2024-12-16 21:34:36] local.ERROR: Pusher error: <!DOCTYPE html>
<html lang="en">
    <head>
        <meta charset="utf-8">
        <meta name="viewport" content="width=device-width, initial-scale=1">

        <title>Not Found</title>

        <style>
            /*! normalize.css v8.0.1 | MIT License | github.com/necolas/normalize.css */html{line-height:1.15;-webkit-text-size-adjust:100%}body{margin:0}a{background-color:transparent}code{font-family:monospace,monospace;font-size:1em}[hidden]{display:none}html{font-family:system-ui,-apple-system,BlinkMacSystemFont,Segoe UI,Roboto,Helvetica Neue,Arial,Noto Sans,sans-serif,Apple Color Emoji,Segoe UI Emoji,Segoe UI Symbol,Noto Color Emoji;line-height:1.5}*,:after,:before{box-sizing:border-box;border:0 solid #e2e8f0}a{color:inherit;text-decoration:inherit}code{font-family:Menlo,Monaco,Consolas,Liberation Mono,Courier New,monospace}svg,video{display:block;vertical-align:middle}video{max-width:100%;height:auto}.bg-white{--bg-opacity:1;background-color:#fff;background-color:rgba(255,255,255,var(--bg-opacity))}.bg-gray-100{--bg-opacity:1;background-color:#f7fafc;background-color:rgba(247,250,252,var(--bg-opacity))}.border-gray-200{--border-opacity:1;border-color:#edf2f7;border-color:rgba(237,242,247,var(--border-opacity))}.border-gray-400{--border-opacity:1;border-color:#cbd5e0;border-color:rgba(203,213,224,var(--border-opacity))}.border-t{border-top-width:1px}.border-r{border-right-width:1px}.flex{display:flex}.grid{display:grid}.hidden{display:none}.items-center{align-items:center}.justify-center{justify-content:center}.font-semibold{font-weight:600}.h-5{height:1.25rem}.h-8{height:2rem}.h-16{height:4rem}.text-sm{font-size:.875rem}.text-lg{font-size:1.125rem}.leading-7{line-height:1.75rem}.mx-auto{margin-left:auto;margin-right:auto}.ml-1{margin-left:.25rem}.mt-2{margin-top:.5rem}.mr-2{margin-right:.5rem}.ml-2{margin-left:.5rem}.mt-4{margin-top:1rem}.ml-4{margin-left:1rem}.mt-8{margin-top:2rem}.ml-12{margin-left:3rem}.-mt-px{margin-top:-1px}.max-w-xl{max-width:36rem}.max-w-6xl{max-width:72rem}.min-h-screen{min-height:100vh}.overflow-hidden{overflow:hidden}.p-6{padding:1.5rem}.py-4{padding-top:1rem;padding-bottom:1rem}.px-4{padding-left:1rem;padding-right:1rem}.px-6{padding-left:1.5rem;padding-right:1.5rem}.pt-8{padding-top:2rem}.fixed{position:fixed}.relative{position:relative}.top-0{top:0}.right-0{right:0}.shadow{box-shadow:0 1px 3px 0 rgba(0,0,0,.1),0 1px 2px 0 rgba(0,0,0,.06)}.text-center{text-align:center}.text-gray-200{--text-opacity:1;color:#edf2f7;color:rgba(237,242,247,var(--text-opacity))}.text-gray-300{--text-opacity:1;color:#e2e8f0;color:rgba(226,232,240,var(--text-opacity))}.text-gray-400{--text-opacity:1;color:#cbd5e0;color:rgba(203,213,224,var(--text-opacity))}.text-gray-500{--text-opacity:1;color:#a0aec0;color:rgba(160,174,192,var(--text-opacity))}.text-gray-600{--text-opacity:1;color:#718096;color:rgba(113,128,150,var(--text-opacity))}.text-gray-700{--text-opacity:1;color:#4a5568;color:rgba(74,85,104,var(--text-opacity))}.text-gray-900{--text-opacity:1;color:#1a202c;color:rgba(26,32,44,var(--text-opacity))}.uppercase{text-transform:uppercase}.underline{text-decoration:underline}.antialiased{-webkit-font-smoothing:antialiased;-moz-osx-font-smoothing:grayscale}.tracking-wider{letter-spacing:.05em}.w-5{width:1.25rem}.w-8{width:2rem}.w-auto{width:auto}.grid-cols-1{grid-template-columns:repeat(1,minmax(0,1fr))}@-webkit-keyframes spin{0%{transform:rotate(0deg)}to{transform:rotate(1turn)}}@keyframes spin{0%{transform:rotate(0deg)}to{transform:rotate(1turn)}}@-webkit-keyframes ping{0%{transform:scale(1);opacity:1}75%,to{transform:scale(2);opacity:0}}@keyframes ping{0%{transform:scale(1);opacity:1}75%,to{transform:scale(2);opacity:0}}@-webkit-keyframes pulse{0%,to{opacity:1}50%{opacity:.5}}@keyframes pulse{0%,to{opacity:1}50%{opacity:.5}}@-webkit-keyframes bounce{0%,to{transform:translateY(-25%);-webkit-animation-timing-function:cubic-bezier(.8,0,1,1);animation-timing-function:cubic-bezier(.8,0,1,1)}50%{transform:translateY(0);-webkit-animation-timing-function:cubic-bezier(0,0,.2,1);animation-timing-function:cubic-bezier(0,0,.2,1)}}@keyframes bounce{0%,to{transform:translateY(-25%);-webkit-animation-timing-function:cubic-bezier(.8,0,1,1);animation-timing-function:cubic-bezier(.8,0,1,1)}50%{transform:translateY(0);-webkit-animation-timing-function:cubic-bezier(0,0,.2,1);animation-timing-function:cubic-bezier(0,0,.2,1)}}@media (min-width:640px){.sm\:rounded-lg{border-radius:.5rem}.sm\:block{display:block}.sm\:items-center{align-items:center}.sm\:justify-start{justify-content:flex-start}.sm\:justify-between{justify-content:space-between}.sm\:h-20{height:5rem}.sm\:ml-0{margin-left:0}.sm\:px-6{padding-left:1.5rem;padding-right:1.5rem}.sm\:pt-0{padding-top:0}.sm\:text-left{text-align:left}.sm\:text-right{text-align:right}}@media (min-width:768px){.md\:border-t-0{border-top-width:0}.md\:border-l{border-left-width:1px}.md\:grid-cols-2{grid-template-columns:repeat(2,minmax(0,1fr))}}@media (min-width:1024px){.lg\:px-8{padding-left:2rem;padding-right:2rem}}@media (prefers-color-scheme:dark){.dark\:bg-gray-800{--bg-opacity:1;background-color:#2d3748;background-color:rgba(45,55,72,var(--bg-opacity))}.dark\:bg-gray-900{--bg-opacity:1;background-color:#1a202c;background-color:rgba(26,32,44,var(--bg-opacity))}.dark\:border-gray-700{--border-opacity:1;border-color:#4a5568;border-color:rgba(74,85,104,var(--border-opacity))}.dark\:text-white{--text-opacity:1;color:#fff;color:rgba(255,255,255,var(--text-opacity))}.dark\:text-gray-400{--text-opacity:1;color:#cbd5e0;color:rgba(203,213,224,var(--text-opacity))}}
        </style>

        <style>
            body {
                font-family: ui-sans-serif, system-ui, -apple-system, BlinkMacSystemFont, "Segoe UI", Roboto, "Helvetica Neue", Arial, "Noto Sans", sans-serif, "Apple Color Emoji", "Segoe UI Emoji", "Segoe UI Symbol", "Noto Color Emoji";
            }
        </style>
    </head>
    <body class="antialiased">
        <div class="relative flex items-top justify-center min-h-screen bg-gray-100 dark:bg-gray-900 sm:items-center sm:pt-0">
            <div class="max-w-xl mx-auto sm:px-6 lg:px-8">
                <div class="flex items-center pt-8 sm:justify-start sm:pt-0">
                    <div class="px-4 text-lg text-gray-500 border-r border-gray-400 tracking-wider">
                        404                    </div>

                    <div class="ml-4 text-lg text-gray-500 uppercase tracking-wider">
                        Not Found                    </div>
                </div>
            </div>
        </div>
    </body>
</html>
. {"exception":"[object] (Illuminate\\Broadcasting\\BroadcastException(code: 0): Pusher error: <!DOCTYPE html>
<html lang=\"en\">
    <head>
        <meta charset=\"utf-8\">
        <meta name=\"viewport\" content=\"width=device-width, initial-scale=1\">

        <title>Not Found</title>

        <style>
            /*! normalize.css v8.0.1 | MIT License | github.com/necolas/normalize.css */html{line-height:1.15;-webkit-text-size-adjust:100%}body{margin:0}a{background-color:transparent}code{font-family:monospace,monospace;font-size:1em}[hidden]{display:none}html{font-family:system-ui,-apple-system,BlinkMacSystemFont,Segoe UI,Roboto,Helvetica Neue,Arial,Noto Sans,sans-serif,Apple Color Emoji,Segoe UI Emoji,Segoe UI Symbol,Noto Color Emoji;line-height:1.5}*,:after,:before{box-sizing:border-box;border:0 solid #e2e8f0}a{color:inherit;text-decoration:inherit}code{font-family:Menlo,Monaco,Consolas,Liberation Mono,Courier New,monospace}svg,video{display:block;vertical-align:middle}video{max-width:100%;height:auto}.bg-white{--bg-opacity:1;background-color:#fff;background-color:rgba(255,255,255,var(--bg-opacity))}.bg-gray-100{--bg-opacity:1;background-color:#f7fafc;background-color:rgba(247,250,252,var(--bg-opacity))}.border-gray-200{--border-opacity:1;border-color:#edf2f7;border-color:rgba(237,242,247,var(--border-opacity))}.border-gray-400{--border-opacity:1;border-color:#cbd5e0;border-color:rgba(203,213,224,var(--border-opacity))}.border-t{border-top-width:1px}.border-r{border-right-width:1px}.flex{display:flex}.grid{display:grid}.hidden{display:none}.items-center{align-items:center}.justify-center{justify-content:center}.font-semibold{font-weight:600}.h-5{height:1.25rem}.h-8{height:2rem}.h-16{height:4rem}.text-sm{font-size:.875rem}.text-lg{font-size:1.125rem}.leading-7{line-height:1.75rem}.mx-auto{margin-left:auto;margin-right:auto}.ml-1{margin-left:.25rem}.mt-2{margin-top:.5rem}.mr-2{margin-right:.5rem}.ml-2{margin-left:.5rem}.mt-4{margin-top:1rem}.ml-4{margin-left:1rem}.mt-8{margin-top:2rem}.ml-12{margin-left:3rem}.-mt-px{margin-top:-1px}.max-w-xl{max-width:36rem}.max-w-6xl{max-width:72rem}.min-h-screen{min-height:100vh}.overflow-hidden{overflow:hidden}.p-6{padding:1.5rem}.py-4{padding-top:1rem;padding-bottom:1rem}.px-4{padding-left:1rem;padding-right:1rem}.px-6{padding-left:1.5rem;padding-right:1.5rem}.pt-8{padding-top:2rem}.fixed{position:fixed}.relative{position:relative}.top-0{top:0}.right-0{right:0}.shadow{box-shadow:0 1px 3px 0 rgba(0,0,0,.1),0 1px 2px 0 rgba(0,0,0,.06)}.text-center{text-align:center}.text-gray-200{--text-opacity:1;color:#edf2f7;color:rgba(237,242,247,var(--text-opacity))}.text-gray-300{--text-opacity:1;color:#e2e8f0;color:rgba(226,232,240,var(--text-opacity))}.text-gray-400{--text-opacity:1;color:#cbd5e0;color:rgba(203,213,224,var(--text-opacity))}.text-gray-500{--text-opacity:1;color:#a0aec0;color:rgba(160,174,192,var(--text-opacity))}.text-gray-600{--text-opacity:1;color:#718096;color:rgba(113,128,150,var(--text-opacity))}.text-gray-700{--text-opacity:1;color:#4a5568;color:rgba(74,85,104,var(--text-opacity))}.text-gray-900{--text-opacity:1;color:#1a202c;color:rgba(26,32,44,var(--text-opacity))}.uppercase{text-transform:uppercase}.underline{text-decoration:underline}.antialiased{-webkit-font-smoothing:antialiased;-moz-osx-font-smoothing:grayscale}.tracking-wider{letter-spacing:.05em}.w-5{width:1.25rem}.w-8{width:2rem}.w-auto{width:auto}.grid-cols-1{grid-template-columns:repeat(1,minmax(0,1fr))}@-webkit-keyframes spin{0%{transform:rotate(0deg)}to{transform:rotate(1turn)}}@keyframes spin{0%{transform:rotate(0deg)}to{transform:rotate(1turn)}}@-webkit-keyframes ping{0%{transform:scale(1);opacity:1}75%,to{transform:scale(2);opacity:0}}@keyframes ping{0%{transform:scale(1);opacity:1}75%,to{transform:scale(2);opacity:0}}@-webkit-keyframes pulse{0%,to{opacity:1}50%{opacity:.5}}@keyframes pulse{0%,to{opacity:1}50%{opacity:.5}}@-webkit-keyframes bounce{0%,to{transform:translateY(-25%);-webkit-animation-timing-function:cubic-bezier(.8,0,1,1);animation-timing-function:cubic-bezier(.8,0,1,1)}50%{transform:translateY(0);-webkit-animation-timing-function:cubic-bezier(0,0,.2,1);animation-timing-function:cubic-bezier(0,0,.2,1)}}@keyframes bounce{0%,to{transform:translateY(-25%);-webkit-animation-timing-function:cubic-bezier(.8,0,1,1);animation-timing-function:cubic-bezier(.8,0,1,1)}50%{transform:translateY(0);-webkit-animation-timing-function:cubic-bezier(0,0,.2,1);animation-timing-function:cubic-bezier(0,0,.2,1)}}@media (min-width:640px){.sm\\:rounded-lg{border-radius:.5rem}.sm\\:block{display:block}.sm\\:items-center{align-items:center}.sm\\:justify-start{justify-content:flex-start}.sm\\:justify-between{justify-content:space-between}.sm\\:h-20{height:5rem}.sm\\:ml-0{margin-left:0}.sm\\:px-6{padding-left:1.5rem;padding-right:1.5rem}.sm\\:pt-0{padding-top:0}.sm\\:text-left{text-align:left}.sm\\:text-right{text-align:right}}@media (min-width:768px){.md\\:border-t-0{border-top-width:0}.md\\:border-l{border-left-width:1px}.md\\:grid-cols-2{grid-template-columns:repeat(2,minmax(0,1fr))}}@media (min-width:1024px){.lg\\:px-8{padding-left:2rem;padding-right:2rem}}@media (prefers-color-scheme:dark){.dark\\:bg-gray-800{--bg-opacity:1;background-color:#2d3748;background-color:rgba(45,55,72,var(--bg-opacity))}.dark\\:bg-gray-900{--bg-opacity:1;background-color:#1a202c;background-color:rgba(26,32,44,var(--bg-opacity))}.dark\\:border-gray-700{--border-opacity:1;border-color:#4a5568;border-color:rgba(74,85,104,var(--border-opacity))}.dark\\:text-white{--text-opacity:1;color:#fff;color:rgba(255,255,255,var(--text-opacity))}.dark\\:text-gray-400{--text-opacity:1;color:#cbd5e0;color:rgba(203,213,224,var(--text-opacity))}}
        </style>

        <style>
            body {
                font-family: ui-sans-serif, system-ui, -apple-system, BlinkMacSystemFont, \"Segoe UI\", Roboto, \"Helvetica Neue\", Arial, \"Noto Sans\", sans-serif, \"Apple Color Emoji\", \"Segoe UI Emoji\", \"Segoe UI Symbol\", \"Noto Color Emoji\";
            }
        </style>
    </head>
    <body class=\"antialiased\">
        <div class=\"relative flex items-top justify-center min-h-screen bg-gray-100 dark:bg-gray-900 sm:items-center sm:pt-0\">
            <div class=\"max-w-xl mx-auto sm:px-6 lg:px-8\">
                <div class=\"flex items-center pt-8 sm:justify-start sm:pt-0\">
                    <div class=\"px-4 text-lg text-gray-500 border-r border-gray-400 tracking-wider\">
                        404                    </div>

                    <div class=\"ml-4 text-lg text-gray-500 uppercase tracking-wider\">
                        Not Found                    </div>
                </div>
            </div>
        </div>
    </body>
</html>
. at /home/cainan/Documents/wirechat-app/vendor/laravel/framework/src/Illuminate/Broadcasting/Broadcasters/PusherBroadcaster.php:164)
[stacktrace]
#0 /home/cainan/Documents/wirechat-app/vendor/laravel/framework/src/Illuminate/Broadcasting/BroadcastEvent.php(92): Illuminate\\Broadcasting\\Broadcasters\\PusherBroadcaster->broadcast()
#1 /home/cainan/Documents/wirechat-app/vendor/laravel/framework/src/Illuminate/Container/BoundMethod.php(36): Illuminate\\Broadcasting\\BroadcastEvent->handle()
#2 /home/cainan/Documents/wirechat-app/vendor/laravel/framework/src/Illuminate/Container/Util.php(43): Illuminate\\Container\\BoundMethod::Illuminate\\Container\\{closure}()
#3 /home/cainan/Documents/wirechat-app/vendor/laravel/framework/src/Illuminate/Container/BoundMethod.php(95): Illuminate\\Container\\Util::unwrapIfClosure()
#4 /home/cainan/Documents/wirechat-app/vendor/laravel/framework/src/Illuminate/Container/BoundMethod.php(35): Illuminate\\Container\\BoundMethod::callBoundMethod()
#5 /home/cainan/Documents/wirechat-app/vendor/laravel/framework/src/Illuminate/Container/Container.php(694): Illuminate\\Container\\BoundMethod::call()
#6 /home/cainan/Documents/wirechat-app/vendor/laravel/framework/src/Illuminate/Bus/Dispatcher.php(126): Illuminate\\Container\\Container->call()
#7 /home/cainan/Documents/wirechat-app/vendor/laravel/framework/src/Illuminate/Pipeline/Pipeline.php(144): Illuminate\\Bus\\Dispatcher->Illuminate\\Bus\\{closure}()
#8 /home/cainan/Documents/wirechat-app/vendor/laravel/framework/src/Illuminate/Pipeline/Pipeline.php(119): Illuminate\\Pipeline\\Pipeline->Illuminate\\Pipeline\\{closure}()
#9 /home/cainan/Documents/wirechat-app/vendor/laravel/framework/src/Illuminate/Bus/Dispatcher.php(130): Illuminate\\Pipeline\\Pipeline->then()
#10 /home/cainan/Documents/wirechat-app/vendor/laravel/framework/src/Illuminate/Broadcasting/BroadcastManager.php(182): Illuminate\\Bus\\Dispatcher->dispatchNow()
#11 /home/cainan/Documents/wirechat-app/vendor/laravel/framework/src/Illuminate/Events/Dispatcher.php(358): Illuminate\\Broadcasting\\BroadcastManager->queue()
#12 /home/cainan/Documents/wirechat-app/vendor/laravel/framework/src/Illuminate/Events/Dispatcher.php(281): Illuminate\\Events\\Dispatcher->broadcastEvent()
#13 /home/cainan/Documents/wirechat-app/vendor/laravel/framework/src/Illuminate/Events/Dispatcher.php(267): Illuminate\\Events\\Dispatcher->invokeListeners()
#14 /home/cainan/Documents/wirechat-app/vendor/laravel/framework/src/Illuminate/Broadcasting/PendingBroadcast.php(72): Illuminate\\Events\\Dispatcher->dispatch()
#15 /home/cainan/Documents/wirechat-app/vendor/laravel/framework/src/Illuminate/Foundation/helpers.php(223): Illuminate\\Broadcasting\\PendingBroadcast->__destruct()
#16 /home/cainan/Documents/wirechat-app/vendor/namu/wirechat/src/Jobs/NotifyParticipants.php(97): broadcast()
#17 /home/cainan/Documents/wirechat-app/vendor/laravel/framework/src/Illuminate/Database/Concerns/BuildsQueries.php(60): Namu\\WireChat\\Jobs\\NotifyParticipants->Namu\\WireChat\\Jobs\\{closure}()
#18 /home/cainan/Documents/wirechat-app/vendor/namu/wirechat/src/Jobs/NotifyParticipants.php(95): Illuminate\\Database\\Eloquent\\Builder->chunk()
#19 /home/cainan/Documents/wirechat-app/vendor/laravel/framework/src/Illuminate/Container/BoundMethod.php(36): Namu\\WireChat\\Jobs\\NotifyParticipants->handle()
#20 /home/cainan/Documents/wirechat-app/vendor/laravel/framework/src/Illuminate/Container/Util.php(43): Illuminate\\Container\\BoundMethod::Illuminate\\Container\\{closure}()
#21 /home/cainan/Documents/wirechat-app/vendor/laravel/framework/src/Illuminate/Container/BoundMethod.php(95): Illuminate\\Container\\Util::unwrapIfClosure()
#22 /home/cainan/Documents/wirechat-app/vendor/laravel/framework/src/Illuminate/Container/BoundMethod.php(35): Illuminate\\Container\\BoundMethod::callBoundMethod()
#23 /home/cainan/Documents/wirechat-app/vendor/laravel/framework/src/Illuminate/Container/Container.php(694): Illuminate\\Container\\BoundMethod::call()
#24 /home/cainan/Documents/wirechat-app/vendor/laravel/framework/src/Illuminate/Bus/Dispatcher.php(126): Illuminate\\Container\\Container->call()
#25 /home/cainan/Documents/wirechat-app/vendor/laravel/framework/src/Illuminate/Pipeline/Pipeline.php(144): Illuminate\\Bus\\Dispatcher->Illuminate\\Bus\\{closure}()
#26 /home/cainan/Documents/wirechat-app/vendor/laravel/framework/src/Illuminate/Pipeline/Pipeline.php(119): Illuminate\\Pipeline\\Pipeline->Illuminate\\Pipeline\\{closure}()
#27 /home/cainan/Documents/wirechat-app/vendor/laravel/framework/src/Illuminate/Bus/Dispatcher.php(130): Illuminate\\Pipeline\\Pipeline->then()
#28 /home/cainan/Documents/wirechat-app/vendor/laravel/framework/src/Illuminate/Queue/CallQueuedHandler.php(124): Illuminate\\Bus\\Dispatcher->dispatchNow()
#29 /home/cainan/Documents/wirechat-app/vendor/laravel/framework/src/Illuminate/Pipeline/Pipeline.php(144): Illuminate\\Queue\\CallQueuedHandler->Illuminate\\Queue\\{closure}()
#30 /home/cainan/Documents/wirechat-app/vendor/laravel/framework/src/Illuminate/Pipeline/Pipeline.php(119): Illuminate\\Pipeline\\Pipeline->Illuminate\\Pipeline\\{closure}()
#31 /home/cainan/Documents/wirechat-app/vendor/laravel/framework/src/Illuminate/Queue/CallQueuedHandler.php(123): Illuminate\\Pipeline\\Pipeline->then()
#32 /home/cainan/Documents/wirechat-app/vendor/laravel/framework/src/Illuminate/Queue/CallQueuedHandler.php(71): Illuminate\\Queue\\CallQueuedHandler->dispatchThroughMiddleware()
#33 /home/cainan/Documents/wirechat-app/vendor/laravel/framework/src/Illuminate/Queue/Jobs/Job.php(102): Illuminate\\Queue\\CallQueuedHandler->call()
#34 /home/cainan/Documents/wirechat-app/vendor/laravel/framework/src/Illuminate/Queue/Worker.php(441): Illuminate\\Queue\\Jobs\\Job->fire()
#35 /home/cainan/Documents/wirechat-app/vendor/laravel/framework/src/Illuminate/Queue/Worker.php(391): Illuminate\\Queue\\Worker->process()
#36 /home/cainan/Documents/wirechat-app/vendor/laravel/framework/src/Illuminate/Queue/Worker.php(178): Illuminate\\Queue\\Worker->runJob()
#37 /home/cainan/Documents/wirechat-app/vendor/laravel/framework/src/Illuminate/Queue/Console/WorkCommand.php(148): Illuminate\\Queue\\Worker->daemon()
#38 /home/cainan/Documents/wirechat-app/vendor/laravel/framework/src/Illuminate/Queue/Console/WorkCommand.php(131): Illuminate\\Queue\\Console\\WorkCommand->runWorker()
#39 /home/cainan/Documents/wirechat-app/vendor/laravel/framework/src/Illuminate/Container/BoundMethod.php(36): Illuminate\\Queue\\Console\\WorkCommand->handle()
#40 /home/cainan/Documents/wirechat-app/vendor/laravel/framework/src/Illuminate/Container/Util.php(43): Illuminate\\Container\\BoundMethod::Illuminate\\Container\\{closure}()
#41 /home/cainan/Documents/wirechat-app/vendor/laravel/framework/src/Illuminate/Container/BoundMethod.php(95): Illuminate\\Container\\Util::unwrapIfClosure()
#42 /home/cainan/Documents/wirechat-app/vendor/laravel/framework/src/Illuminate/Container/BoundMethod.php(35): Illuminate\\Container\\BoundMethod::callBoundMethod()
#43 /home/cainan/Documents/wirechat-app/vendor/laravel/framework/src/Illuminate/Container/Container.php(694): Illuminate\\Container\\BoundMethod::call()
#44 /home/cainan/Documents/wirechat-app/vendor/laravel/framework/src/Illuminate/Console/Command.php(213): Illuminate\\Container\\Container->call()
#45 /home/cainan/Documents/wirechat-app/vendor/symfony/console/Command/Command.php(279): Illuminate\\Console\\Command->execute()
#46 /home/cainan/Documents/wirechat-app/vendor/laravel/framework/src/Illuminate/Console/Command.php(182): Symfony\\Component\\Console\\Command\\Command->run()
#47 /home/cainan/Documents/wirechat-app/vendor/symfony/console/Application.php(1094): Illuminate\\Console\\Command->run()
#48 /home/cainan/Documents/wirechat-app/vendor/symfony/console/Application.php(342): Symfony\\Component\\Console\\Application->doRunCommand()
#49 /home/cainan/Documents/wirechat-app/vendor/symfony/console/Application.php(193): Symfony\\Component\\Console\\Application->doRun()
#50 /home/cainan/Documents/wirechat-app/vendor/laravel/framework/src/Illuminate/Foundation/Console/Kernel.php(198): Symfony\\Component\\Console\\Application->run()
#51 /home/cainan/Documents/wirechat-app/vendor/laravel/framework/src/Illuminate/Foundation/Application.php(1205): Illuminate\\Foundation\\Console\\Kernel->handle()
#52 /home/cainan/Documents/wirechat-app/artisan(13): Illuminate\\Foundation\\Application->handleCommand()
#53 {main}
"} 
[2024-12-16 21:36:08] local.ERROR: Pusher error: <!DOCTYPE html>
<html lang="en">
    <head>
        <meta charset="utf-8">
        <meta name="viewport" content="width=device-width, initial-scale=1">

        <title>Not Found</title>

        <style>
            /*! normalize.css v8.0.1 | MIT License | github.com/necolas/normalize.css */html{line-height:1.15;-webkit-text-size-adjust:100%}body{margin:0}a{background-color:transparent}code{font-family:monospace,monospace;font-size:1em}[hidden]{display:none}html{font-family:system-ui,-apple-system,BlinkMacSystemFont,Segoe UI,Roboto,Helvetica Neue,Arial,Noto Sans,sans-serif,Apple Color Emoji,Segoe UI Emoji,Segoe UI Symbol,Noto Color Emoji;line-height:1.5}*,:after,:before{box-sizing:border-box;border:0 solid #e2e8f0}a{color:inherit;text-decoration:inherit}code{font-family:Menlo,Monaco,Consolas,Liberation Mono,Courier New,monospace}svg,video{display:block;vertical-align:middle}video{max-width:100%;height:auto}.bg-white{--bg-opacity:1;background-color:#fff;background-color:rgba(255,255,255,var(--bg-opacity))}.bg-gray-100{--bg-opacity:1;background-color:#f7fafc;background-color:rgba(247,250,252,var(--bg-opacity))}.border-gray-200{--border-opacity:1;border-color:#edf2f7;border-color:rgba(237,242,247,var(--border-opacity))}.border-gray-400{--border-opacity:1;border-color:#cbd5e0;border-color:rgba(203,213,224,var(--border-opacity))}.border-t{border-top-width:1px}.border-r{border-right-width:1px}.flex{display:flex}.grid{display:grid}.hidden{display:none}.items-center{align-items:center}.justify-center{justify-content:center}.font-semibold{font-weight:600}.h-5{height:1.25rem}.h-8{height:2rem}.h-16{height:4rem}.text-sm{font-size:.875rem}.text-lg{font-size:1.125rem}.leading-7{line-height:1.75rem}.mx-auto{margin-left:auto;margin-right:auto}.ml-1{margin-left:.25rem}.mt-2{margin-top:.5rem}.mr-2{margin-right:.5rem}.ml-2{margin-left:.5rem}.mt-4{margin-top:1rem}.ml-4{margin-left:1rem}.mt-8{margin-top:2rem}.ml-12{margin-left:3rem}.-mt-px{margin-top:-1px}.max-w-xl{max-width:36rem}.max-w-6xl{max-width:72rem}.min-h-screen{min-height:100vh}.overflow-hidden{overflow:hidden}.p-6{padding:1.5rem}.py-4{padding-top:1rem;padding-bottom:1rem}.px-4{padding-left:1rem;padding-right:1rem}.px-6{padding-left:1.5rem;padding-right:1.5rem}.pt-8{padding-top:2rem}.fixed{position:fixed}.relative{position:relative}.top-0{top:0}.right-0{right:0}.shadow{box-shadow:0 1px 3px 0 rgba(0,0,0,.1),0 1px 2px 0 rgba(0,0,0,.06)}.text-center{text-align:center}.text-gray-200{--text-opacity:1;color:#edf2f7;color:rgba(237,242,247,var(--text-opacity))}.text-gray-300{--text-opacity:1;color:#e2e8f0;color:rgba(226,232,240,var(--text-opacity))}.text-gray-400{--text-opacity:1;color:#cbd5e0;color:rgba(203,213,224,var(--text-opacity))}.text-gray-500{--text-opacity:1;color:#a0aec0;color:rgba(160,174,192,var(--text-opacity))}.text-gray-600{--text-opacity:1;color:#718096;color:rgba(113,128,150,var(--text-opacity))}.text-gray-700{--text-opacity:1;color:#4a5568;color:rgba(74,85,104,var(--text-opacity))}.text-gray-900{--text-opacity:1;color:#1a202c;color:rgba(26,32,44,var(--text-opacity))}.uppercase{text-transform:uppercase}.underline{text-decoration:underline}.antialiased{-webkit-font-smoothing:antialiased;-moz-osx-font-smoothing:grayscale}.tracking-wider{letter-spacing:.05em}.w-5{width:1.25rem}.w-8{width:2rem}.w-auto{width:auto}.grid-cols-1{grid-template-columns:repeat(1,minmax(0,1fr))}@-webkit-keyframes spin{0%{transform:rotate(0deg)}to{transform:rotate(1turn)}}@keyframes spin{0%{transform:rotate(0deg)}to{transform:rotate(1turn)}}@-webkit-keyframes ping{0%{transform:scale(1);opacity:1}75%,to{transform:scale(2);opacity:0}}@keyframes ping{0%{transform:scale(1);opacity:1}75%,to{transform:scale(2);opacity:0}}@-webkit-keyframes pulse{0%,to{opacity:1}50%{opacity:.5}}@keyframes pulse{0%,to{opacity:1}50%{opacity:.5}}@-webkit-keyframes bounce{0%,to{transform:translateY(-25%);-webkit-animation-timing-function:cubic-bezier(.8,0,1,1);animation-timing-function:cubic-bezier(.8,0,1,1)}50%{transform:translateY(0);-webkit-animation-timing-function:cubic-bezier(0,0,.2,1);animation-timing-function:cubic-bezier(0,0,.2,1)}}@keyframes bounce{0%,to{transform:translateY(-25%);-webkit-animation-timing-function:cubic-bezier(.8,0,1,1);animation-timing-function:cubic-bezier(.8,0,1,1)}50%{transform:translateY(0);-webkit-animation-timing-function:cubic-bezier(0,0,.2,1);animation-timing-function:cubic-bezier(0,0,.2,1)}}@media (min-width:640px){.sm\:rounded-lg{border-radius:.5rem}.sm\:block{display:block}.sm\:items-center{align-items:center}.sm\:justify-start{justify-content:flex-start}.sm\:justify-between{justify-content:space-between}.sm\:h-20{height:5rem}.sm\:ml-0{margin-left:0}.sm\:px-6{padding-left:1.5rem;padding-right:1.5rem}.sm\:pt-0{padding-top:0}.sm\:text-left{text-align:left}.sm\:text-right{text-align:right}}@media (min-width:768px){.md\:border-t-0{border-top-width:0}.md\:border-l{border-left-width:1px}.md\:grid-cols-2{grid-template-columns:repeat(2,minmax(0,1fr))}}@media (min-width:1024px){.lg\:px-8{padding-left:2rem;padding-right:2rem}}@media (prefers-color-scheme:dark){.dark\:bg-gray-800{--bg-opacity:1;background-color:#2d3748;background-color:rgba(45,55,72,var(--bg-opacity))}.dark\:bg-gray-900{--bg-opacity:1;background-color:#1a202c;background-color:rgba(26,32,44,var(--bg-opacity))}.dark\:border-gray-700{--border-opacity:1;border-color:#4a5568;border-color:rgba(74,85,104,var(--border-opacity))}.dark\:text-white{--text-opacity:1;color:#fff;color:rgba(255,255,255,var(--text-opacity))}.dark\:text-gray-400{--text-opacity:1;color:#cbd5e0;color:rgba(203,213,224,var(--text-opacity))}}
        </style>

        <style>
            body {
                font-family: ui-sans-serif, system-ui, -apple-system, BlinkMacSystemFont, "Segoe UI", Roboto, "Helvetica Neue", Arial, "Noto Sans", sans-serif, "Apple Color Emoji", "Segoe UI Emoji", "Segoe UI Symbol", "Noto Color Emoji";
            }
        </style>
    </head>
    <body class="antialiased">
        <div class="relative flex items-top justify-center min-h-screen bg-gray-100 dark:bg-gray-900 sm:items-center sm:pt-0">
            <div class="max-w-xl mx-auto sm:px-6 lg:px-8">
                <div class="flex items-center pt-8 sm:justify-start sm:pt-0">
                    <div class="px-4 text-lg text-gray-500 border-r border-gray-400 tracking-wider">
                        404                    </div>

                    <div class="ml-4 text-lg text-gray-500 uppercase tracking-wider">
                        Not Found                    </div>
                </div>
            </div>
        </div>
    </body>
</html>
. {"exception":"[object] (Illuminate\\Broadcasting\\BroadcastException(code: 0): Pusher error: <!DOCTYPE html>
<html lang=\"en\">
    <head>
        <meta charset=\"utf-8\">
        <meta name=\"viewport\" content=\"width=device-width, initial-scale=1\">

        <title>Not Found</title>

        <style>
            /*! normalize.css v8.0.1 | MIT License | github.com/necolas/normalize.css */html{line-height:1.15;-webkit-text-size-adjust:100%}body{margin:0}a{background-color:transparent}code{font-family:monospace,monospace;font-size:1em}[hidden]{display:none}html{font-family:system-ui,-apple-system,BlinkMacSystemFont,Segoe UI,Roboto,Helvetica Neue,Arial,Noto Sans,sans-serif,Apple Color Emoji,Segoe UI Emoji,Segoe UI Symbol,Noto Color Emoji;line-height:1.5}*,:after,:before{box-sizing:border-box;border:0 solid #e2e8f0}a{color:inherit;text-decoration:inherit}code{font-family:Menlo,Monaco,Consolas,Liberation Mono,Courier New,monospace}svg,video{display:block;vertical-align:middle}video{max-width:100%;height:auto}.bg-white{--bg-opacity:1;background-color:#fff;background-color:rgba(255,255,255,var(--bg-opacity))}.bg-gray-100{--bg-opacity:1;background-color:#f7fafc;background-color:rgba(247,250,252,var(--bg-opacity))}.border-gray-200{--border-opacity:1;border-color:#edf2f7;border-color:rgba(237,242,247,var(--border-opacity))}.border-gray-400{--border-opacity:1;border-color:#cbd5e0;border-color:rgba(203,213,224,var(--border-opacity))}.border-t{border-top-width:1px}.border-r{border-right-width:1px}.flex{display:flex}.grid{display:grid}.hidden{display:none}.items-center{align-items:center}.justify-center{justify-content:center}.font-semibold{font-weight:600}.h-5{height:1.25rem}.h-8{height:2rem}.h-16{height:4rem}.text-sm{font-size:.875rem}.text-lg{font-size:1.125rem}.leading-7{line-height:1.75rem}.mx-auto{margin-left:auto;margin-right:auto}.ml-1{margin-left:.25rem}.mt-2{margin-top:.5rem}.mr-2{margin-right:.5rem}.ml-2{margin-left:.5rem}.mt-4{margin-top:1rem}.ml-4{margin-left:1rem}.mt-8{margin-top:2rem}.ml-12{margin-left:3rem}.-mt-px{margin-top:-1px}.max-w-xl{max-width:36rem}.max-w-6xl{max-width:72rem}.min-h-screen{min-height:100vh}.overflow-hidden{overflow:hidden}.p-6{padding:1.5rem}.py-4{padding-top:1rem;padding-bottom:1rem}.px-4{padding-left:1rem;padding-right:1rem}.px-6{padding-left:1.5rem;padding-right:1.5rem}.pt-8{padding-top:2rem}.fixed{position:fixed}.relative{position:relative}.top-0{top:0}.right-0{right:0}.shadow{box-shadow:0 1px 3px 0 rgba(0,0,0,.1),0 1px 2px 0 rgba(0,0,0,.06)}.text-center{text-align:center}.text-gray-200{--text-opacity:1;color:#edf2f7;color:rgba(237,242,247,var(--text-opacity))}.text-gray-300{--text-opacity:1;color:#e2e8f0;color:rgba(226,232,240,var(--text-opacity))}.text-gray-400{--text-opacity:1;color:#cbd5e0;color:rgba(203,213,224,var(--text-opacity))}.text-gray-500{--text-opacity:1;color:#a0aec0;color:rgba(160,174,192,var(--text-opacity))}.text-gray-600{--text-opacity:1;color:#718096;color:rgba(113,128,150,var(--text-opacity))}.text-gray-700{--text-opacity:1;color:#4a5568;color:rgba(74,85,104,var(--text-opacity))}.text-gray-900{--text-opacity:1;color:#1a202c;color:rgba(26,32,44,var(--text-opacity))}.uppercase{text-transform:uppercase}.underline{text-decoration:underline}.antialiased{-webkit-font-smoothing:antialiased;-moz-osx-font-smoothing:grayscale}.tracking-wider{letter-spacing:.05em}.w-5{width:1.25rem}.w-8{width:2rem}.w-auto{width:auto}.grid-cols-1{grid-template-columns:repeat(1,minmax(0,1fr))}@-webkit-keyframes spin{0%{transform:rotate(0deg)}to{transform:rotate(1turn)}}@keyframes spin{0%{transform:rotate(0deg)}to{transform:rotate(1turn)}}@-webkit-keyframes ping{0%{transform:scale(1);opacity:1}75%,to{transform:scale(2);opacity:0}}@keyframes ping{0%{transform:scale(1);opacity:1}75%,to{transform:scale(2);opacity:0}}@-webkit-keyframes pulse{0%,to{opacity:1}50%{opacity:.5}}@keyframes pulse{0%,to{opacity:1}50%{opacity:.5}}@-webkit-keyframes bounce{0%,to{transform:translateY(-25%);-webkit-animation-timing-function:cubic-bezier(.8,0,1,1);animation-timing-function:cubic-bezier(.8,0,1,1)}50%{transform:translateY(0);-webkit-animation-timing-function:cubic-bezier(0,0,.2,1);animation-timing-function:cubic-bezier(0,0,.2,1)}}@keyframes bounce{0%,to{transform:translateY(-25%);-webkit-animation-timing-function:cubic-bezier(.8,0,1,1);animation-timing-function:cubic-bezier(.8,0,1,1)}50%{transform:translateY(0);-webkit-animation-timing-function:cubic-bezier(0,0,.2,1);animation-timing-function:cubic-bezier(0,0,.2,1)}}@media (min-width:640px){.sm\\:rounded-lg{border-radius:.5rem}.sm\\:block{display:block}.sm\\:items-center{align-items:center}.sm\\:justify-start{justify-content:flex-start}.sm\\:justify-between{justify-content:space-between}.sm\\:h-20{height:5rem}.sm\\:ml-0{margin-left:0}.sm\\:px-6{padding-left:1.5rem;padding-right:1.5rem}.sm\\:pt-0{padding-top:0}.sm\\:text-left{text-align:left}.sm\\:text-right{text-align:right}}@media (min-width:768px){.md\\:border-t-0{border-top-width:0}.md\\:border-l{border-left-width:1px}.md\\:grid-cols-2{grid-template-columns:repeat(2,minmax(0,1fr))}}@media (min-width:1024px){.lg\\:px-8{padding-left:2rem;padding-right:2rem}}@media (prefers-color-scheme:dark){.dark\\:bg-gray-800{--bg-opacity:1;background-color:#2d3748;background-color:rgba(45,55,72,var(--bg-opacity))}.dark\\:bg-gray-900{--bg-opacity:1;background-color:#1a202c;background-color:rgba(26,32,44,var(--bg-opacity))}.dark\\:border-gray-700{--border-opacity:1;border-color:#4a5568;border-color:rgba(74,85,104,var(--border-opacity))}.dark\\:text-white{--text-opacity:1;color:#fff;color:rgba(255,255,255,var(--text-opacity))}.dark\\:text-gray-400{--text-opacity:1;color:#cbd5e0;color:rgba(203,213,224,var(--text-opacity))}}
        </style>

        <style>
            body {
                font-family: ui-sans-serif, system-ui, -apple-system, BlinkMacSystemFont, \"Segoe UI\", Roboto, \"Helvetica Neue\", Arial, \"Noto Sans\", sans-serif, \"Apple Color Emoji\", \"Segoe UI Emoji\", \"Segoe UI Symbol\", \"Noto Color Emoji\";
            }
        </style>
    </head>
    <body class=\"antialiased\">
        <div class=\"relative flex items-top justify-center min-h-screen bg-gray-100 dark:bg-gray-900 sm:items-center sm:pt-0\">
            <div class=\"max-w-xl mx-auto sm:px-6 lg:px-8\">
                <div class=\"flex items-center pt-8 sm:justify-start sm:pt-0\">
                    <div class=\"px-4 text-lg text-gray-500 border-r border-gray-400 tracking-wider\">
                        404                    </div>

                    <div class=\"ml-4 text-lg text-gray-500 uppercase tracking-wider\">
                        Not Found                    </div>
                </div>
            </div>
        </div>
    </body>
</html>
. at /home/cainan/Documents/wirechat-app/vendor/laravel/framework/src/Illuminate/Broadcasting/Broadcasters/PusherBroadcaster.php:164)
[stacktrace]
#0 /home/cainan/Documents/wirechat-app/vendor/laravel/framework/src/Illuminate/Broadcasting/BroadcastEvent.php(92): Illuminate\\Broadcasting\\Broadcasters\\PusherBroadcaster->broadcast()
#1 /home/cainan/Documents/wirechat-app/vendor/laravel/framework/src/Illuminate/Container/BoundMethod.php(36): Illuminate\\Broadcasting\\BroadcastEvent->handle()
#2 /home/cainan/Documents/wirechat-app/vendor/laravel/framework/src/Illuminate/Container/Util.php(43): Illuminate\\Container\\BoundMethod::Illuminate\\Container\\{closure}()
#3 /home/cainan/Documents/wirechat-app/vendor/laravel/framework/src/Illuminate/Container/BoundMethod.php(95): Illuminate\\Container\\Util::unwrapIfClosure()
#4 /home/cainan/Documents/wirechat-app/vendor/laravel/framework/src/Illuminate/Container/BoundMethod.php(35): Illuminate\\Container\\BoundMethod::callBoundMethod()
#5 /home/cainan/Documents/wirechat-app/vendor/laravel/framework/src/Illuminate/Container/Container.php(694): Illuminate\\Container\\BoundMethod::call()
#6 /home/cainan/Documents/wirechat-app/vendor/laravel/framework/src/Illuminate/Bus/Dispatcher.php(126): Illuminate\\Container\\Container->call()
#7 /home/cainan/Documents/wirechat-app/vendor/laravel/framework/src/Illuminate/Pipeline/Pipeline.php(144): Illuminate\\Bus\\Dispatcher->Illuminate\\Bus\\{closure}()
#8 /home/cainan/Documents/wirechat-app/vendor/laravel/framework/src/Illuminate/Pipeline/Pipeline.php(119): Illuminate\\Pipeline\\Pipeline->Illuminate\\Pipeline\\{closure}()
#9 /home/cainan/Documents/wirechat-app/vendor/laravel/framework/src/Illuminate/Bus/Dispatcher.php(130): Illuminate\\Pipeline\\Pipeline->then()
#10 /home/cainan/Documents/wirechat-app/vendor/laravel/framework/src/Illuminate/Queue/CallQueuedHandler.php(124): Illuminate\\Bus\\Dispatcher->dispatchNow()
#11 /home/cainan/Documents/wirechat-app/vendor/laravel/framework/src/Illuminate/Pipeline/Pipeline.php(144): Illuminate\\Queue\\CallQueuedHandler->Illuminate\\Queue\\{closure}()
#12 /home/cainan/Documents/wirechat-app/vendor/laravel/framework/src/Illuminate/Pipeline/Pipeline.php(119): Illuminate\\Pipeline\\Pipeline->Illuminate\\Pipeline\\{closure}()
#13 /home/cainan/Documents/wirechat-app/vendor/laravel/framework/src/Illuminate/Queue/CallQueuedHandler.php(123): Illuminate\\Pipeline\\Pipeline->then()
#14 /home/cainan/Documents/wirechat-app/vendor/laravel/framework/src/Illuminate/Queue/CallQueuedHandler.php(71): Illuminate\\Queue\\CallQueuedHandler->dispatchThroughMiddleware()
#15 /home/cainan/Documents/wirechat-app/vendor/laravel/framework/src/Illuminate/Queue/Jobs/Job.php(102): Illuminate\\Queue\\CallQueuedHandler->call()
#16 /home/cainan/Documents/wirechat-app/vendor/laravel/framework/src/Illuminate/Queue/Worker.php(441): Illuminate\\Queue\\Jobs\\Job->fire()
#17 /home/cainan/Documents/wirechat-app/vendor/laravel/framework/src/Illuminate/Queue/Worker.php(391): Illuminate\\Queue\\Worker->process()
#18 /home/cainan/Documents/wirechat-app/vendor/laravel/framework/src/Illuminate/Queue/Worker.php(178): Illuminate\\Queue\\Worker->runJob()
#19 /home/cainan/Documents/wirechat-app/vendor/laravel/framework/src/Illuminate/Queue/Console/WorkCommand.php(148): Illuminate\\Queue\\Worker->daemon()
#20 /home/cainan/Documents/wirechat-app/vendor/laravel/framework/src/Illuminate/Queue/Console/WorkCommand.php(131): Illuminate\\Queue\\Console\\WorkCommand->runWorker()
#21 /home/cainan/Documents/wirechat-app/vendor/laravel/framework/src/Illuminate/Container/BoundMethod.php(36): Illuminate\\Queue\\Console\\WorkCommand->handle()
#22 /home/cainan/Documents/wirechat-app/vendor/laravel/framework/src/Illuminate/Container/Util.php(43): Illuminate\\Container\\BoundMethod::Illuminate\\Container\\{closure}()
#23 /home/cainan/Documents/wirechat-app/vendor/laravel/framework/src/Illuminate/Container/BoundMethod.php(95): Illuminate\\Container\\Util::unwrapIfClosure()
#24 /home/cainan/Documents/wirechat-app/vendor/laravel/framework/src/Illuminate/Container/BoundMethod.php(35): Illuminate\\Container\\BoundMethod::callBoundMethod()
#25 /home/cainan/Documents/wirechat-app/vendor/laravel/framework/src/Illuminate/Container/Container.php(694): Illuminate\\Container\\BoundMethod::call()
#26 /home/cainan/Documents/wirechat-app/vendor/laravel/framework/src/Illuminate/Console/Command.php(213): Illuminate\\Container\\Container->call()
#27 /home/cainan/Documents/wirechat-app/vendor/symfony/console/Command/Command.php(279): Illuminate\\Console\\Command->execute()
#28 /home/cainan/Documents/wirechat-app/vendor/laravel/framework/src/Illuminate/Console/Command.php(182): Symfony\\Component\\Console\\Command\\Command->run()
#29 /home/cainan/Documents/wirechat-app/vendor/symfony/console/Application.php(1094): Illuminate\\Console\\Command->run()
#30 /home/cainan/Documents/wirechat-app/vendor/symfony/console/Application.php(342): Symfony\\Component\\Console\\Application->doRunCommand()
#31 /home/cainan/Documents/wirechat-app/vendor/symfony/console/Application.php(193): Symfony\\Component\\Console\\Application->doRun()
#32 /home/cainan/Documents/wirechat-app/vendor/laravel/framework/src/Illuminate/Foundation/Console/Kernel.php(198): Symfony\\Component\\Console\\Application->run()
#33 /home/cainan/Documents/wirechat-app/vendor/laravel/framework/src/Illuminate/Foundation/Application.php(1205): Illuminate\\Foundation\\Console\\Kernel->handle()
#34 /home/cainan/Documents/wirechat-app/artisan(13): Illuminate\\Foundation\\Application->handleCommand()
#35 {main}
"} 
[2024-12-16 21:36:13] local.ERROR: Pusher error: <!DOCTYPE html>
<html lang="en">
    <head>
        <meta charset="utf-8">
        <meta name="viewport" content="width=device-width, initial-scale=1">

        <title>Not Found</title>

        <style>
            /*! normalize.css v8.0.1 | MIT License | github.com/necolas/normalize.css */html{line-height:1.15;-webkit-text-size-adjust:100%}body{margin:0}a{background-color:transparent}code{font-family:monospace,monospace;font-size:1em}[hidden]{display:none}html{font-family:system-ui,-apple-system,BlinkMacSystemFont,Segoe UI,Roboto,Helvetica Neue,Arial,Noto Sans,sans-serif,Apple Color Emoji,Segoe UI Emoji,Segoe UI Symbol,Noto Color Emoji;line-height:1.5}*,:after,:before{box-sizing:border-box;border:0 solid #e2e8f0}a{color:inherit;text-decoration:inherit}code{font-family:Menlo,Monaco,Consolas,Liberation Mono,Courier New,monospace}svg,video{display:block;vertical-align:middle}video{max-width:100%;height:auto}.bg-white{--bg-opacity:1;background-color:#fff;background-color:rgba(255,255,255,var(--bg-opacity))}.bg-gray-100{--bg-opacity:1;background-color:#f7fafc;background-color:rgba(247,250,252,var(--bg-opacity))}.border-gray-200{--border-opacity:1;border-color:#edf2f7;border-color:rgba(237,242,247,var(--border-opacity))}.border-gray-400{--border-opacity:1;border-color:#cbd5e0;border-color:rgba(203,213,224,var(--border-opacity))}.border-t{border-top-width:1px}.border-r{border-right-width:1px}.flex{display:flex}.grid{display:grid}.hidden{display:none}.items-center{align-items:center}.justify-center{justify-content:center}.font-semibold{font-weight:600}.h-5{height:1.25rem}.h-8{height:2rem}.h-16{height:4rem}.text-sm{font-size:.875rem}.text-lg{font-size:1.125rem}.leading-7{line-height:1.75rem}.mx-auto{margin-left:auto;margin-right:auto}.ml-1{margin-left:.25rem}.mt-2{margin-top:.5rem}.mr-2{margin-right:.5rem}.ml-2{margin-left:.5rem}.mt-4{margin-top:1rem}.ml-4{margin-left:1rem}.mt-8{margin-top:2rem}.ml-12{margin-left:3rem}.-mt-px{margin-top:-1px}.max-w-xl{max-width:36rem}.max-w-6xl{max-width:72rem}.min-h-screen{min-height:100vh}.overflow-hidden{overflow:hidden}.p-6{padding:1.5rem}.py-4{padding-top:1rem;padding-bottom:1rem}.px-4{padding-left:1rem;padding-right:1rem}.px-6{padding-left:1.5rem;padding-right:1.5rem}.pt-8{padding-top:2rem}.fixed{position:fixed}.relative{position:relative}.top-0{top:0}.right-0{right:0}.shadow{box-shadow:0 1px 3px 0 rgba(0,0,0,.1),0 1px 2px 0 rgba(0,0,0,.06)}.text-center{text-align:center}.text-gray-200{--text-opacity:1;color:#edf2f7;color:rgba(237,242,247,var(--text-opacity))}.text-gray-300{--text-opacity:1;color:#e2e8f0;color:rgba(226,232,240,var(--text-opacity))}.text-gray-400{--text-opacity:1;color:#cbd5e0;color:rgba(203,213,224,var(--text-opacity))}.text-gray-500{--text-opacity:1;color:#a0aec0;color:rgba(160,174,192,var(--text-opacity))}.text-gray-600{--text-opacity:1;color:#718096;color:rgba(113,128,150,var(--text-opacity))}.text-gray-700{--text-opacity:1;color:#4a5568;color:rgba(74,85,104,var(--text-opacity))}.text-gray-900{--text-opacity:1;color:#1a202c;color:rgba(26,32,44,var(--text-opacity))}.uppercase{text-transform:uppercase}.underline{text-decoration:underline}.antialiased{-webkit-font-smoothing:antialiased;-moz-osx-font-smoothing:grayscale}.tracking-wider{letter-spacing:.05em}.w-5{width:1.25rem}.w-8{width:2rem}.w-auto{width:auto}.grid-cols-1{grid-template-columns:repeat(1,minmax(0,1fr))}@-webkit-keyframes spin{0%{transform:rotate(0deg)}to{transform:rotate(1turn)}}@keyframes spin{0%{transform:rotate(0deg)}to{transform:rotate(1turn)}}@-webkit-keyframes ping{0%{transform:scale(1);opacity:1}75%,to{transform:scale(2);opacity:0}}@keyframes ping{0%{transform:scale(1);opacity:1}75%,to{transform:scale(2);opacity:0}}@-webkit-keyframes pulse{0%,to{opacity:1}50%{opacity:.5}}@keyframes pulse{0%,to{opacity:1}50%{opacity:.5}}@-webkit-keyframes bounce{0%,to{transform:translateY(-25%);-webkit-animation-timing-function:cubic-bezier(.8,0,1,1);animation-timing-function:cubic-bezier(.8,0,1,1)}50%{transform:translateY(0);-webkit-animation-timing-function:cubic-bezier(0,0,.2,1);animation-timing-function:cubic-bezier(0,0,.2,1)}}@keyframes bounce{0%,to{transform:translateY(-25%);-webkit-animation-timing-function:cubic-bezier(.8,0,1,1);animation-timing-function:cubic-bezier(.8,0,1,1)}50%{transform:translateY(0);-webkit-animation-timing-function:cubic-bezier(0,0,.2,1);animation-timing-function:cubic-bezier(0,0,.2,1)}}@media (min-width:640px){.sm\:rounded-lg{border-radius:.5rem}.sm\:block{display:block}.sm\:items-center{align-items:center}.sm\:justify-start{justify-content:flex-start}.sm\:justify-between{justify-content:space-between}.sm\:h-20{height:5rem}.sm\:ml-0{margin-left:0}.sm\:px-6{padding-left:1.5rem;padding-right:1.5rem}.sm\:pt-0{padding-top:0}.sm\:text-left{text-align:left}.sm\:text-right{text-align:right}}@media (min-width:768px){.md\:border-t-0{border-top-width:0}.md\:border-l{border-left-width:1px}.md\:grid-cols-2{grid-template-columns:repeat(2,minmax(0,1fr))}}@media (min-width:1024px){.lg\:px-8{padding-left:2rem;padding-right:2rem}}@media (prefers-color-scheme:dark){.dark\:bg-gray-800{--bg-opacity:1;background-color:#2d3748;background-color:rgba(45,55,72,var(--bg-opacity))}.dark\:bg-gray-900{--bg-opacity:1;background-color:#1a202c;background-color:rgba(26,32,44,var(--bg-opacity))}.dark\:border-gray-700{--border-opacity:1;border-color:#4a5568;border-color:rgba(74,85,104,var(--border-opacity))}.dark\:text-white{--text-opacity:1;color:#fff;color:rgba(255,255,255,var(--text-opacity))}.dark\:text-gray-400{--text-opacity:1;color:#cbd5e0;color:rgba(203,213,224,var(--text-opacity))}}
        </style>

        <style>
            body {
                font-family: ui-sans-serif, system-ui, -apple-system, BlinkMacSystemFont, "Segoe UI", Roboto, "Helvetica Neue", Arial, "Noto Sans", sans-serif, "Apple Color Emoji", "Segoe UI Emoji", "Segoe UI Symbol", "Noto Color Emoji";
            }
        </style>
    </head>
    <body class="antialiased">
        <div class="relative flex items-top justify-center min-h-screen bg-gray-100 dark:bg-gray-900 sm:items-center sm:pt-0">
            <div class="max-w-xl mx-auto sm:px-6 lg:px-8">
                <div class="flex items-center pt-8 sm:justify-start sm:pt-0">
                    <div class="px-4 text-lg text-gray-500 border-r border-gray-400 tracking-wider">
                        404                    </div>

                    <div class="ml-4 text-lg text-gray-500 uppercase tracking-wider">
                        Not Found                    </div>
                </div>
            </div>
        </div>
    </body>
</html>
. {"exception":"[object] (Illuminate\\Broadcasting\\BroadcastException(code: 0): Pusher error: <!DOCTYPE html>
<html lang=\"en\">
    <head>
        <meta charset=\"utf-8\">
        <meta name=\"viewport\" content=\"width=device-width, initial-scale=1\">

        <title>Not Found</title>

        <style>
            /*! normalize.css v8.0.1 | MIT License | github.com/necolas/normalize.css */html{line-height:1.15;-webkit-text-size-adjust:100%}body{margin:0}a{background-color:transparent}code{font-family:monospace,monospace;font-size:1em}[hidden]{display:none}html{font-family:system-ui,-apple-system,BlinkMacSystemFont,Segoe UI,Roboto,Helvetica Neue,Arial,Noto Sans,sans-serif,Apple Color Emoji,Segoe UI Emoji,Segoe UI Symbol,Noto Color Emoji;line-height:1.5}*,:after,:before{box-sizing:border-box;border:0 solid #e2e8f0}a{color:inherit;text-decoration:inherit}code{font-family:Menlo,Monaco,Consolas,Liberation Mono,Courier New,monospace}svg,video{display:block;vertical-align:middle}video{max-width:100%;height:auto}.bg-white{--bg-opacity:1;background-color:#fff;background-color:rgba(255,255,255,var(--bg-opacity))}.bg-gray-100{--bg-opacity:1;background-color:#f7fafc;background-color:rgba(247,250,252,var(--bg-opacity))}.border-gray-200{--border-opacity:1;border-color:#edf2f7;border-color:rgba(237,242,247,var(--border-opacity))}.border-gray-400{--border-opacity:1;border-color:#cbd5e0;border-color:rgba(203,213,224,var(--border-opacity))}.border-t{border-top-width:1px}.border-r{border-right-width:1px}.flex{display:flex}.grid{display:grid}.hidden{display:none}.items-center{align-items:center}.justify-center{justify-content:center}.font-semibold{font-weight:600}.h-5{height:1.25rem}.h-8{height:2rem}.h-16{height:4rem}.text-sm{font-size:.875rem}.text-lg{font-size:1.125rem}.leading-7{line-height:1.75rem}.mx-auto{margin-left:auto;margin-right:auto}.ml-1{margin-left:.25rem}.mt-2{margin-top:.5rem}.mr-2{margin-right:.5rem}.ml-2{margin-left:.5rem}.mt-4{margin-top:1rem}.ml-4{margin-left:1rem}.mt-8{margin-top:2rem}.ml-12{margin-left:3rem}.-mt-px{margin-top:-1px}.max-w-xl{max-width:36rem}.max-w-6xl{max-width:72rem}.min-h-screen{min-height:100vh}.overflow-hidden{overflow:hidden}.p-6{padding:1.5rem}.py-4{padding-top:1rem;padding-bottom:1rem}.px-4{padding-left:1rem;padding-right:1rem}.px-6{padding-left:1.5rem;padding-right:1.5rem}.pt-8{padding-top:2rem}.fixed{position:fixed}.relative{position:relative}.top-0{top:0}.right-0{right:0}.shadow{box-shadow:0 1px 3px 0 rgba(0,0,0,.1),0 1px 2px 0 rgba(0,0,0,.06)}.text-center{text-align:center}.text-gray-200{--text-opacity:1;color:#edf2f7;color:rgba(237,242,247,var(--text-opacity))}.text-gray-300{--text-opacity:1;color:#e2e8f0;color:rgba(226,232,240,var(--text-opacity))}.text-gray-400{--text-opacity:1;color:#cbd5e0;color:rgba(203,213,224,var(--text-opacity))}.text-gray-500{--text-opacity:1;color:#a0aec0;color:rgba(160,174,192,var(--text-opacity))}.text-gray-600{--text-opacity:1;color:#718096;color:rgba(113,128,150,var(--text-opacity))}.text-gray-700{--text-opacity:1;color:#4a5568;color:rgba(74,85,104,var(--text-opacity))}.text-gray-900{--text-opacity:1;color:#1a202c;color:rgba(26,32,44,var(--text-opacity))}.uppercase{text-transform:uppercase}.underline{text-decoration:underline}.antialiased{-webkit-font-smoothing:antialiased;-moz-osx-font-smoothing:grayscale}.tracking-wider{letter-spacing:.05em}.w-5{width:1.25rem}.w-8{width:2rem}.w-auto{width:auto}.grid-cols-1{grid-template-columns:repeat(1,minmax(0,1fr))}@-webkit-keyframes spin{0%{transform:rotate(0deg)}to{transform:rotate(1turn)}}@keyframes spin{0%{transform:rotate(0deg)}to{transform:rotate(1turn)}}@-webkit-keyframes ping{0%{transform:scale(1);opacity:1}75%,to{transform:scale(2);opacity:0}}@keyframes ping{0%{transform:scale(1);opacity:1}75%,to{transform:scale(2);opacity:0}}@-webkit-keyframes pulse{0%,to{opacity:1}50%{opacity:.5}}@keyframes pulse{0%,to{opacity:1}50%{opacity:.5}}@-webkit-keyframes bounce{0%,to{transform:translateY(-25%);-webkit-animation-timing-function:cubic-bezier(.8,0,1,1);animation-timing-function:cubic-bezier(.8,0,1,1)}50%{transform:translateY(0);-webkit-animation-timing-function:cubic-bezier(0,0,.2,1);animation-timing-function:cubic-bezier(0,0,.2,1)}}@keyframes bounce{0%,to{transform:translateY(-25%);-webkit-animation-timing-function:cubic-bezier(.8,0,1,1);animation-timing-function:cubic-bezier(.8,0,1,1)}50%{transform:translateY(0);-webkit-animation-timing-function:cubic-bezier(0,0,.2,1);animation-timing-function:cubic-bezier(0,0,.2,1)}}@media (min-width:640px){.sm\\:rounded-lg{border-radius:.5rem}.sm\\:block{display:block}.sm\\:items-center{align-items:center}.sm\\:justify-start{justify-content:flex-start}.sm\\:justify-between{justify-content:space-between}.sm\\:h-20{height:5rem}.sm\\:ml-0{margin-left:0}.sm\\:px-6{padding-left:1.5rem;padding-right:1.5rem}.sm\\:pt-0{padding-top:0}.sm\\:text-left{text-align:left}.sm\\:text-right{text-align:right}}@media (min-width:768px){.md\\:border-t-0{border-top-width:0}.md\\:border-l{border-left-width:1px}.md\\:grid-cols-2{grid-template-columns:repeat(2,minmax(0,1fr))}}@media (min-width:1024px){.lg\\:px-8{padding-left:2rem;padding-right:2rem}}@media (prefers-color-scheme:dark){.dark\\:bg-gray-800{--bg-opacity:1;background-color:#2d3748;background-color:rgba(45,55,72,var(--bg-opacity))}.dark\\:bg-gray-900{--bg-opacity:1;background-color:#1a202c;background-color:rgba(26,32,44,var(--bg-opacity))}.dark\\:border-gray-700{--border-opacity:1;border-color:#4a5568;border-color:rgba(74,85,104,var(--border-opacity))}.dark\\:text-white{--text-opacity:1;color:#fff;color:rgba(255,255,255,var(--text-opacity))}.dark\\:text-gray-400{--text-opacity:1;color:#cbd5e0;color:rgba(203,213,224,var(--text-opacity))}}
        </style>

        <style>
            body {
                font-family: ui-sans-serif, system-ui, -apple-system, BlinkMacSystemFont, \"Segoe UI\", Roboto, \"Helvetica Neue\", Arial, \"Noto Sans\", sans-serif, \"Apple Color Emoji\", \"Segoe UI Emoji\", \"Segoe UI Symbol\", \"Noto Color Emoji\";
            }
        </style>
    </head>
    <body class=\"antialiased\">
        <div class=\"relative flex items-top justify-center min-h-screen bg-gray-100 dark:bg-gray-900 sm:items-center sm:pt-0\">
            <div class=\"max-w-xl mx-auto sm:px-6 lg:px-8\">
                <div class=\"flex items-center pt-8 sm:justify-start sm:pt-0\">
                    <div class=\"px-4 text-lg text-gray-500 border-r border-gray-400 tracking-wider\">
                        404                    </div>

                    <div class=\"ml-4 text-lg text-gray-500 uppercase tracking-wider\">
                        Not Found                    </div>
                </div>
            </div>
        </div>
    </body>
</html>
. at /home/cainan/Documents/wirechat-app/vendor/laravel/framework/src/Illuminate/Broadcasting/Broadcasters/PusherBroadcaster.php:164)
[stacktrace]
#0 /home/cainan/Documents/wirechat-app/vendor/laravel/framework/src/Illuminate/Broadcasting/BroadcastEvent.php(92): Illuminate\\Broadcasting\\Broadcasters\\PusherBroadcaster->broadcast()
#1 /home/cainan/Documents/wirechat-app/vendor/laravel/framework/src/Illuminate/Container/BoundMethod.php(36): Illuminate\\Broadcasting\\BroadcastEvent->handle()
#2 /home/cainan/Documents/wirechat-app/vendor/laravel/framework/src/Illuminate/Container/Util.php(43): Illuminate\\Container\\BoundMethod::Illuminate\\Container\\{closure}()
#3 /home/cainan/Documents/wirechat-app/vendor/laravel/framework/src/Illuminate/Container/BoundMethod.php(95): Illuminate\\Container\\Util::unwrapIfClosure()
#4 /home/cainan/Documents/wirechat-app/vendor/laravel/framework/src/Illuminate/Container/BoundMethod.php(35): Illuminate\\Container\\BoundMethod::callBoundMethod()
#5 /home/cainan/Documents/wirechat-app/vendor/laravel/framework/src/Illuminate/Container/Container.php(694): Illuminate\\Container\\BoundMethod::call()
#6 /home/cainan/Documents/wirechat-app/vendor/laravel/framework/src/Illuminate/Bus/Dispatcher.php(126): Illuminate\\Container\\Container->call()
#7 /home/cainan/Documents/wirechat-app/vendor/laravel/framework/src/Illuminate/Pipeline/Pipeline.php(144): Illuminate\\Bus\\Dispatcher->Illuminate\\Bus\\{closure}()
#8 /home/cainan/Documents/wirechat-app/vendor/laravel/framework/src/Illuminate/Pipeline/Pipeline.php(119): Illuminate\\Pipeline\\Pipeline->Illuminate\\Pipeline\\{closure}()
#9 /home/cainan/Documents/wirechat-app/vendor/laravel/framework/src/Illuminate/Bus/Dispatcher.php(130): Illuminate\\Pipeline\\Pipeline->then()
#10 /home/cainan/Documents/wirechat-app/vendor/laravel/framework/src/Illuminate/Broadcasting/BroadcastManager.php(182): Illuminate\\Bus\\Dispatcher->dispatchNow()
#11 /home/cainan/Documents/wirechat-app/vendor/laravel/framework/src/Illuminate/Events/Dispatcher.php(358): Illuminate\\Broadcasting\\BroadcastManager->queue()
#12 /home/cainan/Documents/wirechat-app/vendor/laravel/framework/src/Illuminate/Events/Dispatcher.php(281): Illuminate\\Events\\Dispatcher->broadcastEvent()
#13 /home/cainan/Documents/wirechat-app/vendor/laravel/framework/src/Illuminate/Events/Dispatcher.php(267): Illuminate\\Events\\Dispatcher->invokeListeners()
#14 /home/cainan/Documents/wirechat-app/vendor/laravel/framework/src/Illuminate/Broadcasting/PendingBroadcast.php(72): Illuminate\\Events\\Dispatcher->dispatch()
#15 /home/cainan/Documents/wirechat-app/vendor/laravel/framework/src/Illuminate/Foundation/helpers.php(223): Illuminate\\Broadcasting\\PendingBroadcast->__destruct()
#16 /home/cainan/Documents/wirechat-app/vendor/namu/wirechat/src/Jobs/NotifyParticipants.php(97): broadcast()
#17 /home/cainan/Documents/wirechat-app/vendor/laravel/framework/src/Illuminate/Database/Concerns/BuildsQueries.php(60): Namu\\WireChat\\Jobs\\NotifyParticipants->Namu\\WireChat\\Jobs\\{closure}()
#18 /home/cainan/Documents/wirechat-app/vendor/namu/wirechat/src/Jobs/NotifyParticipants.php(95): Illuminate\\Database\\Eloquent\\Builder->chunk()
#19 /home/cainan/Documents/wirechat-app/vendor/laravel/framework/src/Illuminate/Container/BoundMethod.php(36): Namu\\WireChat\\Jobs\\NotifyParticipants->handle()
#20 /home/cainan/Documents/wirechat-app/vendor/laravel/framework/src/Illuminate/Container/Util.php(43): Illuminate\\Container\\BoundMethod::Illuminate\\Container\\{closure}()
#21 /home/cainan/Documents/wirechat-app/vendor/laravel/framework/src/Illuminate/Container/BoundMethod.php(95): Illuminate\\Container\\Util::unwrapIfClosure()
#22 /home/cainan/Documents/wirechat-app/vendor/laravel/framework/src/Illuminate/Container/BoundMethod.php(35): Illuminate\\Container\\BoundMethod::callBoundMethod()
#23 /home/cainan/Documents/wirechat-app/vendor/laravel/framework/src/Illuminate/Container/Container.php(694): Illuminate\\Container\\BoundMethod::call()
#24 /home/cainan/Documents/wirechat-app/vendor/laravel/framework/src/Illuminate/Bus/Dispatcher.php(126): Illuminate\\Container\\Container->call()
#25 /home/cainan/Documents/wirechat-app/vendor/laravel/framework/src/Illuminate/Pipeline/Pipeline.php(144): Illuminate\\Bus\\Dispatcher->Illuminate\\Bus\\{closure}()
#26 /home/cainan/Documents/wirechat-app/vendor/laravel/framework/src/Illuminate/Pipeline/Pipeline.php(119): Illuminate\\Pipeline\\Pipeline->Illuminate\\Pipeline\\{closure}()
#27 /home/cainan/Documents/wirechat-app/vendor/laravel/framework/src/Illuminate/Bus/Dispatcher.php(130): Illuminate\\Pipeline\\Pipeline->then()
#28 /home/cainan/Documents/wirechat-app/vendor/laravel/framework/src/Illuminate/Queue/CallQueuedHandler.php(124): Illuminate\\Bus\\Dispatcher->dispatchNow()
#29 /home/cainan/Documents/wirechat-app/vendor/laravel/framework/src/Illuminate/Pipeline/Pipeline.php(144): Illuminate\\Queue\\CallQueuedHandler->Illuminate\\Queue\\{closure}()
#30 /home/cainan/Documents/wirechat-app/vendor/laravel/framework/src/Illuminate/Pipeline/Pipeline.php(119): Illuminate\\Pipeline\\Pipeline->Illuminate\\Pipeline\\{closure}()
#31 /home/cainan/Documents/wirechat-app/vendor/laravel/framework/src/Illuminate/Queue/CallQueuedHandler.php(123): Illuminate\\Pipeline\\Pipeline->then()
#32 /home/cainan/Documents/wirechat-app/vendor/laravel/framework/src/Illuminate/Queue/CallQueuedHandler.php(71): Illuminate\\Queue\\CallQueuedHandler->dispatchThroughMiddleware()
#33 /home/cainan/Documents/wirechat-app/vendor/laravel/framework/src/Illuminate/Queue/Jobs/Job.php(102): Illuminate\\Queue\\CallQueuedHandler->call()
#34 /home/cainan/Documents/wirechat-app/vendor/laravel/framework/src/Illuminate/Queue/Worker.php(441): Illuminate\\Queue\\Jobs\\Job->fire()
#35 /home/cainan/Documents/wirechat-app/vendor/laravel/framework/src/Illuminate/Queue/Worker.php(391): Illuminate\\Queue\\Worker->process()
#36 /home/cainan/Documents/wirechat-app/vendor/laravel/framework/src/Illuminate/Queue/Worker.php(178): Illuminate\\Queue\\Worker->runJob()
#37 /home/cainan/Documents/wirechat-app/vendor/laravel/framework/src/Illuminate/Queue/Console/WorkCommand.php(148): Illuminate\\Queue\\Worker->daemon()
#38 /home/cainan/Documents/wirechat-app/vendor/laravel/framework/src/Illuminate/Queue/Console/WorkCommand.php(131): Illuminate\\Queue\\Console\\WorkCommand->runWorker()
#39 /home/cainan/Documents/wirechat-app/vendor/laravel/framework/src/Illuminate/Container/BoundMethod.php(36): Illuminate\\Queue\\Console\\WorkCommand->handle()
#40 /home/cainan/Documents/wirechat-app/vendor/laravel/framework/src/Illuminate/Container/Util.php(43): Illuminate\\Container\\BoundMethod::Illuminate\\Container\\{closure}()
#41 /home/cainan/Documents/wirechat-app/vendor/laravel/framework/src/Illuminate/Container/BoundMethod.php(95): Illuminate\\Container\\Util::unwrapIfClosure()
#42 /home/cainan/Documents/wirechat-app/vendor/laravel/framework/src/Illuminate/Container/BoundMethod.php(35): Illuminate\\Container\\BoundMethod::callBoundMethod()
#43 /home/cainan/Documents/wirechat-app/vendor/laravel/framework/src/Illuminate/Container/Container.php(694): Illuminate\\Container\\BoundMethod::call()
#44 /home/cainan/Documents/wirechat-app/vendor/laravel/framework/src/Illuminate/Console/Command.php(213): Illuminate\\Container\\Container->call()
#45 /home/cainan/Documents/wirechat-app/vendor/symfony/console/Command/Command.php(279): Illuminate\\Console\\Command->execute()
#46 /home/cainan/Documents/wirechat-app/vendor/laravel/framework/src/Illuminate/Console/Command.php(182): Symfony\\Component\\Console\\Command\\Command->run()
#47 /home/cainan/Documents/wirechat-app/vendor/symfony/console/Application.php(1094): Illuminate\\Console\\Command->run()
#48 /home/cainan/Documents/wirechat-app/vendor/symfony/console/Application.php(342): Symfony\\Component\\Console\\Application->doRunCommand()
#49 /home/cainan/Documents/wirechat-app/vendor/symfony/console/Application.php(193): Symfony\\Component\\Console\\Application->doRun()
#50 /home/cainan/Documents/wirechat-app/vendor/laravel/framework/src/Illuminate/Foundation/Console/Kernel.php(198): Symfony\\Component\\Console\\Application->run()
#51 /home/cainan/Documents/wirechat-app/vendor/laravel/framework/src/Illuminate/Foundation/Application.php(1205): Illuminate\\Foundation\\Console\\Kernel->handle()
#52 /home/cainan/Documents/wirechat-app/artisan(13): Illuminate\\Foundation\\Application->handleCommand()
#53 {main}
"} 
